{
"type": "FeatureCollection",
"features": [
{ "type": "Feature", "properties": { "DIDid": 720101, "行政コード": "07201", "市町村名称": "福島市", "DID符号": 1, "人口": 175495, "面積": 36.24, "前回人口": 170584, "前回面積": 36.04, "人口割合": 59.6, "面積割合": 4.7, "調査年度": 2015 }, "geometry": { "type": "Polygon", "coordinates": [ [ [ 140.49148554000001, 37.74182394 ], [ 140.49140026000001, 37.74170869 ], [ 140.49119586, 37.74138025 ], [ 140.49105241000001, 37.74103682 ], [ 140.49098282, 37.74076084 ], [ 140.49093179, 37.74051389 ], [ 140.49082589, 37.74027205 ], [ 140.49077649, 37.74020925 ], [ 140.49065409, 37.74017614 ], [ 140.49042807000001, 37.74015798 ], [ 140.49032427, 37.74015855 ], [ 140.49024066000001, 37.74018577 ], [ 140.49022742, 37.74025723 ], [ 140.49017586, 37.74069213 ], [ 140.49016365, 37.74107599 ], [ 140.49023372, 37.74155696 ], [ 140.49035172000001, 37.74197445 ], [ 140.49059596000001, 37.74186087 ], [ 140.49069999, 37.74185227 ], [ 140.49085445, 37.7418514 ], [ 140.49104926000001, 37.74185299 ], [ 140.49115662, 37.74184436 ], [ 140.49125371, 37.74181172 ], [ 140.49138117000001, 37.7417951 ], [ 140.49148554000001, 37.74182394 ] ] ] } },
{ "type": "Feature", "properties": { "DIDid": 720101, "行政コード": "07201", "市町村名称": "福島市", "DID符号": 1, "人口": 175495, "面積": 36.24, "前回人口": 170584, "前回面積": 36.04, "人口割合": 59.6, "面積割合": 4.7, "調査年度": 2015 }, "geometry": { "type": "Polygon", "coordinates": [ [ [ 140.49148554000001, 37.74182394 ], [ 140.49098697, 37.74220165 ], [ 140.4906737, 37.74247709 ], [ 140.48937299, 37.74353042 ], [ 140.48933412, 37.74374675 ], [ 140.48931651000001, 37.74384483 ], [ 140.48921701, 37.74449372 ], [ 140.48914528, 37.7450042 ], [ 140.48908529, 37.74514293 ], [ 140.48880508, 37.74579086 ], [ 140.48878259, 37.74598513 ], [ 140.48871441, 37.74621021 ], [ 140.48857844, 37.7465635 ], [ 140.48847785000001, 37.74666318 ], [ 140.48840094, 37.74666698 ], [ 140.48832271000001, 37.74664757 ], [ 140.48794204000001, 37.7465517 ], [ 140.48771451, 37.74654142 ], [ 140.48751092000001, 37.74650031 ], [ 140.48717466, 37.74647966 ], [ 140.4867222, 37.74581708 ], [ 140.48636053000001, 37.74527015 ], [ 140.48629637, 37.74507031 ], [ 140.48616481, 37.74429824 ], [ 140.48609065, 37.74407621 ], [ 140.48599465000001, 37.74395045 ], [ 140.4857913, 37.74376517 ], [ 140.48602785, 37.74368277 ], [ 140.48612719, 37.74364448 ], [ 140.48617671, 37.74361028 ], [ 140.48622354, 37.74353653 ], [ 140.48626304000001, 37.74344212 ], [ 140.48625999000001, 37.74336682 ], [ 140.486263, 37.74330175 ], [ 140.48624691000001, 37.74308897 ], [ 140.48621059000001, 37.74301188 ], [ 140.48617139000001, 37.74286891 ], [ 140.48611178, 37.74265186 ], [ 140.48605743, 37.74245407 ], [ 140.48600127, 37.74227727 ], [ 140.48594516, 37.74210047 ], [ 140.48590486000001, 37.74196793 ], [ 140.48588723, 37.741853 ], [ 140.48587018000001, 37.7418041 ], [ 140.48583903, 37.74176471 ], [ 140.48575043, 37.74167482 ], [ 140.48559289, 37.74156644 ], [ 140.48553875, 37.74161939 ], [ 140.48549164, 37.74165555 ], [ 140.48538286, 37.74169938 ], [ 140.48521954, 37.74174548 ], [ 140.48512501, 37.74178754 ], [ 140.48498328, 37.74185984 ], [ 140.48489381, 37.74193763 ], [ 140.48484401, 37.74196409 ], [ 140.484577, 37.74206032 ], [ 140.4845302, 37.74208043 ], [ 140.48448328000001, 37.74208294 ], [ 140.48446094, 37.74205674 ], [ 140.48441355, 37.74201082 ], [ 140.48436365000001, 37.74199139 ], [ 140.48429437, 37.74196544 ], [ 140.48423081000001, 37.7419658 ], [ 140.48410928000001, 37.74197083 ], [ 140.48397125, 37.74198483 ], [ 140.48385549, 37.74201616 ], [ 140.48376997, 37.74203409 ], [ 140.48370094000001, 37.74203672 ], [ 140.48367882, 37.74203685 ], [ 140.48365548000001, 37.74189225 ], [ 140.48260243, 37.74200872 ], [ 140.48233707, 37.74199934 ], [ 140.48203838000001, 37.74196368 ], [ 140.48202867000001, 37.74180562 ], [ 140.48200616, 37.74175535 ], [ 140.48196074000001, 37.74161959 ], [ 140.48189342000001, 37.74150367 ], [ 140.48183476, 37.74142938 ], [ 140.48171472000001, 37.74144862 ], [ 140.48156268, 37.74143637 ], [ 140.48126126, 37.74140733 ], [ 140.48100127000001, 37.74137807 ], [ 140.48062251, 37.74134932 ], [ 140.48047177000001, 37.74133382 ], [ 140.48044341, 37.74124837 ], [ 140.48039019000001, 37.74116743 ], [ 140.48036529000001, 37.74115884 ], [ 140.48027708000001, 37.7411834 ], [ 140.48020534, 37.74119477 ], [ 140.48012807000001, 37.74120843 ], [ 140.48007577000001, 37.74122843 ], [ 140.47998189, 37.74123331 ], [ 140.47990988000001, 37.741214 ], [ 140.47981375000001, 37.74112343 ], [ 140.47976381000001, 37.74109963 ], [ 140.47917256, 37.74110499 ], [ 140.47912142000001, 37.74125887 ], [ 140.47908074, 37.74134681 ], [ 140.47899618, 37.74147469 ], [ 140.47889247000001, 37.74161787 ], [ 140.47881943, 37.74165882 ], [ 140.47875741, 37.74168788 ], [ 140.47865847, 37.74171771 ], [ 140.47773337000001, 37.74193678 ], [ 140.47747157000001, 37.74201508 ], [ 140.47756508000001, 37.74228446 ], [ 140.47758471, 37.74231504 ], [ 140.47754892, 37.74233284 ], [ 140.47746627000001, 37.74235948 ], [ 140.47737262000001, 37.74239082 ], [ 140.47728316000001, 37.74242961 ], [ 140.47722256, 37.74245415 ], [ 140.47714258, 37.74247219 ], [ 140.47708466, 37.74248335 ], [ 140.47701296, 37.74249472 ], [ 140.47693578, 37.74251936 ], [ 140.47683928000001, 37.74254396 ], [ 140.47680892, 37.74254863 ], [ 140.47678129, 37.74254653 ], [ 140.47681765, 37.74259462 ], [ 140.47687058, 37.74264685 ], [ 140.47692107, 37.74273442 ], [ 140.47694633, 37.74278032 ], [ 140.47699663, 37.74284594 ], [ 140.47705239000001, 37.74290265 ], [ 140.47706954, 37.74296845 ], [ 140.47707865000001, 37.74306273 ], [ 140.47710311, 37.74317551 ], [ 140.47712009, 37.74322159 ], [ 140.47713139000001, 37.74325222 ], [ 140.47672061, 37.74335541 ], [ 140.47653853, 37.74275087 ], [ 140.4764563, 37.74250987 ], [ 140.47638199, 37.74262896 ], [ 140.47627884, 37.74275046 ], [ 140.47611003, 37.74282966 ], [ 140.47593119000001, 37.74287654 ], [ 140.47578789, 37.74298868 ], [ 140.47575234000001, 37.74304942 ], [ 140.47566097000001, 37.74314537 ], [ 140.47563578, 37.74320506 ], [ 140.47551521, 37.74324401 ], [ 140.47539359000001, 37.74328058 ], [ 140.47529468, 37.7433701 ], [ 140.47522656000001, 37.743412 ], [ 140.47516630000001, 37.74343471 ], [ 140.47508053000001, 37.74346531 ], [ 140.47498857, 37.74349129 ], [ 140.47494468, 37.74351688 ], [ 140.47490064, 37.74352359 ], [ 140.47482461000001, 37.74353668 ], [ 140.47478457, 37.74354013 ], [ 140.47473644, 37.74354039 ], [ 140.47469648000001, 37.74355328 ], [ 140.47466089, 37.74361078 ], [ 140.47462926, 37.74365882 ], [ 140.47460942000001, 37.74368117 ], [ 140.47457345000001, 37.74369404 ], [ 140.47454153000001, 37.74371336 ], [ 140.47452559000001, 37.74371978 ], [ 140.47446170000001, 37.74374885 ], [ 140.47439359000001, 37.74375556 ], [ 140.47430148000001, 37.74376563 ], [ 140.47418649, 37.74377907 ], [ 140.47413125, 37.74380866 ], [ 140.47405899, 37.74380666 ], [ 140.47397783, 37.74381667 ], [ 140.47391163, 37.74381942 ], [ 140.47382469, 37.74386284 ], [ 140.47372572, 37.74390406 ], [ 140.47364755000001, 37.74391167 ], [ 140.47354064000001, 37.74390619 ], [ 140.47333908, 37.7439194 ], [ 140.47315849, 37.74391785 ], [ 140.47293559, 37.74389752 ], [ 140.47281208000001, 37.74388397 ], [ 140.4727245, 37.74385333 ], [ 140.47262198000001, 37.74382756 ], [ 140.47245889000001, 37.74376396 ], [ 140.47235627000001, 37.74373101 ], [ 140.47228240000001, 37.74371832 ], [ 140.47214671, 37.74369033 ], [ 140.47195966000001, 37.74363869 ], [ 140.47179056, 37.74357513 ], [ 140.47172112000001, 37.74355171 ], [ 140.47160019, 37.74348775 ], [ 140.47133086, 37.74331477 ], [ 140.47127047000001, 37.74329116 ], [ 140.47119199, 37.74326765 ], [ 140.47110159, 37.74325392 ], [ 140.47101727, 37.74325185 ], [ 140.47093312000001, 37.74326441 ], [ 140.47085956000001, 37.74328747 ], [ 140.47082053, 37.74329951 ], [ 140.47076333000001, 37.74329757 ], [ 140.47070917, 37.74329786 ], [ 140.47066397, 37.74329332 ], [ 140.4706036, 37.74327211 ], [ 140.47054329, 37.74325807 ], [ 140.47048314, 37.74326318 ], [ 140.47042596, 37.74326349 ], [ 140.47036563, 37.74324707 ], [ 140.47029319000001, 37.74322352 ], [ 140.4702207, 37.74319533 ], [ 140.47013931000001, 37.74317902 ], [ 140.47006996, 37.74316504 ], [ 140.47000356000001, 37.74314386 ], [ 140.46991593000001, 37.74310139 ], [ 140.46982228, 37.74306599 ], [ 140.46972265, 37.74302584 ], [ 140.46965613, 37.74299044 ], [ 140.46962292000001, 37.74297865 ], [ 140.46959854, 37.74294767 ], [ 140.46955894000001, 37.74288805 ], [ 140.46951948, 37.74285011 ], [ 140.46946515, 37.74283125 ], [ 140.46942587000001, 37.74281472 ], [ 140.46940146, 37.74277909 ], [ 140.46938002, 37.74273373 ], [ 140.46930851, 37.74264443 ], [ 140.46927498, 37.74259449 ], [ 140.4691962, 37.74253043 ], [ 140.46913853000001, 37.74247809 ], [ 140.46909881, 37.74240425 ], [ 140.46907722, 37.74234707 ], [ 140.46906775, 37.74229207 ], [ 140.46903399000001, 37.7422158 ], [ 140.46902755, 37.74216797 ], [ 140.46901505, 37.74211552 ], [ 140.46898748000001, 37.74205823 ], [ 140.46896899000001, 37.74200582 ], [ 140.46895615, 37.74191493 ], [ 140.46884495, 37.74174856 ], [ 140.46897997, 37.74149146 ], [ 140.46935884000001, 37.7407162 ], [ 140.46950945, 37.74042184 ], [ 140.46863115, 37.73992115 ], [ 140.46854758000001, 37.74002226 ], [ 140.46834538, 37.7402282 ], [ 140.46808467, 37.74055412 ], [ 140.46799503, 37.74065513 ], [ 140.46779816, 37.74020355 ], [ 140.46746304000001, 37.73945566 ], [ 140.46714501, 37.73876638 ], [ 140.46702661, 37.73845784 ], [ 140.46804362, 37.73835325 ], [ 140.46794488, 37.73848908 ], [ 140.46806412000001, 37.73850632 ], [ 140.46823018000001, 37.73852697 ], [ 140.46840539, 37.73855953 ], [ 140.46844789, 37.73859056 ], [ 140.46845435, 37.73864078 ], [ 140.46850614, 37.73870034 ], [ 140.46932602000001, 37.7390569 ], [ 140.46949166, 37.73884707 ], [ 140.47010361, 37.73805859 ], [ 140.47034158, 37.73772926 ], [ 140.47106714, 37.73792047 ], [ 140.47168381, 37.73808664 ], [ 140.47160606, 37.73820335 ], [ 140.47129369000001, 37.73865712 ], [ 140.47099812, 37.73910136 ], [ 140.47088421000001, 37.73929162 ], [ 140.47079375000001, 37.73936433 ], [ 140.47062289, 37.73950337 ], [ 140.47013916, 37.7398374 ], [ 140.46996150000001, 37.73994874 ], [ 140.47029398000001, 37.74004986 ], [ 140.47056537, 37.7401392 ], [ 140.47090542000001, 37.74023422 ], [ 140.4711118, 37.74029364 ], [ 140.47143261, 37.74036765 ], [ 140.47164447, 37.74040424 ], [ 140.47188851000001, 37.74041516 ], [ 140.47216301, 37.74041663 ], [ 140.47261856, 37.74020227 ], [ 140.47326322000001, 37.73981131 ], [ 140.47338716, 37.73981824 ], [ 140.47348239, 37.73981153 ], [ 140.47357013000001, 37.73982021 ], [ 140.47365814, 37.73985915 ], [ 140.47376157, 37.73991912 ], [ 140.47385383, 37.74000943 ], [ 140.4739961, 37.74015395 ], [ 140.47412668000001, 37.74026826 ], [ 140.47418026, 37.74029219 ], [ 140.47440217, 37.74038474 ], [ 140.47475857000001, 37.7406068 ], [ 140.47492709, 37.74069979 ], [ 140.4750249, 37.74077035 ], [ 140.47514016, 37.74087574 ], [ 140.47528246, 37.74102321 ], [ 140.47540213, 37.74118221 ], [ 140.47545883000001, 37.74117219 ], [ 140.47548601, 37.74117458 ], [ 140.47550468, 37.74116011 ], [ 140.47554782, 37.74093053 ], [ 140.47556384000001, 37.74083006 ], [ 140.47557161, 37.74075498 ], [ 140.47558139, 37.74059935 ], [ 140.47558419000001, 37.74055471 ], [ 140.47561601000001, 37.7403335 ], [ 140.47563075, 37.74018263 ], [ 140.47561968, 37.74007147 ], [ 140.47560026, 37.73997246 ], [ 140.47555227000001, 37.73988177 ], [ 140.47547136, 37.73959754 ], [ 140.47539543, 37.73930398 ], [ 140.47534581, 37.73912137 ], [ 140.4753235, 37.73907869 ], [ 140.47530145, 37.7390653 ], [ 140.47522541000001, 37.73904699 ], [ 140.47512739000001, 37.7390288 ], [ 140.47497355, 37.7389867 ], [ 140.47481615000001, 37.73892321 ], [ 140.47473991000001, 37.73888618 ], [ 140.47464266, 37.7388539 ], [ 140.47451594, 37.73882784 ], [ 140.47421890000001, 37.73854972 ], [ 140.47387145, 37.73821414 ], [ 140.47380267, 37.73812131 ], [ 140.4737616, 37.73801594 ], [ 140.47372295, 37.73783467 ], [ 140.47354424, 37.7370782 ], [ 140.47343381, 37.73655521 ], [ 140.47334263, 37.73612672 ], [ 140.47385447, 37.73580167 ], [ 140.47434608, 37.73549728 ], [ 140.47452418, 37.73538749 ], [ 140.47461948, 37.73532699 ], [ 140.47465103, 37.73528543 ], [ 140.47470768, 37.735225 ], [ 140.47509391, 37.73498257 ], [ 140.47529712, 37.73486067 ], [ 140.47554736000001, 37.73464305 ], [ 140.47580865, 37.73443129 ], [ 140.47589034000001, 37.73435608 ], [ 140.47596065, 37.73432233 ], [ 140.47599593000001, 37.7343182 ], [ 140.47605474, 37.73431788 ], [ 140.47613548000001, 37.73432138 ], [ 140.47619086, 37.7343091 ], [ 140.47631151, 37.73426565 ], [ 140.47643797000001, 37.73421624 ], [ 140.47651996, 37.73417046 ], [ 140.47658506, 37.73411928 ], [ 140.47659991, 37.73408316 ], [ 140.47659617, 37.73404052 ], [ 140.47656487, 37.73392186 ], [ 140.4765372, 37.73383262 ], [ 140.47653086, 37.73378112 ], [ 140.47655568, 37.73373565 ], [ 140.47686612000001, 37.73347364 ], [ 140.47721231, 37.73317468 ], [ 140.47726567000001, 37.7331237 ], [ 140.47728402000001, 37.73310882 ], [ 140.47732747000001, 37.73308057 ], [ 140.47737439, 37.7330637 ], [ 140.47732385, 37.73305651 ], [ 140.47728765, 37.73303179 ], [ 140.47722214000001, 37.73295964 ], [ 140.47715086, 37.73291146 ], [ 140.47703858, 37.73284239 ], [ 140.47701057, 37.7328217 ], [ 140.47694129000001, 37.73275901 ], [ 140.47679662, 37.73265421 ], [ 140.47669974, 37.73261222 ], [ 140.47656775, 37.73272881 ], [ 140.47644276, 37.73283387 ], [ 140.47628226, 37.73284266 ], [ 140.47623328, 37.73305296 ], [ 140.47556251, 37.73269403 ], [ 140.47549882000001, 37.73254937 ], [ 140.47501919000001, 37.73246315 ], [ 140.47509464000001, 37.73226535 ], [ 140.47511166000001, 37.7321836 ], [ 140.47513634000001, 37.73175801 ], [ 140.47516576000001, 37.7308492 ], [ 140.47518583, 37.73029973 ], [ 140.47521618, 37.72936994 ], [ 140.47521951, 37.72926827 ], [ 140.47523175000001, 37.72883852 ], [ 140.47527119, 37.72827346 ], [ 140.47381010000001, 37.72852513 ], [ 140.4738793, 37.72904243 ], [ 140.47232198, 37.72913946 ], [ 140.47235764000001, 37.7290355 ], [ 140.47241687, 37.72874445 ], [ 140.47254034, 37.72813783 ], [ 140.47262897, 37.72737019 ], [ 140.47261091, 37.72685177 ], [ 140.47256719000001, 37.72659564 ], [ 140.47125874, 37.72664694 ], [ 140.4711888, 37.72664014 ], [ 140.4704473, 37.7266647 ], [ 140.47011354, 37.72666102 ], [ 140.47011156, 37.72642915 ], [ 140.47016275, 37.72626429 ], [ 140.47028085, 37.72603769 ], [ 140.47040319000001, 37.72572617 ], [ 140.47043733000001, 37.72549087 ], [ 140.47044268, 37.72534977 ], [ 140.47048242, 37.72499689 ], [ 140.47050674, 37.72457228 ], [ 140.47047573, 37.72440787 ], [ 140.46973995, 37.72451377 ], [ 140.46893513000001, 37.7246199 ], [ 140.46839940000001, 37.72469276 ], [ 140.46818466, 37.72370573 ], [ 140.46861964, 37.72364552 ], [ 140.4685021, 37.72305696 ], [ 140.46820108, 37.72305435 ], [ 140.46794834, 37.72306134 ], [ 140.46780232, 37.72304946 ], [ 140.46768216000001, 37.72301984 ], [ 140.46756196000001, 37.72298557 ], [ 140.46739962000001, 37.72292928 ], [ 140.46718721, 37.72286383 ], [ 140.46671308000001, 37.72269251 ], [ 140.46635645000001, 37.72284126 ], [ 140.46558373, 37.7231305 ], [ 140.46538681000001, 37.72232287 ], [ 140.46505164000001, 37.72233241 ], [ 140.46455103, 37.72211941 ], [ 140.46475453, 37.72197626 ], [ 140.46511461, 37.72169065 ], [ 140.46512211000001, 37.72163556 ], [ 140.4650399, 37.72165501 ], [ 140.46492263, 37.72168323 ], [ 140.46487628, 37.72156282 ], [ 140.4651202, 37.7214938 ], [ 140.46514207000001, 37.72078256 ], [ 140.46521970000001, 37.72076088 ], [ 140.46525655, 37.72074956 ], [ 140.46529909, 37.72073385 ], [ 140.46541362, 37.72068002 ], [ 140.4648461, 37.72068587 ], [ 140.46469905000001, 37.72078662 ], [ 140.46464089, 37.72082044 ], [ 140.46456978000001, 37.72083673 ], [ 140.46451314000001, 37.72082971 ], [ 140.46432822, 37.72077551 ], [ 140.46398895, 37.72092896 ], [ 140.46389436000001, 37.72097156 ], [ 140.46382569, 37.72105612 ], [ 140.46378814, 37.72093876 ], [ 140.46377896000001, 37.72071833 ], [ 140.46379713, 37.72059857 ], [ 140.46382757000001, 37.72045776 ], [ 140.46383211, 37.72041282 ], [ 140.46341171, 37.72037297 ], [ 140.46267069000001, 37.72030653 ], [ 140.46261144, 37.72032065 ], [ 140.46233211000001, 37.72033073 ], [ 140.46212643000001, 37.72041517 ], [ 140.46121152000001, 37.72029981 ], [ 140.46116964000001, 37.72031454 ], [ 140.46094103, 37.72070602 ], [ 140.46085251, 37.72081814 ], [ 140.46080897, 37.72085159 ], [ 140.45999111, 37.72109979 ], [ 140.45964312000001, 37.72098126 ], [ 140.45961379, 37.72096537 ], [ 140.45951926000001, 37.72080058 ], [ 140.45971624000001, 37.72054021 ], [ 140.45944186, 37.72035963 ], [ 140.45864777, 37.71972072 ], [ 140.45873151000001, 37.71916093 ], [ 140.45877052, 37.71871513 ], [ 140.45875414, 37.71823696 ], [ 140.45852129, 37.7178768 ], [ 140.45851294, 37.71786389 ], [ 140.45832289000001, 37.71762556 ], [ 140.45802363000001, 37.71737092 ], [ 140.45769107000001, 37.71714615 ], [ 140.45752678, 37.71703509 ], [ 140.45739555, 37.71757007 ], [ 140.45709026, 37.71750143 ], [ 140.45689365000001, 37.71767451 ], [ 140.45676981, 37.71780103 ], [ 140.45620648, 37.71730407 ], [ 140.45576555, 37.7170475 ], [ 140.45547163000001, 37.71687954 ], [ 140.45521181000001, 37.71678405 ], [ 140.45513745, 37.71699998 ], [ 140.45506704, 37.71732937 ], [ 140.45504270000001, 37.71751224 ], [ 140.45502263, 37.71766735 ], [ 140.45500362000001, 37.71794339 ], [ 140.45495142, 37.71826072 ], [ 140.45475528, 37.71827344 ], [ 140.45461274, 37.7182794 ], [ 140.45445284, 37.71831149 ], [ 140.45442022, 37.71818341 ], [ 140.45435494, 37.71803269 ], [ 140.45408588000001, 37.71747758 ], [ 140.45384338, 37.71699906 ], [ 140.45354917, 37.71642859 ], [ 140.4530555, 37.716541 ], [ 140.4528116, 37.71644654 ], [ 140.45261246000001, 37.71637382 ], [ 140.45242641, 37.71632017 ], [ 140.45209715, 37.71622321 ], [ 140.45172045000001, 37.71622814 ], [ 140.45133435, 37.71621693 ], [ 140.45113206, 37.71621939 ], [ 140.45101146, 37.71622003 ], [ 140.45080542, 37.71621378 ], [ 140.45072358, 37.71619211 ], [ 140.45057254, 37.71614883 ], [ 140.45053291, 37.71621071 ], [ 140.45044961, 37.7163394 ], [ 140.45032374, 37.71652237 ], [ 140.45027147, 37.71659895 ], [ 140.45025434, 37.71662283 ], [ 140.45024792000001, 37.71662836 ], [ 140.45021233, 37.71663741 ], [ 140.45015451, 37.71665419 ], [ 140.45007274, 37.71667784 ], [ 140.45002363, 37.7166919 ], [ 140.44997917000001, 37.71671085 ], [ 140.44989294000001, 37.71679014 ], [ 140.44978567000001, 37.71695092 ], [ 140.44961538000001, 37.71721705 ], [ 140.44956512, 37.71729559 ], [ 140.44946238, 37.7175173 ], [ 140.44924991, 37.71782715 ], [ 140.44920740000001, 37.71789973 ], [ 140.44912548, 37.71803982 ], [ 140.44907852, 37.71811553 ], [ 140.44905222, 37.71818803 ], [ 140.44904857, 37.71824549 ], [ 140.44906873, 37.71830367 ], [ 140.44912321000001, 37.71838729 ], [ 140.44933599000001, 37.71860806 ], [ 140.44950084000001, 37.71877642 ], [ 140.44956863, 37.7188459 ], [ 140.44930045000001, 37.7189343 ], [ 140.44887779000001, 37.71909095 ], [ 140.44878281000001, 37.71912608 ], [ 140.44824978, 37.71931004 ], [ 140.44713939, 37.71970312 ], [ 140.44749934000001, 37.72034818 ], [ 140.44796344, 37.72116544 ], [ 140.44796461000001, 37.72116755 ], [ 140.44823024, 37.72163161 ], [ 140.44867907, 37.72247105 ], [ 140.44924855, 37.72349458 ], [ 140.44888471, 37.7236284 ], [ 140.44825508, 37.72385244 ], [ 140.44754584, 37.7240997 ], [ 140.44691193, 37.72432207 ], [ 140.44648766, 37.72447816 ], [ 140.44630987, 37.72454681 ], [ 140.44399705000001, 37.72535022 ], [ 140.44300761, 37.7257093 ], [ 140.44215826000001, 37.72601344 ], [ 140.44091114, 37.72646042 ], [ 140.44061578, 37.72594919 ], [ 140.44037824, 37.72553453 ], [ 140.44006806, 37.7256534 ], [ 140.43987447000001, 37.72571325 ], [ 140.43977004000001, 37.72575293 ], [ 140.43964094, 37.72578781 ], [ 140.439621, 37.72541975 ], [ 140.43959264, 37.72477987 ], [ 140.43957995, 37.72397983 ], [ 140.43958433, 37.72376201 ], [ 140.43893091000001, 37.72372131 ], [ 140.4388352, 37.7236997 ], [ 140.43870872, 37.72367586 ], [ 140.43853317, 37.72368169 ], [ 140.43832673, 37.72368275 ], [ 140.43821277000001, 37.72368334 ], [ 140.43779082, 37.72370607 ], [ 140.43663803000001, 37.72380265 ], [ 140.43539574, 37.72391588 ], [ 140.43553420000001, 37.72465825 ], [ 140.43571829000001, 37.72574194 ], [ 140.4355209, 37.72577688 ], [ 140.43574947, 37.72682162 ], [ 140.43584536, 37.7273343 ], [ 140.43578466, 37.72738966 ], [ 140.43579838, 37.72757417 ], [ 140.43579055000001, 37.72761306 ], [ 140.43571990000001, 37.72769916 ], [ 140.43556739, 37.72774373 ], [ 140.43546251000001, 37.72787703 ], [ 140.4352596, 37.72824229 ], [ 140.43642048000001, 37.72812948 ], [ 140.4364774, 37.72871572 ], [ 140.4366011, 37.7287286 ], [ 140.43664437000001, 37.72918876 ], [ 140.43670026000001, 37.72918481 ], [ 140.43673921000001, 37.72953856 ], [ 140.43668161, 37.72952872 ], [ 140.43672299, 37.7297732 ], [ 140.43643795, 37.72990249 ], [ 140.4363141, 37.72998 ], [ 140.43643503000001, 37.73003908 ], [ 140.43661508, 37.73010531 ], [ 140.43671025, 37.73013058 ], [ 140.43677114, 37.73014083 ], [ 140.43689744, 37.73014751 ], [ 140.43705499000001, 37.730155 ], [ 140.43716511, 37.73016556 ], [ 140.43716448000001, 37.7303003 ], [ 140.43716044000001, 37.73037578 ], [ 140.43714699, 37.7306449 ], [ 140.43713411, 37.73076717 ], [ 140.43709915, 37.73095277 ], [ 140.43707833, 37.73110099 ], [ 140.43705002, 37.73131922 ], [ 140.43726050000001, 37.73128406 ], [ 140.43753507, 37.73122423 ], [ 140.43806121, 37.73119069 ], [ 140.43820942, 37.73118768 ], [ 140.43818208, 37.73102999 ], [ 140.43843542, 37.73099659 ], [ 140.43838831, 37.73080564 ], [ 140.4389982, 37.73102185 ], [ 140.43907306, 37.73103456 ], [ 140.43916682, 37.73103816 ], [ 140.43955697000001, 37.73102799 ], [ 140.43960638, 37.7311788 ], [ 140.44020851, 37.73106292 ], [ 140.44106269, 37.73094067 ], [ 140.44121026, 37.73147632 ], [ 140.44130678, 37.73196788 ], [ 140.44142491, 37.73246848 ], [ 140.44210322000001, 37.7323587 ], [ 140.44277372, 37.73225017 ], [ 140.44260376, 37.73284279 ], [ 140.44384739, 37.73263783 ], [ 140.44392941000001, 37.73262558 ], [ 140.44490976, 37.73247984 ], [ 140.44503756, 37.73298982 ], [ 140.44516468, 37.73349699 ], [ 140.44517209, 37.73352497 ], [ 140.4452284, 37.73373769 ], [ 140.44529879000001, 37.73400384 ], [ 140.44531079000001, 37.73405009 ], [ 140.44543072, 37.73451337 ], [ 140.44543802000001, 37.73454403 ], [ 140.44549361, 37.73477731 ], [ 140.44555839, 37.73504912 ], [ 140.44556461, 37.73507245 ], [ 140.44568121, 37.73551238 ], [ 140.44569357, 37.73556089 ], [ 140.44569745000001, 37.73557368 ], [ 140.44570111, 37.73558844 ], [ 140.44590334, 37.73640523 ], [ 140.44603488000001, 37.73693645 ], [ 140.44604097000001, 37.7369605 ], [ 140.44805460000001, 37.7366932 ], [ 140.44829237, 37.73762962 ], [ 140.44821848000001, 37.73763409 ], [ 140.44701681000001, 37.7376978 ], [ 140.44623738000001, 37.73773142 ], [ 140.44648874000001, 37.73875365 ], [ 140.44649319000001, 37.73877193 ], [ 140.44655871000001, 37.73904261 ], [ 140.44660905000001, 37.73925043 ], [ 140.44663084000001, 37.73924835 ], [ 140.44666309, 37.73925761 ], [ 140.44669939, 37.73927347 ], [ 140.44704075000001, 37.73922693 ], [ 140.44703556, 37.73956865 ], [ 140.44749839, 37.73986161 ], [ 140.44755446, 37.7398357 ], [ 140.44764688000001, 37.73983212 ], [ 140.44772734, 37.73983479 ], [ 140.44780792, 37.73985676 ], [ 140.44787656, 37.7398916 ], [ 140.44794534, 37.73994544 ], [ 140.44794873000001, 37.74010818 ], [ 140.44693487000001, 37.74015415 ], [ 140.44511358, 37.74028922 ], [ 140.4450171, 37.7403649 ], [ 140.44483753, 37.74038287 ], [ 140.44487667000001, 37.74053458 ], [ 140.44453139000001, 37.74068772 ], [ 140.44435389, 37.74077382 ], [ 140.44425461, 37.74077433 ], [ 140.44419742, 37.74071831 ], [ 140.44416952, 37.74077477 ], [ 140.44411326, 37.74083138 ], [ 140.44394134000001, 37.74086902 ], [ 140.4439524, 37.74117968 ], [ 140.44371732, 37.74114176 ], [ 140.44322210000001, 37.74108999 ], [ 140.44303107, 37.74107845 ], [ 140.44292918, 37.74107391 ], [ 140.44281781000001, 37.74107448 ], [ 140.44267462, 37.74107522 ], [ 140.44260142, 37.74107307 ], [ 140.44247062, 37.7410332 ], [ 140.44235581000001, 37.74099845 ], [ 140.44226612, 37.74093064 ], [ 140.44222995000001, 37.7407844 ], [ 140.44220362, 37.74068092 ], [ 140.44205038000001, 37.7406185 ], [ 140.44194974000001, 37.74057228 ], [ 140.44183162, 37.74052234 ], [ 140.44173278, 37.74050005 ], [ 140.44160848000001, 37.74047549 ], [ 140.44147469000001, 37.7404559 ], [ 140.44140127, 37.74043108 ], [ 140.44129622, 37.74042402 ], [ 140.44110602000001, 37.74051342 ], [ 140.44102349, 37.74053919 ], [ 140.4409475, 37.74058505 ], [ 140.44084738000001, 37.7406019 ], [ 140.44076491000001, 37.74063021 ], [ 140.44066966, 37.7406559 ], [ 140.44060921, 37.74065621 ], [ 140.44054319, 37.74067007 ], [ 140.44040428, 37.74064643 ], [ 140.44026819000001, 37.7405949 ], [ 140.44028372, 37.74132256 ], [ 140.43999107, 37.7414153 ], [ 140.44011117, 37.74161446 ], [ 140.44016423, 37.74176708 ], [ 140.44020926, 37.7418433 ], [ 140.44014332, 37.74285746 ], [ 140.44058275, 37.74288208 ], [ 140.44119604, 37.74290947 ], [ 140.44132976, 37.7444997 ], [ 140.44135795, 37.74499794 ], [ 140.44135085, 37.74530462 ], [ 140.43989549, 37.74535845 ], [ 140.43983355, 37.74600822 ], [ 140.43975702, 37.7469167 ], [ 140.43975362, 37.74707032 ], [ 140.43969861, 37.74780875 ], [ 140.43759067, 37.74780608 ], [ 140.43733734, 37.74780893 ], [ 140.43727132000001, 37.74809549 ], [ 140.43721707, 37.748303 ], [ 140.43714660000001, 37.74861549 ], [ 140.43708529, 37.74909927 ], [ 140.43705901000001, 37.74968917 ], [ 140.43754397000001, 37.74974229 ], [ 140.43816999000001, 37.74981355 ], [ 140.43897985000001, 37.74989246 ], [ 140.43923674000001, 37.74991071 ], [ 140.43927651000001, 37.75103709 ], [ 140.43931594, 37.75122427 ], [ 140.43956946, 37.75215428 ], [ 140.43976605, 37.75226252 ], [ 140.44088002000001, 37.75225397 ], [ 140.44296856, 37.75223206 ], [ 140.44296862, 37.75223938 ], [ 140.44508336000001, 37.75221785 ], [ 140.44684249, 37.75222053 ], [ 140.44685876, 37.75364326 ], [ 140.44686824, 37.75415117 ], [ 140.44675161000001, 37.75418909 ], [ 140.44634301, 37.75431483 ], [ 140.44549267, 37.75453325 ], [ 140.44498612000001, 37.75464584 ], [ 140.44465776000001, 37.75471892 ], [ 140.44394368, 37.75484609 ], [ 140.44303912000001, 37.75498861 ], [ 140.44262787, 37.75505339 ], [ 140.44198179, 37.75514162 ], [ 140.44183513, 37.75516167 ], [ 140.44168992, 37.75517973 ], [ 140.44082557, 37.75528711 ], [ 140.44044334, 37.75532751 ], [ 140.44019853, 37.75534088 ], [ 140.43995674000001, 37.75531763 ], [ 140.43970094, 37.75528826 ], [ 140.43964464000001, 37.75640612 ], [ 140.43963153000001, 37.75683123 ], [ 140.43972811, 37.75684523 ], [ 140.43964977, 37.75692589 ], [ 140.43960083, 37.75696415 ], [ 140.43950588000001, 37.75698041 ], [ 140.43938313000001, 37.75698104 ], [ 140.43906248, 37.75700155 ], [ 140.43886311, 37.75699512 ], [ 140.43867345000001, 37.75698201 ], [ 140.43853146000001, 37.75696655 ], [ 140.43827327, 37.75689973 ], [ 140.43808887, 37.75684141 ], [ 140.43784205, 37.75668556 ], [ 140.43772249, 37.75659804 ], [ 140.43766263000001, 37.75654175 ], [ 140.43761083000001, 37.75650118 ], [ 140.43753721, 37.75649677 ], [ 140.43749058, 37.75652418 ], [ 140.43743327000001, 37.75658065 ], [ 140.43737381, 37.75681833 ], [ 140.43723439, 37.75696532 ], [ 140.43655344000001, 37.75692911 ], [ 140.43636895, 37.75691935 ], [ 140.43583174, 37.7568907 ], [ 140.43522902000001, 37.75683676 ], [ 140.43494494000001, 37.7569393 ], [ 140.43475142, 37.75700322 ], [ 140.43455769, 37.75707249 ], [ 140.43440204000001, 37.75712763 ], [ 140.43431442, 37.7571513 ], [ 140.43421682, 37.75714786 ], [ 140.43408007, 37.75713307 ], [ 140.43399795, 37.75711505 ], [ 140.43389869000001, 37.75714709 ], [ 140.43376687, 37.75718788 ], [ 140.43339507, 37.75735942 ], [ 140.43313951, 37.7574811 ], [ 140.43305587, 37.75747702 ], [ 140.43301961, 37.75827955 ], [ 140.43194748, 37.75837144 ], [ 140.43182629, 37.75732277 ], [ 140.43174779, 37.75723052 ], [ 140.43168495, 37.7571506 ], [ 140.43153789, 37.75698929 ], [ 140.43140037000001, 37.75680795 ], [ 140.43130696, 37.75679604 ], [ 140.43121991000001, 37.75684744 ], [ 140.43115156, 37.756931 ], [ 140.43111448, 37.75702847 ], [ 140.43111665000001, 37.75729694 ], [ 140.43105895, 37.75737129 ], [ 140.43068208, 37.75739797 ], [ 140.43063657, 37.75705257 ], [ 140.42987957, 37.75717987 ], [ 140.4298245, 37.75710117 ], [ 140.42979344, 37.75710316 ], [ 140.42986038000001, 37.75720771 ], [ 140.43014934000001, 37.75785429 ], [ 140.43018595000001, 37.75805783 ], [ 140.43018567, 37.75850849 ], [ 140.42974264, 37.75852312 ], [ 140.42932676000001, 37.75852818 ], [ 140.42826671, 37.75843638 ], [ 140.42704218, 37.75831514 ], [ 140.42703595, 37.75843513 ], [ 140.4268433, 37.75854281 ], [ 140.42663059, 37.75871381 ], [ 140.42642646, 37.75883873 ], [ 140.42628879, 37.75891376 ], [ 140.42620931, 37.75900975 ], [ 140.42617430000001, 37.75909497 ], [ 140.4259655, 37.75919513 ], [ 140.4252526, 37.75928023 ], [ 140.42534761, 37.75973111 ], [ 140.42627005, 37.75988684 ], [ 140.42716799, 37.7597176 ], [ 140.42722039, 37.76023881 ], [ 140.42727667, 37.76080239 ], [ 140.42660813000001, 37.76090261 ], [ 140.42663615000001, 37.76102538 ], [ 140.42668367, 37.76116325 ], [ 140.42673139, 37.7613259 ], [ 140.42675159000001, 37.76143027 ], [ 140.42675196, 37.7614763 ], [ 140.42669047000001, 37.7615256 ], [ 140.42661755, 37.76159975 ], [ 140.42660257, 37.7616612 ], [ 140.42660707, 37.76174115 ], [ 140.42665495, 37.76192506 ], [ 140.42667509, 37.76202633 ], [ 140.42666976000001, 37.76232426 ], [ 140.42670009, 37.76249151 ], [ 140.42675903, 37.76260483 ], [ 140.4268219, 37.76272742 ], [ 140.42688462000001, 37.76287479 ], [ 140.42587557, 37.76301615 ], [ 140.42445437000001, 37.76321081 ], [ 140.42495399000001, 37.76515301 ], [ 140.42483613, 37.76522372 ], [ 140.424663, 37.76533074 ], [ 140.42456529, 37.76538079 ], [ 140.42440058, 37.76542061 ], [ 140.42422688, 37.76544978 ], [ 140.42402613, 37.76544375 ], [ 140.42386887000001, 37.76473637 ], [ 140.42315155, 37.76483555 ], [ 140.42282854000001, 37.76487786 ], [ 140.42266353, 37.76487868 ], [ 140.42242804, 37.76485423 ], [ 140.42211545000001, 37.76480624 ], [ 140.42179713, 37.76479712 ], [ 140.42173439000001, 37.76456204 ], [ 140.42162348, 37.76421639 ], [ 140.42057624, 37.76446517 ], [ 140.42071018, 37.76476889 ], [ 140.42079487000001, 37.76475791 ], [ 140.42102472, 37.76520208 ], [ 140.42089368000001, 37.76526637 ], [ 140.42076914, 37.76531134 ], [ 140.42070019, 37.76533815 ], [ 140.42062367, 37.76538457 ], [ 140.42035719, 37.765534 ], [ 140.42004129, 37.76563497 ], [ 140.41998995, 37.76566254 ], [ 140.41996571000001, 37.76570363 ], [ 140.41997473000001, 37.76591406 ], [ 140.41998059, 37.76603286 ], [ 140.41994316, 37.76611006 ], [ 140.41990428, 37.76616093 ], [ 140.41990494000001, 37.76624484 ], [ 140.41987823, 37.76628777 ], [ 140.41981007000001, 37.76635836 ], [ 140.41965367, 37.76645065 ], [ 140.41946528, 37.76654127 ], [ 140.41924033000001, 37.76665544 ], [ 140.41929787000001, 37.76673371 ], [ 140.41944481, 37.76691981 ], [ 140.41758917000001, 37.76721537 ], [ 140.41764584000001, 37.76746485 ], [ 140.41767064000001, 37.76757313 ], [ 140.41771925, 37.76767074 ], [ 140.41781913, 37.76776514 ], [ 140.4178643, 37.76785994 ], [ 140.41806595, 37.76828779 ], [ 140.41809021, 37.76832821 ], [ 140.41808535000001, 37.768578 ], [ 140.41808414, 37.76864445 ], [ 140.41849944000001, 37.76863564 ], [ 140.41881042, 37.76862326 ], [ 140.41908705, 37.76858936 ], [ 140.41951710000001, 37.76850036 ], [ 140.41983102, 37.76842278 ], [ 140.42023707000001, 37.76830968 ], [ 140.4203336, 37.76842845 ], [ 140.42092967, 37.76924459 ], [ 140.42048014, 37.76945491 ], [ 140.42006806000001, 37.76965223 ], [ 140.42037022, 37.77003748 ], [ 140.42014565, 37.77017432 ], [ 140.42020135000001, 37.77029878 ], [ 140.42035379000001, 37.77055046 ], [ 140.42049654, 37.77087808 ], [ 140.42057148000001, 37.7710582 ], [ 140.42058228, 37.77112868 ], [ 140.42056310000001, 37.77129983 ], [ 140.42051998, 37.77146562 ], [ 140.42047293, 37.77157173 ], [ 140.42042578, 37.77165869 ], [ 140.42031085, 37.77182201 ], [ 140.42017231, 37.77203178 ], [ 140.41992708000001, 37.7723654 ], [ 140.41972378, 37.77259717 ], [ 140.41957469, 37.77276334 ], [ 140.41936953000001, 37.77297737 ], [ 140.41920682, 37.77315459 ], [ 140.41906754, 37.77326665 ], [ 140.41899107, 37.77332532 ], [ 140.41894748000001, 37.77343141 ], [ 140.41892203, 37.77367299 ], [ 140.41886269, 37.7739529 ], [ 140.4187685, 37.77414329 ], [ 140.41857991000001, 37.77428938 ], [ 140.41846526, 37.77437611 ], [ 140.41840655, 37.77442047 ], [ 140.41824633, 37.77448096 ], [ 140.41800431, 37.77457171 ], [ 140.41768396000001, 37.77469818 ], [ 140.41790511, 37.77539892 ], [ 140.41816403000001, 37.77535878 ], [ 140.41836543, 37.77533075 ], [ 140.41862339, 37.77529357 ], [ 140.4187954, 37.77527117 ], [ 140.41903481, 37.77517636 ], [ 140.41921538, 37.77509282 ], [ 140.41944773, 37.77496396 ], [ 140.4197501, 37.77481139 ], [ 140.42014252000001, 37.77458643 ], [ 140.42024951, 37.77493844 ], [ 140.42055292000001, 37.7749189 ], [ 140.42077445000001, 37.7748567 ], [ 140.42085156, 37.77486716 ], [ 140.42089819, 37.77503235 ], [ 140.42096733, 37.77517942 ], [ 140.42108935, 37.77542519 ], [ 140.42121704, 37.77552888 ], [ 140.42140432, 37.7757221 ], [ 140.42156908000001, 37.77592626 ], [ 140.4216188, 37.77591165 ], [ 140.4217474, 37.7761305 ], [ 140.42177478, 37.77615543 ], [ 140.42209581, 37.77606386 ], [ 140.42260604000001, 37.77584196 ], [ 140.42306646, 37.7756203 ], [ 140.42326863, 37.77540346 ], [ 140.42354841, 37.77526183 ], [ 140.42355303, 37.77498304 ], [ 140.42439356, 37.7747019 ], [ 140.42449756, 37.77467617 ], [ 140.42461094000001, 37.77468645 ], [ 140.42501334, 37.7745801 ], [ 140.42513980000001, 37.77452906 ], [ 140.42526141, 37.77443863 ], [ 140.42538435, 37.77451348 ], [ 140.4254923, 37.77441593 ], [ 140.42566364000001, 37.77431074 ], [ 140.42580789, 37.77421639 ], [ 140.42589359, 37.7741657 ], [ 140.42608295, 37.77406211 ], [ 140.42608666000001, 37.77404379 ], [ 140.42651824000001, 37.77386577 ], [ 140.42618445, 37.77354054 ], [ 140.42629455, 37.77347381 ], [ 140.42654372000001, 37.77333698 ], [ 140.42676647, 37.77324096 ], [ 140.42692423, 37.77323412 ], [ 140.427135, 37.7732584 ], [ 140.42726954, 37.77319774 ], [ 140.42733649, 37.7731249 ], [ 140.4273844, 37.77313381 ], [ 140.42758005, 37.77300358 ], [ 140.42799462, 37.77271343 ], [ 140.42835553, 37.77247185 ], [ 140.42881502, 37.77216007 ], [ 140.42893174, 37.77209007 ], [ 140.42910517000001, 37.77194841 ], [ 140.42931765, 37.77175051 ], [ 140.42945697, 37.77157382 ], [ 140.42976472000001, 37.77115355 ], [ 140.42987354, 37.7709338 ], [ 140.42995917, 37.77081974 ], [ 140.43013509, 37.77069552 ], [ 140.43032532000001, 37.77055926 ], [ 140.43043662, 37.77050506 ], [ 140.43052371, 37.77048406 ], [ 140.43068441, 37.77046368 ], [ 140.43082045, 37.77040428 ], [ 140.43090737, 37.77032838 ], [ 140.43098058000001, 37.77018679 ], [ 140.43103844000001, 37.77013117 ], [ 140.43112795, 37.77004652 ], [ 140.43121599, 37.76991332 ], [ 140.43127358000001, 37.76981236 ], [ 140.43076285000001, 37.76959475 ], [ 140.43117968000001, 37.7693029 ], [ 140.43113058, 37.76925697 ], [ 140.43104120000001, 37.76918013 ], [ 140.43102623, 37.76913811 ], [ 140.43102522000001, 37.76901295 ], [ 140.43103354, 37.76892886 ], [ 140.4310214, 37.76881981 ], [ 140.43100499, 37.76874119 ], [ 140.43091973, 37.76850538 ], [ 140.43085749, 37.76833056 ], [ 140.4328076, 37.76748874 ], [ 140.43327939, 37.76728502 ], [ 140.43354485, 37.76819597 ], [ 140.43384726, 37.76923388 ], [ 140.43557662000001, 37.76866077 ], [ 140.43499561, 37.76777959 ], [ 140.43494579, 37.7677041 ], [ 140.4345023, 37.76705972 ], [ 140.43434308, 37.76681345 ], [ 140.43460283, 37.76669626 ], [ 140.43522215, 37.76642095 ], [ 140.43613496, 37.76602405 ], [ 140.43614379, 37.76605822 ], [ 140.43631273, 37.76659573 ], [ 140.43667965, 37.76650178 ], [ 140.43729155, 37.76635574 ], [ 140.43751432, 37.76690424 ], [ 140.43781049, 37.76683867 ], [ 140.438332, 37.76671688 ], [ 140.43850001000001, 37.76667561 ], [ 140.43855643000001, 37.76686877 ], [ 140.43861603, 37.76714159 ], [ 140.43870256, 37.76736275 ], [ 140.43878667000001, 37.76751465 ], [ 140.43897872, 37.76786141 ], [ 140.43820523, 37.76809627 ], [ 140.43822789000001, 37.76813459 ], [ 140.43844067000001, 37.76849476 ], [ 140.43865724, 37.76876974 ], [ 140.43911342000001, 37.76930098 ], [ 140.43923459000001, 37.76944608 ], [ 140.43856365, 37.76968886 ], [ 140.43833934, 37.76977477 ], [ 140.43974185, 37.77139212 ], [ 140.44035934, 37.77210415 ], [ 140.44026634, 37.77215658 ], [ 140.44004483000001, 37.77226036 ], [ 140.43995754, 37.77229023 ], [ 140.43964299000001, 37.7719472 ], [ 140.43921526, 37.77150352 ], [ 140.43854935, 37.77161957 ], [ 140.43773547000001, 37.7706592 ], [ 140.43738784000001, 37.77013936 ], [ 140.43629388, 37.77056578 ], [ 140.43438486, 37.77102183 ], [ 140.43448773, 37.77159671 ], [ 140.43463952, 37.77207996 ], [ 140.43480437, 37.77258751 ], [ 140.43500131, 37.77324596 ], [ 140.43523238, 37.77409993 ], [ 140.43546230000001, 37.77500769 ], [ 140.43558321, 37.77551377 ], [ 140.43546761, 37.7755138 ], [ 140.43519493, 37.77551139 ], [ 140.43491916, 37.77549858 ], [ 140.43467646, 37.7754801 ], [ 140.43445650000001, 37.77549263 ], [ 140.43414435, 37.77552224 ], [ 140.43395312000001, 37.77557404 ], [ 140.43378313, 37.77562559 ], [ 140.4336023, 37.77570803 ], [ 140.43337406000001, 37.77581056 ], [ 140.43320708, 37.7758673 ], [ 140.43303106, 37.7758927 ], [ 140.4326257, 37.77588434 ], [ 140.43196033000001, 37.77587364 ], [ 140.43156788, 37.77588267 ], [ 140.43103779, 37.77590367 ], [ 140.42908155000001, 37.77597538 ], [ 140.42913986, 37.77661511 ], [ 140.42921534000001, 37.77715719 ], [ 140.42967883, 37.77710219 ], [ 140.42975054, 37.7773675 ], [ 140.43043370000001, 37.77722424 ], [ 140.43055083, 37.77754534 ], [ 140.43065989, 37.77796097 ], [ 140.43075307000001, 37.7780444 ], [ 140.43075776000001, 37.77807592 ], [ 140.4307451, 37.77814581 ], [ 140.4307421, 37.77832421 ], [ 140.43076082, 37.77845702 ], [ 140.43079764000001, 37.77865267 ], [ 140.43107893000001, 37.77857085 ], [ 140.43130764, 37.77852422 ], [ 140.43144963, 37.77700579 ], [ 140.43250089, 37.77679757 ], [ 140.43312109, 37.77667206 ], [ 140.43342471, 37.77662856 ], [ 140.43393399000001, 37.77662146 ], [ 140.43388669000001, 37.77671068 ], [ 140.43386546, 37.77686073 ], [ 140.43387443, 37.77717858 ], [ 140.43390859, 37.7774376 ], [ 140.4340111, 37.77783636 ], [ 140.43406055, 37.77801153 ], [ 140.43412213, 37.77809766 ], [ 140.43412566000001, 37.77833783 ], [ 140.4341431, 37.77890977 ], [ 140.434151, 37.77897702 ], [ 140.43415686, 37.7790267 ], [ 140.434168, 37.77921473 ], [ 140.4342184, 37.7797064 ], [ 140.43423922, 37.77990706 ], [ 140.43424219, 37.77994519 ], [ 140.43395822, 37.77994791 ], [ 140.4336409, 37.77993897 ], [ 140.43331452000001, 37.7798953 ], [ 140.43300339000001, 37.7798286 ], [ 140.43274728, 37.77976007 ], [ 140.43273076, 37.78017098 ], [ 140.43268438000001, 37.78042999 ], [ 140.43262347000001, 37.78079565 ], [ 140.43261777000001, 37.78118383 ], [ 140.43221893, 37.78111927 ], [ 140.43169136, 37.78103832 ], [ 140.43114908000001, 37.78099209 ], [ 140.43088025, 37.78098641 ], [ 140.43043564000001, 37.78103062 ], [ 140.42993029, 37.78104388 ], [ 140.42979491, 37.78105091 ], [ 140.42972913, 37.78105434 ], [ 140.42972693, 37.78104083 ], [ 140.42958755000001, 37.78104027 ], [ 140.42913968, 37.78113208 ], [ 140.42879835, 37.78119336 ], [ 140.42831553, 37.78127901 ], [ 140.42773913, 37.78136471 ], [ 140.42721531000001, 37.78144141 ], [ 140.4263811, 37.78157416 ], [ 140.42622833, 37.78159717 ], [ 140.42621345000001, 37.78159936 ], [ 140.42598443, 37.78077914 ], [ 140.42583776000001, 37.78032104 ], [ 140.42574251, 37.77997123 ], [ 140.42414368, 37.78013428 ], [ 140.42419527000001, 37.78048712 ], [ 140.42332259, 37.78057133 ], [ 140.42328035, 37.78023279 ], [ 140.4232193, 37.77974329 ], [ 140.4231161, 37.77891539 ], [ 140.42309332, 37.7787329 ], [ 140.42308125, 37.77859766 ], [ 140.42184321, 37.77869058 ], [ 140.41993787000001, 37.7788444 ], [ 140.41894206000001, 37.77894537 ], [ 140.41906572, 37.78002265 ], [ 140.4190902, 37.78022583 ], [ 140.41899854, 37.78025346 ], [ 140.41877802, 37.78032805 ], [ 140.41844755, 37.78047907 ], [ 140.41835518, 37.78050797 ], [ 140.41813745, 37.78055411 ], [ 140.41807654, 37.78040982 ], [ 140.41758106, 37.78047155 ], [ 140.41748909, 37.78055029 ], [ 140.41746269000001, 37.78061687 ], [ 140.41719967, 37.78060396 ], [ 140.41718127, 37.78054238 ], [ 140.41654621000001, 37.78070913 ], [ 140.41655269, 37.7807778 ], [ 140.41654132, 37.7808491 ], [ 140.41651482, 37.78090132 ], [ 140.41613572, 37.78094347 ], [ 140.41608112, 37.78083941 ], [ 140.41602681000001, 37.78076858 ], [ 140.41597258, 37.78071197 ], [ 140.41591224000001, 37.78064102 ], [ 140.41588498, 37.78059146 ], [ 140.41584826, 37.78047774 ], [ 140.41556837, 37.78060007 ], [ 140.41521063, 37.78070151 ], [ 140.41498983, 37.78074048 ], [ 140.41467377000001, 37.78082511 ], [ 140.41422904000001, 37.780877 ], [ 140.41412443, 37.78087287 ], [ 140.41404063, 37.78085667 ], [ 140.41393244, 37.78077414 ], [ 140.41381309, 37.78078894 ], [ 140.41400729, 37.78174791 ], [ 140.41413268, 37.78227892 ], [ 140.41646585000001, 37.78227203 ], [ 140.41693905, 37.78222379 ], [ 140.41805830000001, 37.78207618 ], [ 140.41835212000001, 37.78198306 ], [ 140.41860618000001, 37.78197715 ], [ 140.41948852, 37.78181691 ], [ 140.41948794000001, 37.78174356 ], [ 140.41974182000001, 37.78171484 ], [ 140.41979898, 37.7816412 ], [ 140.42020279, 37.78158414 ], [ 140.42233218000001, 37.78137189 ], [ 140.42341838, 37.78120243 ], [ 140.42354028, 37.78199982 ], [ 140.42337564, 37.78203528 ], [ 140.42292375, 37.7821316 ], [ 140.4224789, 37.78222548 ], [ 140.42185918000001, 37.78235149 ], [ 140.42089559, 37.78253398 ], [ 140.42055884000001, 37.78259268 ], [ 140.42035499, 37.7826396 ], [ 140.42035539, 37.78268929 ], [ 140.42040948, 37.78300299 ], [ 140.42045438, 37.78328505 ], [ 140.42047811, 37.78354962 ], [ 140.4205958, 37.78363829 ], [ 140.42071350000001, 37.78373401 ], [ 140.42098342, 37.78390443 ], [ 140.42122569, 37.78402233 ], [ 140.42122255000001, 37.78405613 ], [ 140.42120151, 37.78429459 ], [ 140.42119568000001, 37.78442739 ], [ 140.42126616, 37.78426062 ], [ 140.42133673000001, 37.78420043 ], [ 140.42138087000001, 37.78416853 ], [ 140.42144283, 37.78414711 ], [ 140.42150482, 37.7841292 ], [ 140.42164216, 37.78410035 ], [ 140.42209423, 37.78402052 ], [ 140.42282293, 37.78386144 ], [ 140.42261744000001, 37.78395806 ], [ 140.42235727, 37.78416717 ], [ 140.42226492, 37.78427689 ], [ 140.42223524, 37.7844495 ], [ 140.42226732, 37.78457986 ], [ 140.42233441, 37.7846464 ], [ 140.42387448, 37.78463868 ], [ 140.42449963000001, 37.78464131 ], [ 140.42464636, 37.78465029 ], [ 140.42481744, 37.78465422 ], [ 140.42490337000001, 37.78470714 ], [ 140.42498778000001, 37.7848102 ], [ 140.42518478, 37.78475416 ], [ 140.42542858, 37.78468507 ], [ 140.42558042, 37.78457773 ], [ 140.42571417, 37.78449455 ], [ 140.42589045, 37.78438216 ], [ 140.42599996000001, 37.78432825 ], [ 140.42617023, 37.78423053 ], [ 140.42633462000001, 37.78415691 ], [ 140.42649919, 37.78411243 ], [ 140.42659058000001, 37.78408297 ], [ 140.42670663000001, 37.78408238 ], [ 140.42715097000001, 37.78402918 ], [ 140.42739894, 37.78400413 ], [ 140.42766847, 37.78399601 ], [ 140.42767713000001, 37.78398147 ], [ 140.42778667, 37.78379845 ], [ 140.42796042000001, 37.78358709 ], [ 140.42821446, 37.78324608 ], [ 140.42847470000001, 37.78315311 ], [ 140.42862438, 37.78314222 ], [ 140.42885769, 37.78315286 ], [ 140.42909764000001, 37.78319586 ], [ 140.42931630000001, 37.78324909 ], [ 140.42952656, 37.78332265 ], [ 140.42991329, 37.78352441 ], [ 140.43005013000001, 37.78351696 ], [ 140.43152909, 37.78331924 ], [ 140.43150641, 37.78369301 ], [ 140.43147966000001, 37.78409384 ], [ 140.43126021, 37.78463221 ], [ 140.43113139, 37.78494809 ], [ 140.43185464000001, 37.78496131 ], [ 140.4322953, 37.78495231 ], [ 140.43265476, 37.78495386 ], [ 140.43288324, 37.78516332 ], [ 140.43302117, 37.78528482 ], [ 140.43315433000001, 37.78534862 ], [ 140.4332785, 37.78535813 ], [ 140.43356924, 37.78532961 ], [ 140.43362078000001, 37.78532512 ], [ 140.43369601000001, 37.78566179 ], [ 140.43380517, 37.78566968 ], [ 140.43390365, 37.78567932 ], [ 140.43397215, 37.78568249 ], [ 140.4340339, 37.78590969 ], [ 140.43408268, 37.7861233 ], [ 140.43416679000001, 37.78646597 ], [ 140.43399621, 37.78654146 ], [ 140.43385953000001, 37.78656933 ], [ 140.43363734, 37.78660777 ], [ 140.43357748, 37.78661498 ], [ 140.43351318000001, 37.78660517 ], [ 140.43340130000001, 37.78652408 ], [ 140.43331525, 37.7864668 ], [ 140.43283132, 37.78641844 ], [ 140.43264292000001, 37.78640236 ], [ 140.43254889, 37.78641636 ], [ 140.43245188, 37.78659002 ], [ 140.43243959, 37.78666147 ], [ 140.43315836, 37.78688152 ], [ 140.4330966, 37.78721339 ], [ 140.43304762, 37.78750226 ], [ 140.43302295000001, 37.78762811 ], [ 140.43291748, 37.78781885 ], [ 140.43289898, 37.78796692 ], [ 140.43285083000001, 37.78803995 ], [ 140.43278296, 37.78811491 ], [ 140.43275328, 37.78815251 ], [ 140.42981823, 37.78847816 ], [ 140.42988750000001, 37.78857622 ], [ 140.42995213, 37.78863362 ], [ 140.43010529, 37.78874603 ], [ 140.43003942000001, 37.78882817 ], [ 140.42992579, 37.78894884 ], [ 140.42988027000001, 37.78899088 ], [ 140.42981795, 37.7890064 ], [ 140.42979790000001, 37.78901129 ], [ 140.42970896, 37.78907017 ], [ 140.4295776, 37.78913166 ], [ 140.42939742, 37.78925083 ], [ 140.4291806, 37.78937386 ], [ 140.42905011, 37.7894 ], [ 140.42881632000001, 37.78940851 ], [ 140.42864443, 37.78942219 ], [ 140.42851831, 37.78941734 ], [ 140.42846101000001, 37.78941763 ], [ 140.42840114000001, 37.78939062 ], [ 140.42837779000001, 37.78933794 ], [ 140.42832269, 37.78932541 ], [ 140.42829507, 37.78931471 ], [ 140.42825617, 37.78932574 ], [ 140.42815821, 37.78939903 ], [ 140.42807817, 37.78942857 ], [ 140.4280255, 37.78943616 ], [ 140.42786971000001, 37.78944962 ], [ 140.42781933000001, 37.78946086 ], [ 140.42774406000001, 37.78951037 ], [ 140.42766435, 37.78957441 ], [ 140.42761051, 37.78958102 ], [ 140.42748917, 37.78960346 ], [ 140.4274595, 37.78962008 ], [ 140.42739437, 37.78968405 ], [ 140.42725949000001, 37.78975991 ], [ 140.42713479, 37.78979602 ], [ 140.42710727, 37.78980981 ], [ 140.42721906, 37.79005084 ], [ 140.42732592, 37.7902529 ], [ 140.42737220000001, 37.790366 ], [ 140.42706131, 37.79039629 ], [ 140.42685363000001, 37.79042029 ], [ 140.42642470000001, 37.79049187 ], [ 140.42627772, 37.79053639 ], [ 140.42609013000001, 37.7906052 ], [ 140.42629086, 37.79069922 ], [ 140.42646794000001, 37.79080181 ], [ 140.42660758, 37.79090486 ], [ 140.42667652, 37.79097336 ], [ 140.42675143, 37.79104662 ], [ 140.42688018000001, 37.79118408 ], [ 140.42698495, 37.79129084 ], [ 140.42707906000001, 37.79138441 ], [ 140.42713148000001, 37.7914399 ], [ 140.42724818, 37.79155729 ], [ 140.42732502000001, 37.79163856 ], [ 140.42839114, 37.7916861 ], [ 140.42934111, 37.79170635 ], [ 140.42963527000001, 37.79172006 ], [ 140.42998924, 37.79172981 ], [ 140.43067803, 37.79166366 ], [ 140.43162960000001, 37.79155337 ], [ 140.43213438000001, 37.7915049 ], [ 140.43272981000001, 37.7914402 ], [ 140.43316512000001, 37.79142235 ], [ 140.43414641000001, 37.79140636 ], [ 140.43283756, 37.79295356 ], [ 140.43232033000001, 37.79354413 ], [ 140.43182351, 37.79413628 ], [ 140.43108671, 37.79496801 ], [ 140.43086262, 37.79524242 ], [ 140.43031024000001, 37.79587779 ], [ 140.43017747, 37.79603502 ], [ 140.42960224000001, 37.79671556 ], [ 140.43093457000001, 37.79728165 ], [ 140.43101163, 37.79731111 ], [ 140.43230075, 37.79783587 ], [ 140.43232482, 37.79784561 ], [ 140.43384126000001, 37.79839454 ], [ 140.43458862, 37.79866933 ], [ 140.43503656, 37.79881079 ], [ 140.43513543, 37.79878888 ], [ 140.43503465000001, 37.79874955 ], [ 140.43553722, 37.79868602 ], [ 140.43578651000001, 37.79865447 ], [ 140.43589009, 37.79866098 ], [ 140.43627984, 37.79857916 ], [ 140.43633629000001, 37.79851087 ], [ 140.43637592, 37.79848617 ], [ 140.43650791, 37.79843002 ], [ 140.4365975, 37.79840183 ], [ 140.43684675, 37.79835465 ], [ 140.43699655, 37.79833403 ], [ 140.43722618000001, 37.79830737 ], [ 140.43741031, 37.79829797 ], [ 140.43762029000001, 37.79828605 ], [ 140.43775042, 37.79828581 ], [ 140.43780258000001, 37.79828554 ], [ 140.43785089, 37.79828051 ], [ 140.43794516, 37.79825482 ], [ 140.43804235, 37.79821828 ], [ 140.4380837, 37.79819174 ], [ 140.43813856, 37.79815246 ], [ 140.43819945000001, 37.79811385 ], [ 140.43831001000001, 37.79804613 ], [ 140.43836003000001, 37.79801743 ], [ 140.43842609000001, 37.79799161 ], [ 140.43849424000001, 37.79797718 ], [ 140.43872814, 37.79795753 ], [ 140.43886413000001, 37.79795218 ], [ 140.43890147, 37.79797804 ], [ 140.43904113, 37.79807446 ], [ 140.43917776000001, 37.79814655 ], [ 140.43957125, 37.7981586 ], [ 140.43997353, 37.79816595 ], [ 140.44017915000001, 37.79817545 ], [ 140.44047752, 37.79813153 ], [ 140.44084723, 37.79813202 ], [ 140.44119351000001, 37.79815839 ], [ 140.44131014000001, 37.79813315 ], [ 140.44162529, 37.79815615 ], [ 140.44181798, 37.79821147 ], [ 140.44193820000001, 37.79826139 ], [ 140.4420283, 37.79825276 ], [ 140.44208809, 37.79815024 ], [ 140.44220866000001, 37.79806514 ], [ 140.44240568000001, 37.79792333 ], [ 140.44270934, 37.79780448 ], [ 140.44293185000001, 37.79771055 ], [ 140.44328002, 37.79760555 ], [ 140.44360451, 37.79750757 ], [ 140.44379795, 37.7974701 ], [ 140.44383064, 37.79744304 ], [ 140.44388901, 37.79739459 ], [ 140.44411894000001, 37.79730188 ], [ 140.44403790000001, 37.79716152 ], [ 140.44386803, 37.79682324 ], [ 140.44378358, 37.79662419 ], [ 140.44367891, 37.79648394 ], [ 140.44359891, 37.79628613 ], [ 140.44355666000001, 37.79618062 ], [ 140.44360914000001, 37.79609123 ], [ 140.44359981, 37.79603496 ], [ 140.44356076, 37.79596238 ], [ 140.44351264, 37.79586633 ], [ 140.44342582, 37.79574007 ], [ 140.4432942, 37.79555308 ], [ 140.44319697, 37.79542322 ], [ 140.44314281000001, 37.79530862 ], [ 140.44311556, 37.79523118 ], [ 140.44308503, 37.79511632 ], [ 140.44309272000001, 37.79497324 ], [ 140.44309828, 37.79492619 ], [ 140.44298877, 37.79491507 ], [ 140.44291467, 37.79490138 ], [ 140.44286407000001, 37.79467976 ], [ 140.44270124, 37.79429583 ], [ 140.44294222, 37.79429106 ], [ 140.4431754, 37.79423354 ], [ 140.44331663, 37.79414833 ], [ 140.44338567, 37.79407068 ], [ 140.44355274, 37.7940639 ], [ 140.44366840000001, 37.79405795 ], [ 140.44535818, 37.79399539 ], [ 140.44533129000001, 37.79375211 ], [ 140.44523091, 37.7931257 ], [ 140.44605384, 37.79304201 ], [ 140.44656612, 37.79298979 ], [ 140.44672752, 37.79297346 ], [ 140.44798507, 37.79284245 ], [ 140.4479902, 37.79284665 ], [ 140.44812039000001, 37.79283273 ], [ 140.44938598, 37.79269814 ], [ 140.44938054, 37.79264157 ], [ 140.44988924, 37.79263933 ], [ 140.45046566, 37.79263688 ], [ 140.45043237, 37.79195592 ], [ 140.45038965000001, 37.79120786 ], [ 140.45095943000001, 37.79115982 ], [ 140.45166341000001, 37.79110052 ], [ 140.45214043, 37.79105113 ], [ 140.45290186, 37.79097237 ], [ 140.45292713000001, 37.79157058 ], [ 140.45098031000001, 37.79167049 ], [ 140.45100662, 37.79208751 ], [ 140.45294455000001, 37.7919837 ], [ 140.45298181000001, 37.79286568 ], [ 140.45383356, 37.79284064 ], [ 140.45431333, 37.79282657 ], [ 140.45488587, 37.79280975 ], [ 140.45482953000001, 37.79087591 ], [ 140.45482232000001, 37.79086272 ], [ 140.45530095000001, 37.79081387 ], [ 140.45531622, 37.79118603 ], [ 140.45533335, 37.79160521 ], [ 140.45535002, 37.79201185 ], [ 140.45704131, 37.79199911 ], [ 140.45739308, 37.79199077 ], [ 140.45758716, 37.79199058 ], [ 140.45804927, 37.79205431 ], [ 140.45890688, 37.7920254 ], [ 140.45900073000001, 37.79080639 ], [ 140.45901368, 37.7906599 ], [ 140.45898464000001, 37.79058121 ], [ 140.45894168000001, 37.79053639 ], [ 140.45890313000001, 37.79047746 ], [ 140.45900274, 37.79045471 ], [ 140.45895849, 37.7899436 ], [ 140.45697572, 37.79010382 ], [ 140.45696615, 37.78987095 ], [ 140.45693878, 37.78920489 ], [ 140.45548632000001, 37.78929985 ], [ 140.45525083000001, 37.7888831 ], [ 140.45460135, 37.78914022 ], [ 140.45442679000001, 37.78875919 ], [ 140.45423078, 37.78837334 ], [ 140.45363217, 37.78694905 ], [ 140.45361186, 37.78692761 ], [ 140.45332895000001, 37.78662894 ], [ 140.45298539000001, 37.78641183 ], [ 140.45241289000001, 37.78603921 ], [ 140.45275384000001, 37.78582751 ], [ 140.45303297000001, 37.78599245 ], [ 140.45328684, 37.78614359 ], [ 140.45370366, 37.78635004 ], [ 140.45408101000001, 37.78651292 ], [ 140.45425003, 37.78655694 ], [ 140.45434432, 37.78658375 ], [ 140.45444334000001, 37.7865983 ], [ 140.45450755, 37.78660781 ], [ 140.45461365, 37.78663682 ], [ 140.4548175, 37.78669248 ], [ 140.45493733000001, 37.78671409 ], [ 140.45498902, 37.78671157 ], [ 140.45504953, 37.78670294 ], [ 140.45526280000001, 37.78678277 ], [ 140.45560508, 37.7869837 ], [ 140.4559046, 37.78716232 ], [ 140.4561905, 37.7874086 ], [ 140.45633286, 37.78762452 ], [ 140.45804843, 37.78702779 ], [ 140.45820248000001, 37.78700937 ], [ 140.4584008, 37.78691892 ], [ 140.45858596, 37.786836 ], [ 140.45874370000001, 37.78676139 ], [ 140.45964067, 37.78657909 ], [ 140.46026009, 37.78655398 ], [ 140.46091828, 37.78652922 ], [ 140.46094017, 37.78652178 ], [ 140.46133789000001, 37.78638563 ], [ 140.46194778, 37.78618725 ], [ 140.46176965000001, 37.78594858 ], [ 140.46174428, 37.7858855 ], [ 140.46168587, 37.78590102 ], [ 140.46168443, 37.78586738 ], [ 140.46146043, 37.78548521 ], [ 140.46137581, 37.78532248 ], [ 140.46121866, 37.78503682 ], [ 140.46116421, 37.78488055 ], [ 140.46111346000001, 37.78472117 ], [ 140.46106618, 37.78451657 ], [ 140.46099875, 37.78417946 ], [ 140.46090995, 37.78333352 ], [ 140.46093476, 37.78262903 ], [ 140.46093803, 37.78231843 ], [ 140.4613383, 37.78230293 ], [ 140.46165153000001, 37.78229352 ], [ 140.4619171, 37.7822921 ], [ 140.46219888, 37.78229313 ], [ 140.46238998000001, 37.78229464 ], [ 140.46272702, 37.78231608 ], [ 140.46315145, 37.78233183 ], [ 140.46356926000001, 37.78233467 ], [ 140.463902, 37.78233134 ], [ 140.46406301, 37.78232498 ], [ 140.46415481, 37.7820387 ], [ 140.46428686, 37.78165716 ], [ 140.46436497, 37.78144035 ], [ 140.46441315000001, 37.78132295 ], [ 140.46450511, 37.78104582 ], [ 140.46462524, 37.78070672 ], [ 140.46470249000001, 37.78046781 ], [ 140.46480385000001, 37.78025834 ], [ 140.46487980000001, 37.7800269 ], [ 140.46495078000001, 37.77969778 ], [ 140.46502235, 37.77943708 ], [ 140.46506209, 37.77928721 ], [ 140.46508268, 37.77918475 ], [ 140.46541124000001, 37.77972291 ], [ 140.46582957000001, 37.78038616 ], [ 140.46614450000001, 37.78090004 ], [ 140.46621456, 37.78103426 ], [ 140.46641642, 37.78097658 ], [ 140.46648749, 37.78095423 ], [ 140.46658609, 37.7809209 ], [ 140.46668019000001, 37.78090026 ], [ 140.46683147, 37.78084468 ], [ 140.46696559, 37.78080609 ], [ 140.46705991, 37.78076982 ], [ 140.46705852, 37.78100086 ], [ 140.46708069, 37.78104734 ], [ 140.46734883, 37.78098339 ], [ 140.46753259, 37.78095692 ], [ 140.46775987000001, 37.78091726 ], [ 140.4679806, 37.78172208 ], [ 140.46711275000001, 37.78190823 ], [ 140.46678262, 37.78197772 ], [ 140.46734937, 37.7828705 ], [ 140.46737234, 37.78286475 ], [ 140.46752668, 37.78281056 ], [ 140.46766965, 37.7828043 ], [ 140.46775304, 37.78276514 ], [ 140.46780519000001, 37.78274965 ], [ 140.46788014000001, 37.78273953 ], [ 140.46795169000001, 37.78274745 ], [ 140.46803377000001, 37.78276222 ], [ 140.46808266, 37.78276477 ], [ 140.4681488, 37.78275188 ], [ 140.46818348, 37.78272551 ], [ 140.46821466, 37.78270042 ], [ 140.46827383, 37.78268631 ], [ 140.46834703, 37.78267901 ], [ 140.46841322, 37.78267162 ], [ 140.46844987, 37.78267423 ], [ 140.46847265, 37.78268791 ], [ 140.46849925000001, 37.78273901 ], [ 140.46850112000001, 37.78291076 ], [ 140.46850162000001, 37.78292766 ], [ 140.46842958, 37.78303392 ], [ 140.46834003000001, 37.78315632 ], [ 140.46829632000001, 37.78334422 ], [ 140.46822176000001, 37.78360128 ], [ 140.46858989, 37.78367927 ], [ 140.4685465, 37.7839936 ], [ 140.46854366, 37.78401403 ], [ 140.46859783, 37.78416564 ], [ 140.46866926000001, 37.78427902 ], [ 140.468728, 37.78437457 ], [ 140.46906413, 37.78453664 ], [ 140.46923221, 37.78462063 ], [ 140.46941168000001, 37.78470751 ], [ 140.46957579, 37.7847666 ], [ 140.46975237000001, 37.7848176 ], [ 140.46997161, 37.7848464 ], [ 140.47011107, 37.7849694 ], [ 140.47026537, 37.78505853 ], [ 140.47029491000001, 37.78512524 ], [ 140.46960747, 37.78508897 ], [ 140.46875619, 37.78508047 ], [ 140.46874521000001, 37.78506265 ], [ 140.46816235, 37.78503693 ], [ 140.46757107, 37.78500633 ], [ 140.46671832000001, 37.78497177 ], [ 140.46671931, 37.78498289 ], [ 140.46638097, 37.78496162 ], [ 140.46612164000001, 37.78494696 ], [ 140.46597351, 37.78497169 ], [ 140.46580154, 37.7850416 ], [ 140.46557043000001, 37.78509676 ], [ 140.46528391000001, 37.78514419 ], [ 140.46503642, 37.78519254 ], [ 140.46484044, 37.78523344 ], [ 140.46472235, 37.78525617 ], [ 140.46456261, 37.78526604 ], [ 140.46435706, 37.7852608 ], [ 140.46424638, 37.78522676 ], [ 140.46419561, 37.78521169 ], [ 140.46415415000001, 37.7852388 ], [ 140.46421471, 37.78546458 ], [ 140.46408031000001, 37.78555034 ], [ 140.46393989000001, 37.78555419 ], [ 140.46394254000001, 37.78561569 ], [ 140.46394295, 37.78566398 ], [ 140.46392052, 37.7857062 ], [ 140.46389042000001, 37.78573958 ], [ 140.463845, 37.78575489 ], [ 140.46377685, 37.78577623 ], [ 140.46339417, 37.78588077 ], [ 140.46314625, 37.78605653 ], [ 140.46296486, 37.78609228 ], [ 140.46305952, 37.78586553 ], [ 140.46303203, 37.78587652 ], [ 140.46311112000001, 37.7856383 ], [ 140.46288118000001, 37.7855552 ], [ 140.46288075000001, 37.78555647 ], [ 140.46262899000001, 37.78622613 ], [ 140.46286096, 37.78627684 ], [ 140.46302508, 37.78633791 ], [ 140.46318175, 37.78640902 ], [ 140.46360266, 37.7864766 ], [ 140.46357437, 37.78670651 ], [ 140.46378855, 37.78673536 ], [ 140.46407588, 37.78678169 ], [ 140.46429545000001, 37.78684851 ], [ 140.46457106, 37.78685196 ], [ 140.46465982000001, 37.78692737 ], [ 140.46503472000001, 37.7869134 ], [ 140.46529385, 37.78689807 ], [ 140.465544, 37.78686378 ], [ 140.46589838, 37.78680585 ], [ 140.46636318, 37.78670959 ], [ 140.46657145, 37.78663259 ], [ 140.46669948, 37.78659586 ], [ 140.46683569000001, 37.78662919 ], [ 140.46704911, 37.78656793 ], [ 140.4671899, 37.78654535 ], [ 140.46741053, 37.78659696 ], [ 140.46759431000001, 37.78660203 ], [ 140.4677805, 37.786593 ], [ 140.46802923000001, 37.78656725 ], [ 140.46802940000001, 37.78656739 ], [ 140.46813041, 37.78669479 ], [ 140.46816378, 37.78674687 ], [ 140.46819275, 37.78681519 ], [ 140.46819449, 37.78688637 ], [ 140.46859704, 37.78708794 ], [ 140.46893972000001, 37.78728463 ], [ 140.46926394, 37.78755545 ], [ 140.46959440000001, 37.78780046 ], [ 140.46988679, 37.78791292 ], [ 140.47010549000001, 37.78805323 ], [ 140.47023286000001, 37.78819741 ], [ 140.47060854, 37.78838178 ], [ 140.47071746, 37.78840203 ], [ 140.47087238, 37.78871177 ], [ 140.47103232000001, 37.78863615 ], [ 140.47116704000001, 37.7885363 ], [ 140.4712467, 37.78849096 ], [ 140.47134776, 37.78843311 ], [ 140.47142557000001, 37.78840017 ], [ 140.47151518000001, 37.78837167 ], [ 140.47165938000001, 37.78833217 ], [ 140.47175685, 37.7883101 ], [ 140.47192054000001, 37.78826881 ], [ 140.47209599000001, 37.78823224 ], [ 140.47224418, 37.78820821 ], [ 140.47239248, 37.78819191 ], [ 140.47254084, 37.78818337 ], [ 140.47269314, 37.78818254 ], [ 140.47283186000001, 37.78818643 ], [ 140.47299103, 37.78818712 ], [ 140.47312194, 37.7881957 ], [ 140.47328997, 37.78820408 ], [ 140.4734131, 37.78821115 ], [ 140.47351857000001, 37.78821677 ], [ 140.47374446000001, 37.78825426 ], [ 140.47413822, 37.78828154 ], [ 140.47419066, 37.78829407 ], [ 140.47422914000001, 37.78832258 ], [ 140.47426526000001, 37.78843769 ], [ 140.47422806, 37.78940116 ], [ 140.47418412, 37.78941587 ], [ 140.47417291, 37.78941962 ], [ 140.47407202, 37.78942017 ], [ 140.47397085, 37.78938974 ], [ 140.47392611000001, 37.78936961 ], [ 140.47392561000001, 37.78937014 ], [ 140.47387652, 37.78947042 ], [ 140.47386087000001, 37.78962999 ], [ 140.47384874, 37.7898135 ], [ 140.47384606, 37.78988687 ], [ 140.47385702, 37.7899724 ], [ 140.47393422, 37.79010354 ], [ 140.47399590000001, 37.79015736 ], [ 140.47411673, 37.79025634 ], [ 140.47409779, 37.79060419 ], [ 140.474043, 37.79096053 ], [ 140.47382989, 37.79132577 ], [ 140.47273064000001, 37.79138369 ], [ 140.47358874, 37.79280084 ], [ 140.47631149, 37.794011 ], [ 140.47681242, 37.79422535 ], [ 140.47743573, 37.79448592 ], [ 140.47797727, 37.7946971 ], [ 140.47788563, 37.79481853 ], [ 140.47843318, 37.79508233 ], [ 140.47903469, 37.79533893 ], [ 140.47962978000001, 37.79555529 ], [ 140.48066204, 37.7959344 ], [ 140.48164683, 37.79629151 ], [ 140.48256525, 37.7966204 ], [ 140.48207385000001, 37.79676347 ], [ 140.48049359000001, 37.79712089 ], [ 140.47940598, 37.79739379 ], [ 140.47911232000001, 37.79741144 ], [ 140.47882524, 37.79740584 ], [ 140.47826312000001, 37.79739568 ], [ 140.47826037, 37.79708076 ], [ 140.47827949000001, 37.7969027 ], [ 140.47828707, 37.79658209 ], [ 140.47830151, 37.7962589 ], [ 140.47826079000001, 37.79594419 ], [ 140.4776636, 37.79593365 ], [ 140.47681116000001, 37.79594113 ], [ 140.47657621, 37.79591496 ], [ 140.47650765, 37.79596742 ], [ 140.47653017, 37.79657268 ], [ 140.47642354000001, 37.79701139 ], [ 140.47666162, 37.79740176 ], [ 140.47640522, 37.7973995 ], [ 140.47599961, 37.79740115 ], [ 140.47571443000001, 37.79739975 ], [ 140.47736535000001, 37.79986929 ], [ 140.47756332, 37.80018469 ], [ 140.47795184, 37.8007032 ], [ 140.47859925, 37.80045469 ], [ 140.47940029, 37.80049873 ], [ 140.47961103, 37.80050912 ], [ 140.4804989, 37.80055028 ], [ 140.48053262, 37.8010986 ], [ 140.48057421, 37.80162266 ], [ 140.4805793, 37.80183959 ], [ 140.48056255, 37.80194302 ], [ 140.48056038, 37.80206537 ], [ 140.48057783, 37.80222352 ], [ 140.48057599000001, 37.8023791 ], [ 140.48052273, 37.80254271 ], [ 140.48063598, 37.80261867 ], [ 140.48077123, 37.80264341 ], [ 140.48098674, 37.80264997 ], [ 140.48142720000001, 37.80263727 ], [ 140.48180707, 37.80268629 ], [ 140.48233792, 37.80273715 ], [ 140.48231491000001, 37.80277909 ], [ 140.48222653, 37.80303552 ], [ 140.48282059, 37.80321161 ], [ 140.48287631, 37.80356088 ], [ 140.482819, 37.80358048 ], [ 140.48261528, 37.80368987 ], [ 140.48238071, 37.80383645 ], [ 140.48222365000001, 37.8039239 ], [ 140.48212075000001, 37.80397093 ], [ 140.48194771, 37.80402298 ], [ 140.48172982, 37.80406895 ], [ 140.48157707, 37.80409682 ], [ 140.48141972, 37.80415654 ], [ 140.48134596, 37.80419256 ], [ 140.481279, 37.80422067 ], [ 140.48175178, 37.80469491 ], [ 140.48213044, 37.80507492 ], [ 140.48260565000001, 37.80555098 ], [ 140.48269086, 37.80564681 ], [ 140.48334004, 37.80632224 ], [ 140.48352074, 37.80630491 ], [ 140.48384214000001, 37.8062854 ], [ 140.48422148, 37.80627049 ], [ 140.48452704, 37.80627641 ], [ 140.48479717000001, 37.80627759 ], [ 140.48523754000001, 37.80625221 ], [ 140.48551697, 37.80621744 ], [ 140.48567118, 37.80619871 ], [ 140.48572576000001, 37.8064169 ], [ 140.48582307000001, 37.80639933 ], [ 140.48583502, 37.80642714 ], [ 140.48584208, 37.80645723 ], [ 140.48600706, 37.80704086 ], [ 140.48589244, 37.80708176 ], [ 140.48580509000001, 37.80712096 ], [ 140.48576047, 37.80714739 ], [ 140.48573185000001, 37.80721724 ], [ 140.48571557, 37.80735812 ], [ 140.48570622, 37.807515 ], [ 140.48568892, 37.80753988 ], [ 140.48564231, 37.80756182 ], [ 140.48560141, 37.80756669 ], [ 140.48547245, 37.80753178 ], [ 140.48542959, 37.80753047 ], [ 140.48540045, 37.80754147 ], [ 140.48537142000001, 37.80756951 ], [ 140.48525856000001, 37.80771993 ], [ 140.4855581, 37.80791256 ], [ 140.48583656, 37.80809263 ], [ 140.48627299, 37.80819299 ], [ 140.48640631000001, 37.80818451 ], [ 140.48643668, 37.80818181 ], [ 140.48660484000001, 37.80812527 ], [ 140.48696430000001, 37.808045 ], [ 140.48712514, 37.80801708 ], [ 140.48765032, 37.80792983 ], [ 140.48774285, 37.80797888 ], [ 140.48779341, 37.80807334 ], [ 140.48781272, 37.80818488 ], [ 140.48781251, 37.80827555 ], [ 140.48780036, 37.80834164 ], [ 140.48772529, 37.80850551 ], [ 140.48772567, 37.80854915 ], [ 140.48775119000001, 37.80860519 ], [ 140.487816, 37.80878053 ], [ 140.48783904000001, 37.80890711 ], [ 140.48792926, 37.80933615 ], [ 140.48793447, 37.80937315 ], [ 140.48788630000001, 37.80946394 ], [ 140.48792239, 37.8096224 ], [ 140.48795967000001, 37.80979945 ], [ 140.48794177, 37.80985136 ], [ 140.48794869, 37.80994198 ], [ 140.48800488000001, 37.81018509 ], [ 140.4880411, 37.8103582 ], [ 140.48805871, 37.81050213 ], [ 140.48810041, 37.810718 ], [ 140.48796375000001, 37.81072524 ], [ 140.4878537, 37.81073711 ], [ 140.48770716000001, 37.81077678 ], [ 140.48762173, 37.81080316 ], [ 140.48742813000001, 37.81082859 ], [ 140.48717548, 37.81086392 ], [ 140.48660276000001, 37.81092538 ], [ 140.48611301, 37.81097779 ], [ 140.48619405, 37.81139857 ], [ 140.48668802, 37.81134093 ], [ 140.48670998, 37.81149609 ], [ 140.48676405, 37.81174597 ], [ 140.4868583, 37.81225523 ], [ 140.48689481, 37.81249782 ], [ 140.48733942000001, 37.81254397 ], [ 140.48773639000001, 37.81259675 ], [ 140.48854750000001, 37.81271117 ], [ 140.48867725, 37.81271756 ], [ 140.48883613000001, 37.81272561 ], [ 140.48910058000001, 37.81271617 ], [ 140.48940752, 37.81267422 ], [ 140.49032117, 37.81251672 ], [ 140.49049089, 37.81248089 ], [ 140.49080616000001, 37.81241395 ], [ 140.49095228, 37.81238311 ], [ 140.49118255, 37.81233284 ], [ 140.49156536000001, 37.8122495 ], [ 140.49166667, 37.81222867 ], [ 140.49169175, 37.81222353 ], [ 140.4918898, 37.81218284 ], [ 140.49228647000001, 37.81205395 ], [ 140.49289956000001, 37.81182533 ], [ 140.49306399, 37.81176113 ], [ 140.49402678000001, 37.81138447 ], [ 140.49438153, 37.81125892 ], [ 140.49469958, 37.81114613 ], [ 140.49516574, 37.81092691 ], [ 140.49517436, 37.81092306 ], [ 140.49502383000001, 37.81058124 ], [ 140.49474826, 37.80991869 ], [ 140.49475997, 37.80991313 ], [ 140.49450342, 37.80927836 ], [ 140.49440537000001, 37.80906491 ], [ 140.49423543, 37.80874374 ], [ 140.49447711, 37.80874774 ], [ 140.49478546, 37.80873672 ], [ 140.49514447000001, 37.80872457 ], [ 140.49570637, 37.80869664 ], [ 140.49643599000001, 37.80864115 ], [ 140.49689670000001, 37.80927351 ], [ 140.49733067, 37.80984364 ], [ 140.49745749, 37.81002961 ], [ 140.49776504, 37.80992328 ], [ 140.49805576, 37.80982056 ], [ 140.49887751, 37.80959475 ], [ 140.49912623, 37.80953295 ], [ 140.4992527, 37.80950211 ], [ 140.49940859, 37.80945758 ], [ 140.49983474000001, 37.8093983 ], [ 140.50017629000001, 37.80932935 ], [ 140.50105848000001, 37.80924384 ], [ 140.50142312, 37.80921728 ], [ 140.50175745000001, 37.80919384 ], [ 140.50224057, 37.80916013 ], [ 140.50355973000001, 37.80905029 ], [ 140.50472943, 37.80976222 ], [ 140.50491222, 37.80941119 ], [ 140.50587564, 37.8075604 ], [ 140.50606509, 37.8068948 ], [ 140.50627687, 37.80624132 ], [ 140.50663297, 37.80527771 ], [ 140.50676193000001, 37.80436608 ], [ 140.50444308, 37.80449291 ], [ 140.50433979, 37.80449575 ], [ 140.5042958, 37.8045312 ], [ 140.50412912, 37.80447639 ], [ 140.50398465000001, 37.80441865 ], [ 140.50379934, 37.80434354 ], [ 140.50346964, 37.80421941 ], [ 140.50339057, 37.80425646 ], [ 140.50326499, 37.8042514 ], [ 140.50319086, 37.80421662 ], [ 140.50313485000001, 37.80414965 ], [ 140.50292735, 37.80406875 ], [ 140.50279835000001, 37.80402921 ], [ 140.50228697, 37.80385303 ], [ 140.50197428000001, 37.80374541 ], [ 140.50179226, 37.80376376 ], [ 140.50151360000001, 37.80359344 ], [ 140.50113445, 37.80344551 ], [ 140.50004003000001, 37.80302906 ], [ 140.49915642, 37.80269278 ], [ 140.49879698000001, 37.80254529 ], [ 140.49856358, 37.80245876 ], [ 140.49796695000001, 37.8022073 ], [ 140.49741068, 37.80197475 ], [ 140.49602529000001, 37.80148247 ], [ 140.49588722, 37.80143481 ], [ 140.49554749000001, 37.80131213 ], [ 140.49525719, 37.8012107 ], [ 140.49427802, 37.8008562 ], [ 140.49298575, 37.80038504 ], [ 140.49259742000001, 37.80024756 ], [ 140.49255257, 37.8002326 ], [ 140.49248370000001, 37.80030282 ], [ 140.49242604, 37.80034918 ], [ 140.49232369000001, 37.80040635 ], [ 140.49216947, 37.80049196 ], [ 140.49202008, 37.80057727 ], [ 140.49186503000001, 37.80073455 ], [ 140.491757, 37.80089636 ], [ 140.4916369, 37.80110807 ], [ 140.49159059, 37.80117787 ], [ 140.49142319000001, 37.80135254 ], [ 140.49129502, 37.80148517 ], [ 140.49078816, 37.80054529 ], [ 140.49070162000001, 37.80035571 ], [ 140.49058757, 37.80007519 ], [ 140.49045039000001, 37.79977805 ], [ 140.49028769, 37.79941911 ], [ 140.49020887, 37.799175 ], [ 140.49014118, 37.79894941 ], [ 140.48994775, 37.79843662 ], [ 140.48967412, 37.79743785 ], [ 140.48924714, 37.79588171 ], [ 140.48898069000001, 37.79493048 ], [ 140.48892639, 37.79472904 ], [ 140.48883664, 37.79440094 ], [ 140.48867992000001, 37.79377629 ], [ 140.4884448, 37.7928836 ], [ 140.48843282000001, 37.79281327 ], [ 140.48819411, 37.79194931 ], [ 140.48790016000001, 37.79088223 ], [ 140.48890298000001, 37.79086511 ], [ 140.49063415000001, 37.78992823 ], [ 140.49075202, 37.78994109 ], [ 140.49070659, 37.7898594 ], [ 140.49053314, 37.78950559 ], [ 140.49042188000001, 37.78924674 ], [ 140.49034047000001, 37.78904432 ], [ 140.4902114, 37.78866251 ], [ 140.49007180000001, 37.7882139 ], [ 140.49048685, 37.78646581 ], [ 140.49086563, 37.78533922 ], [ 140.4911986, 37.78460385 ], [ 140.49135989000001, 37.78429815 ], [ 140.49174014, 37.78366472 ], [ 140.49217487000001, 37.78268382 ], [ 140.49232919, 37.7823635 ], [ 140.49049858000001, 37.78194264 ], [ 140.49028205, 37.78188415 ], [ 140.48995326, 37.78187867 ], [ 140.49008056, 37.78123047 ], [ 140.49014844000001, 37.78093824 ], [ 140.49017336, 37.78092317 ], [ 140.49019183, 37.78089069 ], [ 140.49063652000001, 37.78092875 ], [ 140.49313654, 37.78112285 ], [ 140.49350494000001, 37.78024748 ], [ 140.49365079, 37.7799227 ], [ 140.49387074000001, 37.77946869 ], [ 140.49661493, 37.77973174 ], [ 140.49826125000001, 37.77989352 ], [ 140.49843010000001, 37.77991636 ], [ 140.49846388, 37.78004359 ], [ 140.49844955, 37.78015207 ], [ 140.4984359, 37.78051989 ], [ 140.49833965, 37.78081412 ], [ 140.49822273000001, 37.78116802 ], [ 140.49812923, 37.78145787 ], [ 140.49812408, 37.78151168 ], [ 140.49826611, 37.78199519 ], [ 140.49834572, 37.78230391 ], [ 140.49835381, 37.7823354 ], [ 140.49836267000001, 37.78244334 ], [ 140.49832004000001, 37.78254523 ], [ 140.49821951000001, 37.78266476 ], [ 140.49807761, 37.78275018 ], [ 140.49785170000001, 37.78292364 ], [ 140.49772578, 37.78301515 ], [ 140.49725047000001, 37.78337347 ], [ 140.49697349, 37.78358353 ], [ 140.49661149, 37.78388785 ], [ 140.49636672, 37.78423824 ], [ 140.49626189, 37.78439806 ], [ 140.49607262000001, 37.78468254 ], [ 140.495996, 37.78469465 ], [ 140.49589272, 37.78469523 ], [ 140.49585880000001, 37.78486409 ], [ 140.49568904, 37.78601275 ], [ 140.49560277, 37.78659878 ], [ 140.49581786, 37.78655773 ], [ 140.49605051, 37.78650264 ], [ 140.49621236, 37.7864502 ], [ 140.49634771000001, 37.78640494 ], [ 140.49654736, 37.78628908 ], [ 140.49672748, 37.786137 ], [ 140.49679765, 37.78605917 ], [ 140.49686488, 37.78598854 ], [ 140.49692306, 37.78589459 ], [ 140.49698601, 37.78577709 ], [ 140.49709859000001, 37.78560118 ], [ 140.49714457, 37.78552546 ], [ 140.49726961, 37.78534891 ], [ 140.49748597000001, 37.78522267 ], [ 140.49789401000001, 37.78500876 ], [ 140.49812750000001, 37.78495282 ], [ 140.49913059, 37.78580484 ], [ 140.50056676, 37.78705255 ], [ 140.50199463000001, 37.78829367 ], [ 140.50292223, 37.78760164 ], [ 140.50291490000001, 37.7875952 ], [ 140.50385130000001, 37.78690649 ], [ 140.50386243, 37.78691614 ], [ 140.50514161000001, 37.78599035 ], [ 140.50396734, 37.78501518 ], [ 140.50373312, 37.78481772 ], [ 140.50369227, 37.78479289 ], [ 140.50365793, 37.78478168 ], [ 140.50324981, 37.78442555 ], [ 140.50263957000001, 37.78392796 ], [ 140.50273567, 37.78381492 ], [ 140.50311564, 37.78345023 ], [ 140.50336877000001, 37.78357804 ], [ 140.50326031, 37.78365834 ], [ 140.50369026000001, 37.78400125 ], [ 140.50388509000001, 37.78385921 ], [ 140.50434446, 37.78415014 ], [ 140.5048435, 37.78434524 ], [ 140.50540948, 37.78458051 ], [ 140.50556414, 37.7845526 ], [ 140.50459307, 37.78217909 ], [ 140.50358633, 37.78223607 ], [ 140.50244214, 37.78230114 ], [ 140.50243928, 37.78228468 ], [ 140.50220574, 37.78094077 ], [ 140.50217595000001, 37.78079382 ], [ 140.50193072, 37.77946532 ], [ 140.50168895, 37.77814609 ], [ 140.50141656, 37.77664021 ], [ 140.50141394, 37.77662558 ], [ 140.50112249, 37.77499126 ], [ 140.50094044, 37.77398706 ], [ 140.50072038, 37.77279497 ], [ 140.50048398000001, 37.77169745 ], [ 140.50029486, 37.77168092 ], [ 140.49890542, 37.7715784 ], [ 140.49818505, 37.77146307 ], [ 140.49799756, 37.77142119 ], [ 140.49775579000001, 37.77135413 ], [ 140.49758967, 37.77129213 ], [ 140.49720479000001, 37.77111296 ], [ 140.49697002, 37.77101996 ], [ 140.49715662, 37.77074408 ], [ 140.49732951, 37.77051179 ], [ 140.49741854000001, 37.77038712 ], [ 140.49751785000001, 37.77029631 ], [ 140.49742215000001, 37.77009158 ], [ 140.49731826, 37.76999234 ], [ 140.49721431, 37.76988523 ], [ 140.49687971, 37.76954626 ], [ 140.49678946, 37.76943005 ], [ 140.49662764000001, 37.76931326 ], [ 140.49652379, 37.76921811 ], [ 140.49636998, 37.76914929 ], [ 140.49610752000001, 37.76901913 ], [ 140.49595871, 37.76894817 ], [ 140.49594728, 37.76889994 ], [ 140.49590132, 37.76875828 ], [ 140.4959495, 37.76857808 ], [ 140.49603084, 37.76836152 ], [ 140.4961291, 37.76821412 ], [ 140.49628497, 37.76803176 ], [ 140.49644631000001, 37.76789696 ], [ 140.49656743, 37.76780604 ], [ 140.49606351, 37.76739383 ], [ 140.49598894, 37.76732977 ], [ 140.49542012000001, 37.76687189 ], [ 140.49528941, 37.76698145 ], [ 140.49518957000001, 37.76711661 ], [ 140.49510144000001, 37.76724804 ], [ 140.49502587000001, 37.76737531 ], [ 140.49499939, 37.76743854 ], [ 140.49500721000001, 37.76751001 ], [ 140.49504398, 37.76758583 ], [ 140.49513132000001, 37.76766404 ], [ 140.49511256, 37.76778875 ], [ 140.49504492, 37.76799468 ], [ 140.49498901000001, 37.76819829 ], [ 140.49486901, 37.76825556 ], [ 140.49478205, 37.76831462 ], [ 140.49456059, 37.76821154 ], [ 140.4945196, 37.76826907 ], [ 140.49419904000001, 37.76813051 ], [ 140.49415686, 37.76825816 ], [ 140.49500129, 37.76866592 ], [ 140.49460561000001, 37.7688057 ], [ 140.49442226, 37.76888402 ], [ 140.49411799000001, 37.76906115 ], [ 140.49476687000001, 37.7696705 ], [ 140.49432426000001, 37.76995781 ], [ 140.49404394000001, 37.77014184 ], [ 140.49390831, 37.77024285 ], [ 140.49265595, 37.77058523 ], [ 140.49234906000001, 37.76993538 ], [ 140.49175941, 37.76874916 ], [ 140.49139281000001, 37.76799278 ], [ 140.49104361, 37.767325 ], [ 140.49014422, 37.76573333 ], [ 140.48979063, 37.76508655 ], [ 140.4897263, 37.76488671 ], [ 140.48970879000001, 37.76483218 ], [ 140.48959085000001, 37.7644658 ], [ 140.48951486000001, 37.7642297 ], [ 140.48920151, 37.76338981 ], [ 140.4889859, 37.76270565 ], [ 140.48860495, 37.7617994 ], [ 140.48833701000001, 37.76088267 ], [ 140.48673210000001, 37.76155766 ], [ 140.48631444, 37.76088968 ], [ 140.48597222000001, 37.76032392 ], [ 140.48562691000001, 37.75974522 ], [ 140.48546805000001, 37.75949606 ], [ 140.48522137, 37.75910139 ], [ 140.48521503000001, 37.75909115 ], [ 140.48497738, 37.75870473 ], [ 140.48480491000001, 37.7584303 ], [ 140.48604238, 37.75793181 ], [ 140.48705468, 37.75756042 ], [ 140.48682556, 37.75699009 ], [ 140.48654632, 37.7562204 ], [ 140.48633104000001, 37.75565477 ], [ 140.48629368, 37.7555653 ], [ 140.48738499000001, 37.7553855 ], [ 140.48733009, 37.75492571 ], [ 140.48731617000001, 37.75464421 ], [ 140.48741527000001, 37.75420876 ], [ 140.48741991, 37.75386985 ], [ 140.48741932, 37.75365684 ], [ 140.48732779, 37.75336676 ], [ 140.48711756, 37.75301188 ], [ 140.48689918, 37.75274869 ], [ 140.4866535, 37.75255633 ], [ 140.48642701, 37.75237892 ], [ 140.48608963000001, 37.75216285 ], [ 140.48583465, 37.75203742 ], [ 140.48567638, 37.75198958 ], [ 140.48538614, 37.75193276 ], [ 140.48515306, 37.75187239 ], [ 140.48502542, 37.75180453 ], [ 140.48498534000001, 37.75175787 ], [ 140.48489446, 37.75165194 ], [ 140.48481849000001, 37.75157113 ], [ 140.4846485, 37.75146141 ], [ 140.48452045, 37.75140326 ], [ 140.4846028, 37.75078967 ], [ 140.48464145, 37.75049662 ], [ 140.48466182000001, 37.75034248 ], [ 140.484698, 37.74995962 ], [ 140.48467843, 37.74958762 ], [ 140.484793, 37.74951504 ], [ 140.48489543, 37.74940269 ], [ 140.48502302, 37.74920826 ], [ 140.48516583, 37.74894419 ], [ 140.48523609, 37.748833 ], [ 140.48524076000001, 37.74879003 ], [ 140.48523674, 37.74871487 ], [ 140.48538248, 37.74866958 ], [ 140.48585209000001, 37.74850422 ], [ 140.48633676, 37.74841875 ], [ 140.48700334, 37.74829144 ], [ 140.48720589000001, 37.74822879 ], [ 140.48806651000001, 37.74797973 ], [ 140.48824335, 37.74793707 ], [ 140.48875624, 37.74779554 ], [ 140.48914693, 37.74766454 ], [ 140.48958297, 37.74758482 ], [ 140.49014622000001, 37.74749439 ], [ 140.49069231, 37.74743798 ], [ 140.49086206000001, 37.74744097 ], [ 140.49128892, 37.7472809 ], [ 140.49107641000001, 37.74727941 ], [ 140.49089057, 37.74727693 ], [ 140.49068636000001, 37.74724654 ], [ 140.49058352, 37.74721656 ], [ 140.49046307, 37.74712896 ], [ 140.4903424, 37.74701771 ], [ 140.4902779, 37.74697724 ], [ 140.49019248, 37.74698123 ], [ 140.48997903, 37.74700946 ], [ 140.48982535, 37.74703411 ], [ 140.48965894, 37.74706221 ], [ 140.48943719, 37.74712455 ], [ 140.48927717000001, 37.7471543 ], [ 140.48923307000001, 37.74699841 ], [ 140.48921924000001, 37.74688304 ], [ 140.48929101, 37.74678423 ], [ 140.48934555, 37.74678604 ], [ 140.4895191, 37.7466371 ], [ 140.4896004, 37.74658315 ], [ 140.48964917000001, 37.74655401 ], [ 140.4897652, 37.74649255 ], [ 140.48980592000001, 37.74645515 ], [ 140.48987845, 37.74634212 ], [ 140.49001802000001, 37.74613494 ], [ 140.49012193, 37.74596119 ], [ 140.49014096, 37.74591758 ], [ 140.49013929, 37.74585888 ], [ 140.49013025, 37.74567379 ], [ 140.49011655000001, 37.74560826 ], [ 140.49009568, 37.74556952 ], [ 140.49008610000001, 37.74551889 ], [ 140.49008119000001, 37.74548006 ], [ 140.49008665, 37.74545018 ], [ 140.49010345, 37.74542587 ], [ 140.49020386000001, 37.74534211 ], [ 140.49026805, 37.74529852 ], [ 140.49034883, 37.74525978 ], [ 140.49043219000001, 37.74522834 ], [ 140.49047078000001, 37.74521109 ], [ 140.49050287, 37.74518683 ], [ 140.49052848, 37.74516065 ], [ 140.49053194000001, 37.74514514 ], [ 140.49052386, 37.74512421 ], [ 140.49047872, 37.74506167 ], [ 140.49044463000001, 37.74501624 ], [ 140.49044201000001, 37.74498036 ], [ 140.49044834, 37.74491415 ], [ 140.49047025, 37.74483589 ], [ 140.49049814, 37.74478716 ], [ 140.49052543, 37.74475533 ], [ 140.49058441, 37.74471403 ], [ 140.49064092, 37.74469358 ], [ 140.49077548, 37.74466735 ], [ 140.4908381, 37.74465123 ], [ 140.49086402, 37.74463518 ], [ 140.4909006, 37.74457148 ], [ 140.49091922, 37.74451182 ], [ 140.49091798000001, 37.74446199 ], [ 140.49089659000001, 37.74442353 ], [ 140.49084705000001, 37.74436552 ], [ 140.49081625, 37.74430037 ], [ 140.49080735000001, 37.74424691 ], [ 140.49079860000001, 37.74394891 ], [ 140.49077809, 37.743951 ], [ 140.49077645, 37.74376517 ], [ 140.49078895, 37.7437451 ], [ 140.49084577, 37.74373465 ], [ 140.49098498000001, 37.74374401 ], [ 140.49097682, 37.74353301 ], [ 140.4909808, 37.74327183 ], [ 140.49089743, 37.74314178 ], [ 140.49104927, 37.743146 ], [ 140.49124451, 37.74304945 ], [ 140.49131293, 37.74292349 ], [ 140.49138112, 37.74276486 ], [ 140.49161697, 37.74261543 ], [ 140.49165636000001, 37.74241923 ], [ 140.49179612, 37.74225555 ], [ 140.49180248, 37.74225313 ], [ 140.49214173, 37.74205877 ], [ 140.49230295000001, 37.74205026 ], [ 140.49249237000001, 37.742014 ], [ 140.49252516000001, 37.74178785 ], [ 140.49255841, 37.74161942 ], [ 140.49256433, 37.74157166 ], [ 140.49239625000001, 37.74160583 ], [ 140.49207994, 37.74168856 ], [ 140.4917471, 37.74177588 ], [ 140.49157273, 37.74180994 ], [ 140.49148554000001, 37.74182394 ] ], [ [ 140.46606951000001, 37.7650379 ], [ 140.46603398, 37.76535839 ], [ 140.46628859, 37.76536252 ], [ 140.46683057000001, 37.76529833 ], [ 140.46691877000001, 37.76562047 ], [ 140.46692859000001, 37.76565634 ], [ 140.46733247, 37.76566861 ], [ 140.46748808000001, 37.76570381 ], [ 140.46764814, 37.76572576 ], [ 140.46793704000001, 37.76576729 ], [ 140.46822234000001, 37.76580348 ], [ 140.4683986, 37.76582154 ], [ 140.46854058, 37.76583429 ], [ 140.46876372, 37.76583928 ], [ 140.46897580000001, 37.7658463 ], [ 140.46907353, 37.76588379 ], [ 140.46922808, 37.76594631 ], [ 140.46909144, 37.76615823 ], [ 140.4693929, 37.76645128 ], [ 140.46964629, 37.76662252 ], [ 140.46993343, 37.76674289 ], [ 140.47000599, 37.76673574 ], [ 140.47010398, 37.76664848 ], [ 140.47015057, 37.76662683 ], [ 140.47027891, 37.76660939 ], [ 140.47036515, 37.76661047 ], [ 140.47049556, 37.76663342 ], [ 140.47066480000001, 37.76667009 ], [ 140.47083728000001, 37.76662016 ], [ 140.47082296, 37.76675948 ], [ 140.47080234000001, 37.76688771 ], [ 140.47079592, 37.76713737 ], [ 140.47081893000001, 37.76728746 ], [ 140.47086490000001, 37.7673945 ], [ 140.47101063, 37.76764699 ], [ 140.47107513, 37.76774392 ], [ 140.47116972000001, 37.76782423 ], [ 140.47128687, 37.76790736 ], [ 140.47141496, 37.76800029 ], [ 140.47152118, 37.76807617 ], [ 140.47165774000001, 37.76816469 ], [ 140.47181565, 37.76823408 ], [ 140.47194028000001, 37.76834688 ], [ 140.47210103, 37.76853509 ], [ 140.47220770000001, 37.76866263 ], [ 140.47230108, 37.76878109 ], [ 140.47227520000001, 37.76884036 ], [ 140.4721612, 37.76901978 ], [ 140.47210025000001, 37.76912472 ], [ 140.47208247, 37.76917663 ], [ 140.47220246000001, 37.76922905 ], [ 140.47243852, 37.76933181 ], [ 140.47249427, 37.76931307 ], [ 140.47257089, 37.76927732 ], [ 140.47265576000001, 37.76925208 ], [ 140.47279579, 37.76926765 ], [ 140.47286267000001, 37.7692808 ], [ 140.47304561000001, 37.76934203 ], [ 140.47326113, 37.76940197 ], [ 140.47352412000001, 37.76947558 ], [ 140.47365174000001, 37.76951318 ], [ 140.47377159000001, 37.76954941 ], [ 140.47395136, 37.76960827 ], [ 140.4741195, 37.76966029 ], [ 140.47418642, 37.76968217 ], [ 140.47428692, 37.76945368 ], [ 140.47413477000001, 37.76935892 ], [ 140.47401784, 37.76930662 ], [ 140.47387915, 37.76924571 ], [ 140.47374669000001, 37.76918603 ], [ 140.47364047, 37.76910537 ], [ 140.47360408, 37.76902039 ], [ 140.47360558, 37.76893676 ], [ 140.47364519000001, 37.76885657 ], [ 140.47377267, 37.76868735 ], [ 140.47385249000001, 37.76857978 ], [ 140.47402372, 37.76836386 ], [ 140.47410346000001, 37.76825248 ], [ 140.47427347000001, 37.76834553 ], [ 140.47439436, 37.76841168 ], [ 140.47449592000001, 37.76848631 ], [ 140.47458805, 37.7685524 ], [ 140.47480509, 37.76869665 ], [ 140.47495966, 37.76879929 ], [ 140.47517824, 37.7688554 ], [ 140.47535879, 37.76890623 ], [ 140.47549089, 37.76892395 ], [ 140.47563531, 37.76892921 ], [ 140.47592556000001, 37.76901703 ], [ 140.47608428000001, 37.76906178 ], [ 140.476201, 37.76909564 ], [ 140.47635868, 37.76919333 ], [ 140.4764209, 37.769231 ], [ 140.47680418, 37.76946276 ], [ 140.47699458, 37.76957618 ], [ 140.47713113, 37.76966117 ], [ 140.47714909000001, 37.76975385 ], [ 140.47720182, 37.76981143 ], [ 140.47727139, 37.76986722 ], [ 140.47735012000001, 37.76990678 ], [ 140.47740641, 37.76994054 ], [ 140.47747121, 37.76999284 ], [ 140.47759623, 37.77009367 ], [ 140.47770703, 37.77017458 ], [ 140.47786852, 37.77028773 ], [ 140.47796626, 37.77036576 ], [ 140.47826054000001, 37.77056012 ], [ 140.47834793000001, 37.77061019 ], [ 140.47842843000001, 37.77059019 ], [ 140.47873792, 37.77078054 ], [ 140.47889592000001, 37.77070137 ], [ 140.47924306, 37.77091009 ], [ 140.4793734, 37.77097977 ], [ 140.47951381, 37.7710591 ], [ 140.47996378, 37.77120263 ], [ 140.48001633000001, 37.77121938 ], [ 140.48026494000001, 37.77132445 ], [ 140.48049624000001, 37.77141328 ], [ 140.48085896000001, 37.77156278 ], [ 140.48174683, 37.77118198 ], [ 140.48225296000001, 37.77155608 ], [ 140.48135295, 37.77200382 ], [ 140.48145538, 37.77212631 ], [ 140.48155271, 37.77224319 ], [ 140.48163232, 37.77235693 ], [ 140.48174932000001, 37.7724975 ], [ 140.48200695, 37.77284819 ], [ 140.48220136, 37.77323162 ], [ 140.4821096, 37.77325943 ], [ 140.48221429, 37.77342668 ], [ 140.4824722, 37.77370838 ], [ 140.48272897000001, 37.77395546 ], [ 140.48286609, 37.77409817 ], [ 140.48294349, 37.77419235 ], [ 140.48298909, 37.77429572 ], [ 140.48303961, 37.77446411 ], [ 140.48309772, 37.77471551 ], [ 140.48314316, 37.77500768 ], [ 140.48320770000001, 37.77538971 ], [ 140.48325652, 37.77566369 ], [ 140.48327726, 37.77586956 ], [ 140.48327446, 37.77604091 ], [ 140.48327287000001, 37.77633517 ], [ 140.48314836, 37.7764223 ], [ 140.48309314, 37.77648638 ], [ 140.48299969000001, 37.77657559 ], [ 140.48290709, 37.77686796 ], [ 140.48289138000001, 37.77695266 ], [ 140.48277772, 37.77711942 ], [ 140.48268779, 37.77721143 ], [ 140.48261152000001, 37.77726718 ], [ 140.48233935, 37.77746114 ], [ 140.48221798, 37.77754769 ], [ 140.48209673, 37.77764804 ], [ 140.48177518, 37.77797658 ], [ 140.48166435, 37.77807138 ], [ 140.48158976, 37.7781174 ], [ 140.48141264, 37.77821257 ], [ 140.48128618000001, 37.77827014 ], [ 140.48134923000001, 37.77854236 ], [ 140.48125642, 37.77861862 ], [ 140.48113406, 37.77868363 ], [ 140.48105071000001, 37.77871577 ], [ 140.48096017, 37.77875287 ], [ 140.48081064, 37.77879466 ], [ 140.48072347, 37.77880063 ], [ 140.48066068, 37.77880098 ], [ 140.47957244, 37.77883469 ], [ 140.47948182, 37.77883702 ], [ 140.47940999, 37.77884896 ], [ 140.47931806, 37.77886932 ], [ 140.4792225, 37.7789156 ], [ 140.47906123000001, 37.77902306 ], [ 140.47883583000001, 37.77918212 ], [ 140.47838011, 37.77933695 ], [ 140.47814595, 37.77941187 ], [ 140.47806058, 37.7794464 ], [ 140.47778034000001, 37.7795769 ], [ 140.47761014, 37.77966371 ], [ 140.47745063, 37.77977538 ], [ 140.47730525, 37.77990627 ], [ 140.47725669, 37.77994257 ], [ 140.47722897, 37.77996216 ], [ 140.47700026000001, 37.78014333 ], [ 140.47661946, 37.78046036 ], [ 140.47636477, 37.78068828 ], [ 140.47619845, 37.78081927 ], [ 140.47601834, 37.78096977 ], [ 140.47595934, 37.78100881 ], [ 140.47580997, 37.78108439 ], [ 140.47561502, 37.78113529 ], [ 140.47543402, 37.7811833 ], [ 140.4752981, 37.78119882 ], [ 140.47528064, 37.78120089 ], [ 140.47484618, 37.78127745 ], [ 140.47458149, 37.78129438 ], [ 140.47438759, 37.78128263 ], [ 140.47422259000001, 37.78124762 ], [ 140.47412247, 37.7812134 ], [ 140.47414448000001, 37.78129747 ], [ 140.47416509000001, 37.78134241 ], [ 140.47419282000001, 37.78138956 ], [ 140.47428616, 37.78150591 ], [ 140.47432022000001, 37.78154261 ], [ 140.47410087, 37.78152085 ], [ 140.47378596, 37.78144387 ], [ 140.4735249, 37.78138278 ], [ 140.47320543000001, 37.78125978 ], [ 140.47289376000001, 37.78108436 ], [ 140.47268589000001, 37.78095413 ], [ 140.47244456000001, 37.78078481 ], [ 140.47235485, 37.78076531 ], [ 140.47197549000001, 37.78072668 ], [ 140.47177145000001, 37.78071568 ], [ 140.47166918, 37.78068385 ], [ 140.47177964, 37.78064158 ], [ 140.47190619, 37.7805988 ], [ 140.47207055000001, 37.7805544 ], [ 140.47231904, 37.78048913 ], [ 140.47248144, 37.78043419 ], [ 140.47256822, 37.78039754 ], [ 140.47244985, 37.7802885 ], [ 140.47229144, 37.78014351 ], [ 140.47203879, 37.77994735 ], [ 140.47192254000001, 37.77986225 ], [ 140.47176833, 37.77976693 ], [ 140.47165424, 37.77971194 ], [ 140.4715458, 37.77965832 ], [ 140.47140614, 37.77960417 ], [ 140.47123139000001, 37.77953908 ], [ 140.47097879, 37.77945485 ], [ 140.47074515, 37.77937333 ], [ 140.47056062, 37.77933083 ], [ 140.4703973, 37.7792371 ], [ 140.47021615, 37.779175 ], [ 140.47004198, 37.77907838 ], [ 140.46988911, 37.77894166 ], [ 140.46981483, 37.7788749 ], [ 140.46963151, 37.77880254 ], [ 140.46944311, 37.77873204 ], [ 140.46927254, 37.77863539 ], [ 140.46918073000001, 37.77845822 ], [ 140.46905925, 37.77816012 ], [ 140.46901320000001, 37.77808504 ], [ 140.46890372, 37.7779509 ], [ 140.46872464, 37.77770534 ], [ 140.46864787000001, 37.77755314 ], [ 140.46863519, 37.77751238 ], [ 140.46860855, 37.77746677 ], [ 140.46856363000001, 37.77724893 ], [ 140.46849944, 37.77712566 ], [ 140.46846359, 37.77708277 ], [ 140.46839329, 37.77696095 ], [ 140.46827863, 37.77680613 ], [ 140.46794013, 37.77634504 ], [ 140.46742849, 37.7755788 ], [ 140.46732718000001, 37.77543983 ], [ 140.46739088000001, 37.77537064 ], [ 140.46740648, 37.77533367 ], [ 140.46742605, 37.77526711 ], [ 140.46743689, 37.77514034 ], [ 140.46735628, 37.77479162 ], [ 140.46731884, 37.77463413 ], [ 140.46672386, 37.77368123 ], [ 140.46624976000001, 37.77383104 ], [ 140.46616412, 37.77373999 ], [ 140.46576474, 37.77380675 ], [ 140.46546012, 37.77384373 ], [ 140.46511666000001, 37.77387485 ], [ 140.46512084, 37.77390256 ], [ 140.46467916, 37.77397603 ], [ 140.4644143, 37.77404686 ], [ 140.46433275000001, 37.774067 ], [ 140.46424821, 37.77407436 ], [ 140.46415625, 37.77406443 ], [ 140.46405538, 37.77404427 ], [ 140.46388097, 37.77401071 ], [ 140.46375414, 37.77399858 ], [ 140.46351159, 37.77396637 ], [ 140.46325979, 37.77394716 ], [ 140.46315237, 37.77393886 ], [ 140.46295796000001, 37.77392089 ], [ 140.46272111, 37.77392216 ], [ 140.46248079, 37.77394991 ], [ 140.46224433, 37.77399228 ], [ 140.46214459000001, 37.77401632 ], [ 140.46202270000001, 37.77404344 ], [ 140.46184172, 37.77408256 ], [ 140.46164562000001, 37.77408938 ], [ 140.46134897, 37.77410504 ], [ 140.46107431, 37.77407145 ], [ 140.46086713, 37.77403158 ], [ 140.46063078, 37.77400496 ], [ 140.46044227, 37.77393937 ], [ 140.46028935000001, 37.77389302 ], [ 140.46014708000001, 37.77383816 ], [ 140.46007882000001, 37.77379826 ], [ 140.45996866, 37.77373366 ], [ 140.45973238, 37.7736137 ], [ 140.45949933, 37.77357805 ], [ 140.45927947000001, 37.77356486 ], [ 140.45910692000001, 37.7735355 ], [ 140.45881022, 37.77341741 ], [ 140.45871536000001, 37.77335751 ], [ 140.45860110000001, 37.77330067 ], [ 140.45835684, 37.77315414 ], [ 140.45810731, 37.77300355 ], [ 140.45778649, 37.77282152 ], [ 140.45769974000001, 37.77278228 ], [ 140.45762969, 37.77276688 ], [ 140.45756118, 37.77276696 ], [ 140.45727294, 37.77279975 ], [ 140.45695839000001, 37.77284646 ], [ 140.45667929000001, 37.77289637 ], [ 140.45629849, 37.77294921 ], [ 140.45609669000001, 37.772979 ], [ 140.45580497, 37.77302109 ], [ 140.45540002000001, 37.77308053 ], [ 140.45503842, 37.7731265 ], [ 140.45481174, 37.77312544 ], [ 140.45466274, 37.77309723 ], [ 140.45455763000001, 37.77306146 ], [ 140.45439250000001, 37.77295505 ], [ 140.45424358, 37.77281884 ], [ 140.45409486, 37.7726542 ], [ 140.45403268000001, 37.77259413 ], [ 140.45395958, 37.77254819 ], [ 140.4539069, 37.77252172 ], [ 140.45380320000001, 37.77249594 ], [ 140.45368831, 37.77248444 ], [ 140.45365464, 37.77228653 ], [ 140.45360312, 37.7721063 ], [ 140.45356150000001, 37.77185268 ], [ 140.45351691, 37.77155726 ], [ 140.45348468, 37.77126628 ], [ 140.4536627, 37.77126069 ], [ 140.45386027000001, 37.77129161 ], [ 140.45408850000001, 37.77133673 ], [ 140.45420390000001, 37.77115985 ], [ 140.45441173, 37.77040863 ], [ 140.45450013000001, 37.77008379 ], [ 140.45459932, 37.76972876 ], [ 140.45469008000001, 37.76931099 ], [ 140.45475389000001, 37.76892967 ], [ 140.45481651, 37.76866241 ], [ 140.45481827, 37.76865494 ], [ 140.45488368, 37.76863545 ], [ 140.45510856000001, 37.76894244 ], [ 140.45508004000001, 37.76902623 ], [ 140.45500943, 37.76912332 ], [ 140.45515747, 37.76920208 ], [ 140.45547901, 37.76922361 ], [ 140.45583974, 37.76932941 ], [ 140.45618177, 37.76941461 ], [ 140.45642179000001, 37.76946909 ], [ 140.45669094, 37.76951399 ], [ 140.45681061, 37.7695463 ], [ 140.45682563, 37.76955045 ], [ 140.45713579, 37.76960442 ], [ 140.45730509000001, 37.76958493 ], [ 140.45745638, 37.76950219 ], [ 140.45760089000001, 37.76941372 ], [ 140.45791603000001, 37.76915384 ], [ 140.45820456000001, 37.76885201 ], [ 140.45832057000001, 37.76874932 ], [ 140.45836008000001, 37.76858679 ], [ 140.45847398000001, 37.76823365 ], [ 140.45840923, 37.76817838 ], [ 140.45833266, 37.76810445 ], [ 140.45903072, 37.76773906 ], [ 140.45956621, 37.76749505 ], [ 140.45954085, 37.76725851 ], [ 140.45935344, 37.76651277 ], [ 140.45955488000001, 37.76647298 ], [ 140.45968314000001, 37.7664623 ], [ 140.45995123, 37.76640837 ], [ 140.46018452000001, 37.7663128 ], [ 140.46031176, 37.76657976 ], [ 140.46019856000001, 37.76663147 ], [ 140.46004374, 37.76668945 ], [ 140.46004471000001, 37.76680363 ], [ 140.46012889, 37.76690243 ], [ 140.460686, 37.76693565 ], [ 140.46091335, 37.76720729 ], [ 140.46092517, 37.76722145 ], [ 140.46151892, 37.76711002 ], [ 140.46250069000001, 37.76697103 ], [ 140.4628074, 37.76695433 ], [ 140.46291745, 37.76698077 ], [ 140.46323681000001, 37.76711746 ], [ 140.46344189000001, 37.76718254 ], [ 140.4638558, 37.76730056 ], [ 140.46400362, 37.76664271 ], [ 140.46460148, 37.76656728 ], [ 140.46456732, 37.76611652 ], [ 140.46522696, 37.76617902 ], [ 140.46537132, 37.76499745 ], [ 140.46606951000001, 37.7650379 ] ] ] } },
{ "type": "Feature", "properties": { "DIDid": 720102, "行政コード": "07201", "市町村名称": "福島市", "DID符号": 2, "人口": 9130, "面積": 1.95, "前回人口": 9683, "前回面積": 1.91, "人口割合": 3.1, "面積割合": 0.3, "調査年度": 2015 }, "geometry": { "type": "Polygon", "coordinates": [ [ [ 140.48437036000001, 37.70311802 ], [ 140.48449283, 37.7030195 ], [ 140.48466124000001, 37.70282597 ], [ 140.48479620000001, 37.70269696 ], [ 140.48498236, 37.70258781 ], [ 140.48543579, 37.70241115 ], [ 140.48533042, 37.70227009 ], [ 140.48527074, 37.70225353 ], [ 140.48518994, 37.70225398 ], [ 140.48510929, 37.70227132 ], [ 140.48501612000001, 37.70231576 ], [ 140.48483428, 37.70243165 ], [ 140.48451098000001, 37.70241992 ], [ 140.48447238, 37.70238282 ], [ 140.48426877, 37.70244153 ], [ 140.48410145, 37.7022735 ], [ 140.48407008000001, 37.70226734 ], [ 140.48398217, 37.70225051 ], [ 140.48390043000001, 37.70214283 ], [ 140.48386219, 37.70214642 ], [ 140.48380048000001, 37.70195811 ], [ 140.48228717000001, 37.70243979 ], [ 140.48122187000001, 37.70279382 ], [ 140.48079776, 37.70280854 ], [ 140.48079223, 37.70306988 ], [ 140.4797533, 37.70285004 ], [ 140.47934189, 37.70273108 ], [ 140.47857112, 37.70233377 ], [ 140.47827403, 37.70224867 ], [ 140.47780731, 37.70220787 ], [ 140.47705877000001, 37.70221928 ], [ 140.47582863, 37.70226697 ], [ 140.47446145000001, 37.70216784 ], [ 140.47433555000001, 37.70215684 ], [ 140.47415528, 37.70215951 ], [ 140.47415944, 37.70156155 ], [ 140.47416978000001, 37.70136819 ], [ 140.47412059000001, 37.7012326 ], [ 140.47408254000001, 37.70117663 ], [ 140.47392135000001, 37.70087411 ], [ 140.47411732, 37.70088937 ], [ 140.47420622000001, 37.7007543 ], [ 140.47422836000001, 37.70055341 ], [ 140.47434568, 37.70035468 ], [ 140.47470224, 37.7004489 ], [ 140.47503974, 37.70046973 ], [ 140.47607062, 37.70047016 ], [ 140.47598282000001, 37.70081909 ], [ 140.47610842, 37.70138523 ], [ 140.47687429000001, 37.70138105 ], [ 140.47683833, 37.70088552 ], [ 140.47668920000001, 37.70088732 ], [ 140.47668803, 37.7004651 ], [ 140.47688377, 37.70045967 ], [ 140.47777655, 37.70046112 ], [ 140.47893975, 37.70044687 ], [ 140.47969658, 37.70045483 ], [ 140.48002158, 37.70042798 ], [ 140.48051377, 37.70031701 ], [ 140.48075131, 37.70021236 ], [ 140.48095779, 37.70010198 ], [ 140.481268, 37.69987726 ], [ 140.48144721, 37.69968325 ], [ 140.48144989, 37.69968028 ], [ 140.48164685, 37.69935651 ], [ 140.48175786, 37.69889918 ], [ 140.48175336, 37.69870308 ], [ 140.48175107, 37.69868902 ], [ 140.48203951, 37.69870263 ], [ 140.48211475, 37.69870039 ], [ 140.48217772000001, 37.69868836 ], [ 140.48222368, 37.69867093 ], [ 140.4822647, 37.69863973 ], [ 140.48238005, 37.69850802 ], [ 140.48242083, 37.69845584 ], [ 140.48248331, 37.69838215 ], [ 140.48253386, 37.69833752 ], [ 140.48258007000001, 37.69830826 ], [ 140.48253783000001, 37.69826372 ], [ 140.48252880000001, 37.69821985 ], [ 140.48294677000001, 37.69750811 ], [ 140.48249232000001, 37.69727127 ], [ 140.48242592, 37.69715422 ], [ 140.48237647, 37.69700413 ], [ 140.48216895, 37.6967655 ], [ 140.48192958000001, 37.69645019 ], [ 140.48201486, 37.6957759 ], [ 140.48197642, 37.69570502 ], [ 140.48181645, 37.69550921 ], [ 140.48168754, 37.69531845 ], [ 140.48160351000001, 37.69495666 ], [ 140.48145002000001, 37.69471155 ], [ 140.48123381, 37.69437386 ], [ 140.48137111, 37.69434297 ], [ 140.48159789, 37.69431174 ], [ 140.48185229000001, 37.69428837 ], [ 140.48237863, 37.69429364 ], [ 140.48266778000001, 37.69431401 ], [ 140.48328738000001, 37.69455528 ], [ 140.48351156000001, 37.69462233 ], [ 140.48363895, 37.69463261 ], [ 140.48384319, 37.69369494 ], [ 140.48455231, 37.69380014 ], [ 140.48503601, 37.6938573 ], [ 140.48553498000001, 37.69389945 ], [ 140.48569252, 37.6938876 ], [ 140.4858806, 37.69384306 ], [ 140.4860651, 37.69377952 ], [ 140.48654576000001, 37.69349078 ], [ 140.48727338, 37.6930334 ], [ 140.48728755, 37.69304839 ], [ 140.48761242, 37.69339377 ], [ 140.48776846000001, 37.69360521 ], [ 140.48785470000001, 37.6938621 ], [ 140.48787431, 37.69453736 ], [ 140.48787937, 37.69471979 ], [ 140.48790757, 37.6953936 ], [ 140.48789532000001, 37.69556247 ], [ 140.48785773, 37.69577105 ], [ 140.48755124, 37.69637998 ], [ 140.48743593, 37.69671161 ], [ 140.48748343, 37.69705164 ], [ 140.4876744, 37.69733103 ], [ 140.48791935, 37.69751762 ], [ 140.48816878, 37.69762929 ], [ 140.48878426, 37.69786 ], [ 140.48947719, 37.69637744 ], [ 140.4896943, 37.69612309 ], [ 140.48992372000001, 37.69584812 ], [ 140.489993, 37.69566752 ], [ 140.4900185, 37.69538453 ], [ 140.48999367, 37.69509479 ], [ 140.49002458000001, 37.69490807 ], [ 140.49006221, 37.69470484 ], [ 140.48959274000001, 37.69471027 ], [ 140.48960906, 37.69442015 ], [ 140.48978129, 37.69374382 ], [ 140.48936667000001, 37.69374895 ], [ 140.48934899, 37.69305918 ], [ 140.48921984, 37.69274284 ], [ 140.48915868, 37.69259253 ], [ 140.48888649, 37.69233978 ], [ 140.48828687, 37.69184753 ], [ 140.48896315, 37.6913465 ], [ 140.48864352000001, 37.69136968 ], [ 140.48836953, 37.69139486 ], [ 140.48835418, 37.69139241 ], [ 140.48828614000001, 37.69130071 ], [ 140.4882453, 37.69125406 ], [ 140.48818271, 37.69121357 ], [ 140.48798549, 37.69107388 ], [ 140.48780345, 37.6909631 ], [ 140.48763536000001, 37.69084183 ], [ 140.4874489, 37.69091833 ], [ 140.4873767, 37.69109444 ], [ 140.48729825000001, 37.69118934 ], [ 140.48692494, 37.69098023 ], [ 140.48591224, 37.69080112 ], [ 140.48511088000001, 37.69066533 ], [ 140.48515155000001, 37.69061611 ], [ 140.48501636, 37.69023969 ], [ 140.4847706, 37.69015516 ], [ 140.48403478, 37.68987061 ], [ 140.48353750000001, 37.68982704 ], [ 140.48317447, 37.6900429 ], [ 140.4831811, 37.69041187 ], [ 140.48261228000001, 37.6904136 ], [ 140.48206129, 37.6904983 ], [ 140.48178138, 37.69062246 ], [ 140.48193255000001, 37.69137485 ], [ 140.48202506000001, 37.69187682 ], [ 140.4822208, 37.69201569 ], [ 140.48208029, 37.69209929 ], [ 140.4818341, 37.69224576 ], [ 140.48152511000001, 37.69190464 ], [ 140.48131162000001, 37.69131815 ], [ 140.48118241, 37.69099167 ], [ 140.48117928, 37.69098366 ], [ 140.48098292, 37.69043186 ], [ 140.4808333, 37.69042607 ], [ 140.48063769000001, 37.69047994 ], [ 140.48042798, 37.69048109 ], [ 140.48007376000001, 37.69045769 ], [ 140.47994331000001, 37.69048742 ], [ 140.47954949000001, 37.69063206 ], [ 140.47909517, 37.69081321 ], [ 140.47903175, 37.69085467 ], [ 140.47898051000001, 37.69090563 ], [ 140.47865212, 37.69141582 ], [ 140.47851682000001, 37.69158044 ], [ 140.47845664, 37.69165356 ], [ 140.47828773000001, 37.6917995 ], [ 140.47813671, 37.69190887 ], [ 140.47796142000001, 37.69202345 ], [ 140.47776028000001, 37.69213437 ], [ 140.47801251000001, 37.69247018 ], [ 140.47786734, 37.69252943 ], [ 140.47762657000001, 37.69261635 ], [ 140.47733482000001, 37.69270805 ], [ 140.47704194, 37.69280065 ], [ 140.4767071, 37.6929087 ], [ 140.47530793000001, 37.69338502 ], [ 140.47456037000001, 37.69361886 ], [ 140.47362589, 37.6939296 ], [ 140.47256063, 37.69392807 ], [ 140.47265151, 37.69317449 ], [ 140.47213365, 37.69308846 ], [ 140.47195925, 37.69312277 ], [ 140.47173232, 37.69319229 ], [ 140.47138204000001, 37.69334638 ], [ 140.47099218, 37.69354391 ], [ 140.47095226, 37.69355764 ], [ 140.47089487, 37.69352838 ], [ 140.47017222, 37.69308839 ], [ 140.46990672000001, 37.6930252 ], [ 140.46984289, 37.69367656 ], [ 140.46864996, 37.69360726 ], [ 140.46867882000001, 37.69326287 ], [ 140.46734526, 37.69318206 ], [ 140.46732850000001, 37.69337743 ], [ 140.46765477, 37.69388744 ], [ 140.46764867, 37.69395125 ], [ 140.46761821000001, 37.69427002 ], [ 140.46583099, 37.69414857 ], [ 140.46585915, 37.6937566 ], [ 140.46496385, 37.69410648 ], [ 140.46481546000001, 37.6941474 ], [ 140.46464322, 37.69422773 ], [ 140.46478084, 37.69444733 ], [ 140.46476792000001, 37.69456862 ], [ 140.4647463, 37.69480315 ], [ 140.46470248, 37.69527784 ], [ 140.46485033, 37.69528226 ], [ 140.46483928000001, 37.69553025 ], [ 140.46430757, 37.69549589 ], [ 140.46438692000001, 37.69552788 ], [ 140.46393658, 37.69549623 ], [ 140.46354008, 37.69552566 ], [ 140.46278811, 37.69599921 ], [ 140.46275701, 37.69601473 ], [ 140.46272011, 37.69602863 ], [ 140.46256176, 37.69608828 ], [ 140.46251859, 37.69601664 ], [ 140.46232383, 37.69600505 ], [ 140.46220124000001, 37.69599039 ], [ 140.46212967, 37.695975 ], [ 140.462099, 37.69596841 ], [ 140.46191945000001, 37.69592251 ], [ 140.46185183, 37.69546746 ], [ 140.46148119, 37.69550033 ], [ 140.46151234000001, 37.69585299 ], [ 140.46151743, 37.69591083 ], [ 140.46147231, 37.69700194 ], [ 140.46147078000001, 37.69703908 ], [ 140.46146265, 37.69723608 ], [ 140.46146411000001, 37.69736715 ], [ 140.46143829, 37.69883332 ], [ 140.46185702, 37.69884319 ], [ 140.46183961, 37.69916794 ], [ 140.46196804, 37.69912741 ], [ 140.46204520000001, 37.69911686 ], [ 140.46212798, 37.6991098 ], [ 140.46216172000001, 37.69911399 ], [ 140.46221807000001, 37.69912932 ], [ 140.4622576, 37.69915262 ], [ 140.46231276, 37.69920132 ], [ 140.46241165000001, 37.69926668 ], [ 140.46250759, 37.69931741 ], [ 140.46264004, 37.69937021 ], [ 140.4627119, 37.69939769 ], [ 140.46280819, 37.69940774 ], [ 140.46291638, 37.69940941 ], [ 140.46304534000001, 37.69937874 ], [ 140.46310980000001, 37.69935939 ], [ 140.46313715, 37.69935242 ], [ 140.46337048000001, 37.69962527 ], [ 140.46365998, 37.69979762 ], [ 140.46369115, 37.69986233 ], [ 140.46362056000001, 37.70009698 ], [ 140.46366879000001, 37.7001688 ], [ 140.46371994, 37.70018294 ], [ 140.46373646000001, 37.70012519 ], [ 140.46381798, 37.69997518 ], [ 140.46399633, 37.69987781 ], [ 140.46417282, 37.69982911 ], [ 140.46429855, 37.700028 ], [ 140.46436805, 37.70004239 ], [ 140.46436688, 37.70008222 ], [ 140.4643581, 37.70023841 ], [ 140.46456897, 37.7004172 ], [ 140.46468446, 37.70049697 ], [ 140.46482111, 37.70059437 ], [ 140.46498241, 37.70068431 ], [ 140.46512804, 37.7007497 ], [ 140.46534453000001, 37.70080246 ], [ 140.46582393, 37.70090787 ], [ 140.46620399, 37.70101509 ], [ 140.46622499, 37.70102103 ], [ 140.4667275, 37.70116094 ], [ 140.46682176, 37.70118085 ], [ 140.46690829, 37.70119263 ], [ 140.46702546, 37.70117722 ], [ 140.46716096, 37.70113975 ], [ 140.46729918, 37.70105805 ], [ 140.46775147, 37.70048725 ], [ 140.4678712, 37.70065794 ], [ 140.46789201000001, 37.70068768 ], [ 140.46804308, 37.70092846 ], [ 140.46830851000001, 37.70093351 ], [ 140.46862098, 37.70119143 ], [ 140.46874614000001, 37.70150528 ], [ 140.46875669, 37.70178103 ], [ 140.46870464, 37.7019725 ], [ 140.46780539, 37.70202142 ], [ 140.46765048, 37.70206336 ], [ 140.46762777000001, 37.70254329 ], [ 140.46763375, 37.70254354 ], [ 140.46854198, 37.70257061 ], [ 140.46890561000001, 37.70262482 ], [ 140.46952814, 37.70272733 ], [ 140.46949297, 37.7026346 ], [ 140.46952657, 37.70254403 ], [ 140.46958142, 37.70251924 ], [ 140.46996897, 37.70257867 ], [ 140.47043502, 37.70276199 ], [ 140.47055560000001, 37.7027833 ], [ 140.47119634000001, 37.70287543 ], [ 140.47142738, 37.70293429 ], [ 140.47177639, 37.7031129 ], [ 140.47192824000001, 37.70314361 ], [ 140.47203832, 37.70316877 ], [ 140.47201843, 37.70325645 ], [ 140.47204626000001, 37.70328911 ], [ 140.47242745, 37.70340868 ], [ 140.47257916000001, 37.70344882 ], [ 140.47279436, 37.70346821 ], [ 140.47290772, 37.70344831 ], [ 140.47300005, 37.7033822 ], [ 140.47314041000001, 37.70330217 ], [ 140.47341485000001, 37.70321058 ], [ 140.4737064, 37.7031051 ], [ 140.47390215, 37.70306306 ], [ 140.47411872000001, 37.70304274 ], [ 140.47435938000001, 37.70302496 ], [ 140.47467091, 37.70304381 ], [ 140.47486741, 37.7030892 ], [ 140.47507083, 37.70314005 ], [ 140.47527414000001, 37.70317442 ], [ 140.47550821, 37.70318961 ], [ 140.47579351, 37.70316074 ], [ 140.47580046, 37.7031607 ], [ 140.47615987, 37.70315734 ], [ 140.47642509, 37.70319418 ], [ 140.47667978000001, 37.70320096 ], [ 140.47703396, 37.70318255 ], [ 140.47767347000001, 37.70313273 ], [ 140.47800073, 37.70318275 ], [ 140.47817116, 37.70324996 ], [ 140.4786416, 37.70348954 ], [ 140.47943568, 37.70368694 ], [ 140.47953441000001, 37.70371146 ], [ 140.48085343, 37.70403915 ], [ 140.4810291, 37.70406282 ], [ 140.48131309, 37.70408167 ], [ 140.48153307000001, 37.70405596 ], [ 140.48173232, 37.70401925 ], [ 140.48195534000001, 37.70394974 ], [ 140.48293317, 37.70364363 ], [ 140.48418528, 37.70322393 ], [ 140.48437036000001, 37.70311802 ] ] ] } },
{ "type": "Feature", "properties": { "DIDid": 720103, "行政コード": "07201", "市町村名称": "福島市", "DID符号": 3, "人口": 7422, "面積": 1.81, "前回人口": 7639, "前回面積": 1.85, "人口割合": 2.5, "面積割合": 0.2, "調査年度": 2015 }, "geometry": { "type": "Polygon", "coordinates": [ [ [ 140.45160911, 37.83694135 ], [ 140.45201577, 37.83637876 ], [ 140.45217976000001, 37.8364428 ], [ 140.45219972000001, 37.83646254 ], [ 140.45213716000001, 37.83655058 ], [ 140.45213995, 37.83656535 ], [ 140.45228598, 37.83669002 ], [ 140.45252044, 37.83650366 ], [ 140.45268161000001, 37.83638469 ], [ 140.4528102, 37.83631292 ], [ 140.45309658, 37.8361902 ], [ 140.45318301, 37.83611864 ], [ 140.45330611, 37.8360217 ], [ 140.45348442, 37.83590377 ], [ 140.45388484, 37.83569978 ], [ 140.45434011, 37.83527911 ], [ 140.45456723000001, 37.8350435 ], [ 140.45466436000001, 37.83489883 ], [ 140.45475746, 37.83478135 ], [ 140.45488001000001, 37.8346043 ], [ 140.4549687, 37.83446811 ], [ 140.45504243, 37.83433891 ], [ 140.45506296, 37.83423532 ], [ 140.45506712, 37.83409719 ], [ 140.45506586, 37.83394628 ], [ 140.45513331000001, 37.8337025 ], [ 140.45517311, 37.83360051 ], [ 140.45520737000001, 37.83347911 ], [ 140.45533495000001, 37.83339369 ], [ 140.45556970000001, 37.83333979 ], [ 140.45606526, 37.83327438 ], [ 140.45630079, 37.83325512 ], [ 140.45629499, 37.83330358 ], [ 140.45629099000001, 37.83331331 ], [ 140.45624598000001, 37.83332327 ], [ 140.45610265, 37.83334036 ], [ 140.45591426, 37.83336078 ], [ 140.45584466, 37.83337579 ], [ 140.45583463, 37.8333971 ], [ 140.45590847, 37.83340642 ], [ 140.45603562, 37.83341223 ], [ 140.45614217, 37.83341166 ], [ 140.45625703, 37.83341753 ], [ 140.45630534, 37.83343755 ], [ 140.45637532000001, 37.83347308 ], [ 140.45652107000001, 37.83349652 ], [ 140.4566113, 37.83350252 ], [ 140.45666046, 37.83350071 ], [ 140.45670245, 37.83349641 ], [ 140.45680764, 37.8335723 ], [ 140.45690224000001, 37.83361234 ], [ 140.45684465, 37.83383058 ], [ 140.45701561000001, 37.83393203 ], [ 140.45715723000001, 37.83383301 ], [ 140.45738846, 37.83378786 ], [ 140.45759293, 37.83373145 ], [ 140.45779926, 37.83364912 ], [ 140.45777527000001, 37.83347693 ], [ 140.45776647, 37.8334384 ], [ 140.45789293000001, 37.83345279 ], [ 140.4581327, 37.83345152 ], [ 140.45825156000001, 37.83344751 ], [ 140.45830077, 37.83344725 ], [ 140.45833998000001, 37.83348126 ], [ 140.45835039, 37.83350077 ], [ 140.45837324, 37.83353627 ], [ 140.45843282000001, 37.83355073 ], [ 140.4585559, 37.83356303 ], [ 140.45866571, 37.83358117 ], [ 140.45877436000001, 37.83358707 ], [ 140.4588522, 37.83357694 ], [ 140.45888494, 37.83357015 ], [ 140.45894814, 37.83353406 ], [ 140.45899106, 37.83351919 ], [ 140.45920926, 37.83350761 ], [ 140.45923589, 37.83350747 ], [ 140.45925007, 37.83360566 ], [ 140.45928908, 37.83361531 ], [ 140.4593118, 37.83363617 ], [ 140.45932223, 37.83365737 ], [ 140.45932735, 37.83378081 ], [ 140.45935501, 37.83389779 ], [ 140.45940822, 37.83400718 ], [ 140.45946013, 37.83408983 ], [ 140.45951601, 37.83415443 ], [ 140.45961492000001, 37.83421571 ], [ 140.45974869, 37.83428004 ], [ 140.45996098000001, 37.8344204 ], [ 140.46019792000001, 37.83432003 ], [ 140.46012930000001, 37.83420326 ], [ 140.46007311, 37.83410276 ], [ 140.46000057000001, 37.83401051 ], [ 140.45997109000001, 37.83391479 ], [ 140.45997036, 37.83382863 ], [ 140.45998032, 37.83379437 ], [ 140.46007658, 37.83378907 ], [ 140.46029178000001, 37.83378469 ], [ 140.46035236, 37.8338014 ], [ 140.46043655, 37.83381714 ], [ 140.46051444, 37.83381842 ], [ 140.46057784000001, 37.8338002 ], [ 140.46069852, 37.83377028 ], [ 140.46074551000001, 37.83375369 ], [ 140.46078652, 37.83375348 ], [ 140.46085027000001, 37.83378242 ], [ 140.46088952, 37.83381642 ], [ 140.46158936, 37.83379397 ], [ 140.46153135, 37.83360436 ], [ 140.46150117, 37.83346303 ], [ 140.46150017, 37.83334464 ], [ 140.46152081, 37.83320923 ], [ 140.4614985, 37.83299635 ], [ 140.46143164, 37.8326049 ], [ 140.46143066, 37.83248947 ], [ 140.4614479, 37.83235127 ], [ 140.46151882000001, 37.83225164 ], [ 140.46164545, 37.83220225 ], [ 140.46191226, 37.83223982 ], [ 140.46203946, 37.83225702 ], [ 140.46212014, 37.83222013 ], [ 140.46225261000001, 37.83213157 ], [ 140.46231975000001, 37.83207434 ], [ 140.46238254, 37.83198953 ], [ 140.46248876000001, 37.83194504 ], [ 140.46263807, 37.8319068 ], [ 140.46278526, 37.83186377 ], [ 140.46291601, 37.83181268 ], [ 140.46298525, 37.8317619 ], [ 140.46306534000001, 37.83165659 ], [ 140.46313607, 37.83154077 ], [ 140.46318047, 37.8314593 ], [ 140.46318352, 37.83133737 ], [ 140.46318296000001, 37.83127233 ], [ 140.46320929000001, 37.83123164 ], [ 140.4632912, 37.83122459 ], [ 140.46347294, 37.83124276 ], [ 140.46356303, 37.83122187 ], [ 140.46362747000001, 37.83119688 ], [ 140.46368143000001, 37.83112311 ], [ 140.46371635, 37.83103451 ], [ 140.46371535, 37.83091611 ], [ 140.46371002000001, 37.83081182 ], [ 140.46376904, 37.83067537 ], [ 140.46377542, 37.83064352 ], [ 140.46375799, 37.83055618 ], [ 140.46373905, 37.8304255 ], [ 140.46375438000001, 37.83039712 ], [ 140.46384973, 37.83033818 ], [ 140.46398276, 37.83025258 ], [ 140.46404474, 37.83019931 ], [ 140.4640354, 37.83014981 ], [ 140.46401542000001, 37.83002884 ], [ 140.46402797, 37.82993332 ], [ 140.46408218, 37.82975438 ], [ 140.46412748, 37.82957562 ], [ 140.46424554000001, 37.82921796 ], [ 140.46367737, 37.8284526 ], [ 140.46362688, 37.82829815 ], [ 140.46366159, 37.828189 ], [ 140.46382691, 37.82807633 ], [ 140.46393768, 37.82793707 ], [ 140.46377589, 37.82786402 ], [ 140.4636631, 37.82777171 ], [ 140.46359632, 37.82769914 ], [ 140.46346079, 37.82758864 ], [ 140.463346, 37.8274955 ], [ 140.46318868, 37.82736893 ], [ 140.46307439, 37.82733955 ], [ 140.46267274, 37.8272813 ], [ 140.46268495000001, 37.82722422 ], [ 140.46271153000001, 37.82712538 ], [ 140.46271934000001, 37.82705157 ], [ 140.46272730000001, 37.82699127 ], [ 140.46270134, 37.82691778 ], [ 140.46262875, 37.82682427 ], [ 140.46253068, 37.82671441 ], [ 140.4625682, 37.82665396 ], [ 140.46259293, 37.82658343 ], [ 140.46263383, 37.82642906 ], [ 140.46251144, 37.82593739 ], [ 140.46251346, 37.82567946 ], [ 140.46256605, 37.82540789 ], [ 140.46208535, 37.82539286 ], [ 140.4620917, 37.82534031 ], [ 140.46189486, 37.82534136 ], [ 140.46178536, 37.82563126 ], [ 140.46164423, 37.82559695 ], [ 140.46132517000001, 37.82558528 ], [ 140.46119698000001, 37.82557583 ], [ 140.46119064000001, 37.82582758 ], [ 140.46067719000001, 37.8259069 ], [ 140.46044424, 37.82594517 ], [ 140.46036154000001, 37.82579905 ], [ 140.45973591000001, 37.82595231 ], [ 140.45958969, 37.82601419 ], [ 140.45914269, 37.82622788 ], [ 140.45927025, 37.82652961 ], [ 140.45862542, 37.82676857 ], [ 140.45862415, 37.82683446 ], [ 140.45862361, 37.82706887 ], [ 140.45842618, 37.82706823 ], [ 140.45810027, 37.82716583 ], [ 140.45804815, 37.82706348 ], [ 140.45786344000001, 37.82679133 ], [ 140.45810446, 37.82669418 ], [ 140.45838646000001, 37.82659512 ], [ 140.45862984, 37.82653541 ], [ 140.45864874, 37.82598343 ], [ 140.45865985, 37.8257225 ], [ 140.45768439, 37.82572767 ], [ 140.45725809000001, 37.82572824 ], [ 140.4571962, 37.82591877 ], [ 140.45703395000001, 37.82624385 ], [ 140.45679671, 37.82666859 ], [ 140.4563843, 37.82739243 ], [ 140.45614759, 37.82734905 ], [ 140.45608227, 37.82737544 ], [ 140.45601835, 37.82745138 ], [ 140.45594966, 37.82757366 ], [ 140.4558526, 37.82773031 ], [ 140.45581465000001, 37.82784595 ], [ 140.45578308, 37.82811347 ], [ 140.45606015000001, 37.8281441 ], [ 140.45613587, 37.82790212 ], [ 140.45618509, 37.82790805 ], [ 140.45626275000001, 37.82770885 ], [ 140.45641231, 37.82774692 ], [ 140.45638655, 37.82785588 ], [ 140.45629687, 37.828162 ], [ 140.45625391, 37.82829301 ], [ 140.4561712, 37.82844789 ], [ 140.45601158, 37.82872185 ], [ 140.45589294000001, 37.82892465 ], [ 140.45554113, 37.82878741 ], [ 140.45550233, 37.82874862 ], [ 140.45527361000001, 37.8287846 ], [ 140.45489293, 37.82884067 ], [ 140.45484855000001, 37.82861706 ], [ 140.45469124, 37.8279562 ], [ 140.45461759, 37.82766559 ], [ 140.45453774000001, 37.82728828 ], [ 140.45448476000001, 37.82685424 ], [ 140.45444773, 37.82651768 ], [ 140.45437464, 37.82609403 ], [ 140.45433846, 37.82562062 ], [ 140.45435016, 37.8251585 ], [ 140.45437892000001, 37.82487354 ], [ 140.45443185, 37.8244961 ], [ 140.45451987000001, 37.82422463 ], [ 140.45454227, 37.82417017 ], [ 140.45456301, 37.82391806 ], [ 140.4546392, 37.8237176 ], [ 140.45474946, 37.82349965 ], [ 140.45484304, 37.82326686 ], [ 140.45509155, 37.8228201 ], [ 140.45534035, 37.82240291 ], [ 140.45557157, 37.82203354 ], [ 140.45487082, 37.82210778 ], [ 140.45381313, 37.82228792 ], [ 140.45288518000001, 37.8224357 ], [ 140.45196184, 37.82252024 ], [ 140.45194249, 37.82199789 ], [ 140.45149302, 37.82203671 ], [ 140.45093396, 37.82210342 ], [ 140.45088581, 37.8220658 ], [ 140.45086818, 37.82203126 ], [ 140.45083858000001, 37.8218712 ], [ 140.45085523, 37.82178749 ], [ 140.45089846, 37.82167196 ], [ 140.45096185, 37.82148326 ], [ 140.45106299, 37.82141557 ], [ 140.45135636000001, 37.82122313 ], [ 140.45119891, 37.82092282 ], [ 140.45119774, 37.82090931 ], [ 140.45120936000001, 37.82089827 ], [ 140.45133501000001, 37.82080117 ], [ 140.45147911000001, 37.82068863 ], [ 140.45112952, 37.82040693 ], [ 140.45146521000001, 37.82016963 ], [ 140.45105661, 37.81981953 ], [ 140.45042991, 37.82026038 ], [ 140.44883565000001, 37.82138373 ], [ 140.44875930000001, 37.82146085 ], [ 140.44883122, 37.82151355 ], [ 140.44911841000001, 37.82172393 ], [ 140.44881301000001, 37.82204511 ], [ 140.44864668, 37.82224012 ], [ 140.44850834, 37.82234376 ], [ 140.44884552, 37.82311279 ], [ 140.44819116, 37.82345521 ], [ 140.44775722, 37.82367203 ], [ 140.44753058000001, 37.82377007 ], [ 140.44736736, 37.82382118 ], [ 140.44702910000001, 37.82392839 ], [ 140.44673302000001, 37.8240268 ], [ 140.44622533, 37.82415769 ], [ 140.44561849, 37.82431275 ], [ 140.44487057000001, 37.82448755 ], [ 140.44537658, 37.82516857 ], [ 140.4455496, 37.82539081 ], [ 140.44498571, 37.82553044 ], [ 140.44510803, 37.82569973 ], [ 140.4443671, 37.82585745 ], [ 140.44404441, 37.82592178 ], [ 140.44396922000001, 37.82609688 ], [ 140.44397097000001, 37.8261643 ], [ 140.44398228, 37.82637317 ], [ 140.44400685, 37.82652255 ], [ 140.44403559, 37.82666671 ], [ 140.44409723000001, 37.82680745 ], [ 140.44414455, 37.82696066 ], [ 140.44419212, 37.82714329 ], [ 140.44417436000001, 37.82722377 ], [ 140.44410126, 37.82729722 ], [ 140.44400957, 37.82735978 ], [ 140.44392676000001, 37.82737485 ], [ 140.44378406000001, 37.82739755 ], [ 140.44382445, 37.82807268 ], [ 140.44384043, 37.82836402 ], [ 140.44497509000001, 37.82820286 ], [ 140.44472748000001, 37.82891327 ], [ 140.44461365000001, 37.82921824 ], [ 140.44489021000001, 37.82922582 ], [ 140.44518753, 37.8292316 ], [ 140.44537413, 37.82922711 ], [ 140.4455146, 37.82921357 ], [ 140.44577229000001, 37.82916464 ], [ 140.44605294, 37.82910842 ], [ 140.44633701000001, 37.82904753 ], [ 140.44653714, 37.8290044 ], [ 140.44683646, 37.82896201 ], [ 140.4468652, 37.8291049 ], [ 140.44689848, 37.8291961 ], [ 140.44695968, 37.82932502 ], [ 140.44700761000001, 37.82966842 ], [ 140.44707893, 37.83010927 ], [ 140.44729424, 37.83009815 ], [ 140.44758469000001, 37.8300827 ], [ 140.447805, 37.83006367 ], [ 140.44796767, 37.83004692 ], [ 140.44805763, 37.83002054 ], [ 140.44824257, 37.82997002 ], [ 140.44838001, 37.82992749 ], [ 140.44872706000001, 37.82979264 ], [ 140.44892187, 37.82972207 ], [ 140.44896382, 37.82970834 ], [ 140.44903546, 37.82969374 ], [ 140.44955182000001, 37.82969935 ], [ 140.44966785, 37.8298094 ], [ 140.4496705, 37.82970704 ], [ 140.44970775, 37.82962336 ], [ 140.44988779, 37.82988596 ], [ 140.44991203000001, 37.82996749 ], [ 140.44968896, 37.82992037 ], [ 140.4496189, 37.82993186 ], [ 140.44945681, 37.83000394 ], [ 140.4492936, 37.83010588 ], [ 140.44917908, 37.830178 ], [ 140.44912936, 37.83021796 ], [ 140.44886419, 37.83042911 ], [ 140.44854996000001, 37.83061124 ], [ 140.44835784, 37.83072191 ], [ 140.44826296, 37.83077535 ], [ 140.44813717, 37.8308364 ], [ 140.44804221000001, 37.8308804 ], [ 140.44796869000001, 37.83092428 ], [ 140.44790019000001, 37.83099644 ], [ 140.44779768000001, 37.83113593 ], [ 140.44814056000001, 37.83153383 ], [ 140.44841606, 37.83210679 ], [ 140.44788784, 37.83227933 ], [ 140.44723982, 37.83235747 ], [ 140.44684855, 37.8324016 ], [ 140.44662532000001, 37.83243824 ], [ 140.44639831000001, 37.83252727 ], [ 140.44619196, 37.83266758 ], [ 140.44599924, 37.8327867 ], [ 140.44564483, 37.83291356 ], [ 140.44508349, 37.83311146 ], [ 140.44474579000001, 37.83319923 ], [ 140.44445502, 37.83330041 ], [ 140.44412813, 37.83340671 ], [ 140.44404717, 37.83340037 ], [ 140.44398761, 37.83335056 ], [ 140.44385393, 37.83332788 ], [ 140.44361325, 37.83330379 ], [ 140.44346651000001, 37.83332159 ], [ 140.44336458000001, 37.833349 ], [ 140.44325609000001, 37.83334506 ], [ 140.44356362, 37.83387817 ], [ 140.44432425, 37.83383368 ], [ 140.44456996, 37.83509722 ], [ 140.44477258000001, 37.83505309 ], [ 140.44515821, 37.83501927 ], [ 140.44519292000001, 37.83488492 ], [ 140.44523813000001, 37.83485061 ], [ 140.44550212, 37.83475168 ], [ 140.44558202, 37.83470678 ], [ 140.44579939, 37.83447011 ], [ 140.44593361, 37.83436017 ], [ 140.44599476, 37.83431733 ], [ 140.44677839, 37.83462312 ], [ 140.44683193, 37.83462482 ], [ 140.44694689, 37.83461577 ], [ 140.44793206, 37.83454601 ], [ 140.44793781000001, 37.83523977 ], [ 140.44793495, 37.83537649 ], [ 140.44797916, 37.83554815 ], [ 140.44776476000001, 37.83550056 ], [ 140.44778386, 37.83554495 ], [ 140.44778938, 37.83556815 ], [ 140.44778955000001, 37.83558955 ], [ 140.44777355, 37.8355916 ], [ 140.44758053000001, 37.83554179 ], [ 140.44745298000001, 37.8353217 ], [ 140.44736102, 37.8352035 ], [ 140.44725274000001, 37.8350492 ], [ 140.44719363, 37.83501769 ], [ 140.44712935000001, 37.83500958 ], [ 140.44703875, 37.83505032 ], [ 140.44686556, 37.83525662 ], [ 140.44692469, 37.83529039 ], [ 140.44692744, 37.83529614 ], [ 140.44692816, 37.83530726 ], [ 140.44692493, 37.83531953 ], [ 140.44690836000001, 37.83533918 ], [ 140.44686597, 37.83538657 ], [ 140.44681697, 37.83544525 ], [ 140.44676858, 37.83549688 ], [ 140.44670407000001, 37.83554185 ], [ 140.44671285000001, 37.83555081 ], [ 140.44673272, 37.83555029 ], [ 140.44675099, 37.83553189 ], [ 140.4467766, 37.83551641 ], [ 140.44679097, 37.83551521 ], [ 140.44680038000001, 37.83552136 ], [ 140.44680345, 37.83552683 ], [ 140.44678740000001, 37.83555015 ], [ 140.44678222, 37.83556791 ], [ 140.44678368000001, 37.83558381 ], [ 140.44681339, 37.83558084 ], [ 140.44682981, 37.83558118 ], [ 140.4468345, 37.83558411 ], [ 140.4468356, 37.83559424 ], [ 140.44683335, 37.83560664 ], [ 140.44681654, 37.83563432 ], [ 140.44679576, 37.83567019 ], [ 140.44676625, 37.83569723 ], [ 140.44676328, 37.83559082 ], [ 140.44650233, 37.83560175 ], [ 140.44600282, 37.83570585 ], [ 140.44606853, 37.83590782 ], [ 140.44598931, 37.83597158 ], [ 140.44614542, 37.8362919 ], [ 140.44621796000001, 37.83628955 ], [ 140.44639689, 37.83630002 ], [ 140.44659288, 37.83632209 ], [ 140.44678395, 37.83633461 ], [ 140.44692298000001, 37.83633853 ], [ 140.44705832, 37.836336 ], [ 140.44722729, 37.8363064 ], [ 140.44770173000001, 37.83645231 ], [ 140.44888404, 37.83685427 ], [ 140.44987537, 37.83645489 ], [ 140.44989810000001, 37.83642886 ], [ 140.44991702, 37.8363457 ], [ 140.44991331, 37.83618326 ], [ 140.45013865000001, 37.83611084 ], [ 140.4503574, 37.8360417 ], [ 140.45049639000001, 37.83602407 ], [ 140.45077486, 37.83605443 ], [ 140.45089006000001, 37.83607494 ], [ 140.45129451, 37.83613434 ], [ 140.45102525, 37.83649053 ], [ 140.4508766, 37.83668587 ], [ 140.45066272, 37.83700782 ], [ 140.45063961, 37.8370426 ], [ 140.45049336, 37.83726841 ], [ 140.45034674, 37.83749478 ], [ 140.45015419000001, 37.83780115 ], [ 140.44988951, 37.83815899 ], [ 140.44981883, 37.83825186 ], [ 140.44977188, 37.83832278 ], [ 140.45004642000001, 37.83848733 ], [ 140.44971289, 37.83880189 ], [ 140.44968192, 37.83887737 ], [ 140.44968526, 37.83896309 ], [ 140.44970949, 37.83902153 ], [ 140.44989604, 37.83894313 ], [ 140.45020895, 37.83867907 ], [ 140.45068101000001, 37.83821341 ], [ 140.45104759, 37.83774409 ], [ 140.45114668, 37.83761391 ], [ 140.45160911, 37.83694135 ] ] ] } },
{ "type": "Feature", "properties": { "DIDid": 720201, "行政コード": "07202", "市町村名称": "会津若松市", "DID符号": 1, "人口": 87065, "面積": 16.68, "前回人口": 88013, "前回面積": 16.7, "人口割合": 70.2, "面積割合": 4.4, "調査年度": 2015 }, "geometry": { "type": "Polygon", "coordinates": [ [ [ 139.94690585000001, 37.52475529 ], [ 139.94725992, 37.5238571 ], [ 139.94728137000001, 37.52386158 ], [ 139.94759717, 37.52303537 ], [ 139.94790535000001, 37.52239699 ], [ 139.9479515, 37.52232598 ], [ 139.94844353, 37.52163785 ], [ 139.94848187, 37.52158431 ], [ 139.94870721000001, 37.52167744 ], [ 139.94852559, 37.5219088 ], [ 139.94903880000001, 37.52213005 ], [ 139.94907388, 37.52210551 ], [ 139.94915278, 37.52205334 ], [ 139.94924408, 37.52199299 ], [ 139.94929819000001, 37.52195436 ], [ 139.94932747, 37.52192012 ], [ 139.94933589, 37.5218935 ], [ 139.94935712, 37.52175508 ], [ 139.94937625, 37.52172732 ], [ 139.94944051, 37.5216922 ], [ 139.94958596000001, 37.52162194 ], [ 139.94961299, 37.52159586 ], [ 139.94961294000001, 37.52156081 ], [ 139.949584, 37.52144975 ], [ 139.9495839, 37.52138414 ], [ 139.94959061, 37.52134569 ], [ 139.9496266, 37.52127371 ], [ 139.94965473, 37.52122511 ], [ 139.9496585, 37.52111683 ], [ 139.94961538000001, 37.52096144 ], [ 139.94958932, 37.52088853 ], [ 139.94959425, 37.52079293 ], [ 139.94964594000001, 37.520658 ], [ 139.94970788000001, 37.52058162 ], [ 139.94980141, 37.52050508 ], [ 139.94991358, 37.52043978 ], [ 139.95002292000001, 37.52037223 ], [ 139.95010462, 37.52031695 ], [ 139.95023648, 37.52020362 ], [ 139.95027252, 37.52017304 ], [ 139.95001698, 37.51974696 ], [ 139.95007724000001, 37.5197386 ], [ 139.95031407, 37.51968443 ], [ 139.95051654, 37.51963889 ], [ 139.95092596000001, 37.5195495 ], [ 139.95131731000001, 37.51943239 ], [ 139.95153377, 37.51932333 ], [ 139.95187114000001, 37.51923682 ], [ 139.95237753000001, 37.51905862 ], [ 139.95270705, 37.51891876 ], [ 139.95274824000001, 37.51889281 ], [ 139.95282937, 37.51881613 ], [ 139.95286761, 37.51874415 ], [ 139.95291254, 37.51861823 ], [ 139.95296049000001, 37.51826859 ], [ 139.95298288000001, 37.5181517 ], [ 139.95304355, 37.51800423 ], [ 139.95312006, 37.51786406 ], [ 139.95325632000001, 37.51768553 ], [ 139.95327873, 37.51761497 ], [ 139.95328315, 37.5175502 ], [ 139.95327399000001, 37.51747291 ], [ 139.95332316, 37.51717269 ], [ 139.95326658, 37.51706856 ], [ 139.95299856, 37.51669586 ], [ 139.95287868, 37.51652337 ], [ 139.95285828, 37.51648299 ], [ 139.95297956, 37.51643752 ], [ 139.95310857000001, 37.5163922 ], [ 139.95320795000001, 37.51637675 ], [ 139.95339901, 37.51637036 ], [ 139.95331296000001, 37.51585218 ], [ 139.95324125, 37.51540903 ], [ 139.9532128, 37.51517547 ], [ 139.95318891, 37.51497923 ], [ 139.95315759, 37.51477779 ], [ 139.95307406000001, 37.5142061 ], [ 139.95296169, 37.51342579 ], [ 139.95291863, 37.51308637 ], [ 139.95283628000001, 37.51253384 ], [ 139.95276332, 37.51204084 ], [ 139.95271644, 37.51179816 ], [ 139.9527072, 37.51166554 ], [ 139.95267860000001, 37.51154223 ], [ 139.95263969000001, 37.51142077 ], [ 139.95262139, 37.511279 ], [ 139.9526031, 37.51115146 ], [ 139.952665, 37.5111062 ], [ 139.95270104, 37.51104858 ], [ 139.95270353000001, 37.51099099 ], [ 139.95263355, 37.51082028 ], [ 139.95239917000001, 37.51026437 ], [ 139.95236791, 37.51019035 ], [ 139.95207892, 37.50948202 ], [ 139.95187556, 37.50904576 ], [ 139.95191683, 37.50902459 ], [ 139.95198904, 37.50897313 ], [ 139.95203027, 37.50892986 ], [ 139.95206376, 37.50888055 ], [ 139.95211262000001, 37.50876533 ], [ 139.95212798, 37.50867689 ], [ 139.95209557000001, 37.50859358 ], [ 139.95206959000001, 37.50849899 ], [ 139.95205139000001, 37.50841058 ], [ 139.95201001000001, 37.50837149 ], [ 139.95189895, 37.50833471 ], [ 139.95182402, 37.50829353 ], [ 139.95177488, 37.50824022 ], [ 139.95164541, 37.50799762 ], [ 139.95162207000001, 37.5079257 ], [ 139.95179877000001, 37.50686195 ], [ 139.95180888, 37.5067814 ], [ 139.95193123000001, 37.505805 ], [ 139.95208047, 37.50527446 ], [ 139.95214797, 37.50501603 ], [ 139.95228316000001, 37.50449833 ], [ 139.95235102000001, 37.50421779 ], [ 139.95241723000001, 37.50394416 ], [ 139.95281734, 37.5038121 ], [ 139.95265128, 37.50332371 ], [ 139.95301701, 37.50313509 ], [ 139.95309432, 37.50302138 ], [ 139.95323097, 37.50295084 ], [ 139.9532625, 37.50293659 ], [ 139.95343184000001, 37.50309594 ], [ 139.95356201000001, 37.50301414 ], [ 139.95358838000001, 37.50301172 ], [ 139.9536413, 37.50303729 ], [ 139.95371964, 37.50296132 ], [ 139.95375278, 37.50288934 ], [ 139.95377162, 37.5027947 ], [ 139.95374295, 37.50268505 ], [ 139.95367148, 37.50255264 ], [ 139.95361082, 37.50247301 ], [ 139.95355651, 37.50241759 ], [ 139.95350996, 37.50236062 ], [ 139.95336850000001, 37.50228051 ], [ 139.9532677, 37.5022112 ], [ 139.95324631, 37.5021511 ], [ 139.95322296000001, 37.50207552 ], [ 139.95319950000001, 37.50193968 ], [ 139.95320673000001, 37.50188011 ], [ 139.95322505, 37.50172874 ], [ 139.95324993, 37.50167563 ], [ 139.95337734, 37.50153836 ], [ 139.95346047000001, 37.50146535 ], [ 139.95356575, 37.50137696 ], [ 139.95371556000001, 37.50136117 ], [ 139.95378493000001, 37.50135448 ], [ 139.95381817000001, 37.50132798 ], [ 139.95390365, 37.50119934 ], [ 139.95410049, 37.50090332 ], [ 139.95410870000001, 37.50083461 ], [ 139.95408637, 37.50075508 ], [ 139.95403631, 37.50068656 ], [ 139.95391496, 37.50064994 ], [ 139.9537518, 37.50060633 ], [ 139.95368237, 37.50057092 ], [ 139.95355455000001, 37.50046053 ], [ 139.95338228, 37.50030372 ], [ 139.95323913, 37.50014153 ], [ 139.95316971, 37.50011274 ], [ 139.95306428000001, 37.50010623 ], [ 139.95293386, 37.50010862 ], [ 139.9528728, 37.50009756 ], [ 139.95263678000001, 37.49998742 ], [ 139.95260343000001, 37.49995422 ], [ 139.95259506, 37.49991002 ], [ 139.95261987000001, 37.49981721 ], [ 139.95265028, 37.49975298 ], [ 139.95263907, 37.49967781 ], [ 139.95254578000001, 37.4994691 ], [ 139.95249856000001, 37.49944043 ], [ 139.952246, 37.49938986 ], [ 139.95215717, 37.49936334 ], [ 139.95212385, 37.49934127 ], [ 139.95209879000001, 37.49928611 ], [ 139.95209869000001, 37.4992219 ], [ 139.95221766, 37.49901847 ], [ 139.95226473, 37.49895872 ], [ 139.95226468000001, 37.49892775 ], [ 139.95222016, 37.49884824 ], [ 139.95223250000001, 37.49875854 ], [ 139.952238, 37.49872559 ], [ 139.95230172000001, 37.49867456 ], [ 139.95238209, 37.49861041 ], [ 139.95242362, 37.49855729 ], [ 139.95246787, 37.49846221 ], [ 139.95251057, 37.49827969 ], [ 139.95249646, 37.49813609 ], [ 139.95246853, 37.49801011 ], [ 139.95243793, 37.49796368 ], [ 139.95239074, 37.49795275 ], [ 139.95232970000001, 37.49795731 ], [ 139.95220493, 37.49800151 ], [ 139.95163491, 37.49809165 ], [ 139.95156579, 37.49810045 ], [ 139.95157165000001, 37.49812114 ], [ 139.95116373, 37.49815492 ], [ 139.95096952, 37.49776273 ], [ 139.95082723, 37.49744594 ], [ 139.95074416, 37.49721061 ], [ 139.95058659, 37.49719191 ], [ 139.95044479000001, 37.49718262 ], [ 139.95027930000001, 37.49713576 ], [ 139.95011378000001, 37.49707313 ], [ 139.94978109, 37.49710036 ], [ 139.94972392, 37.49710493 ], [ 139.9496256, 37.49668405 ], [ 139.94950943000001, 37.49628698 ], [ 139.94947607, 37.49606076 ], [ 139.94946844, 37.49540634 ], [ 139.94949112, 37.49512966 ], [ 139.94954945000001, 37.49442984 ], [ 139.95056603, 37.49433152 ], [ 139.95065184000001, 37.49431313 ], [ 139.95074756, 37.49431303 ], [ 139.95087137, 37.49432206 ], [ 139.95099685, 37.49434558 ], [ 139.95108602, 37.49437703 ], [ 139.95124465000001, 37.4944926 ], [ 139.95131072000001, 37.49451618 ], [ 139.95153528, 37.49457382 ], [ 139.95158480000001, 37.49457123 ], [ 139.95184849, 37.49448085 ], [ 139.95201383, 37.49443056 ], [ 139.95223426000001, 37.4943612 ], [ 139.95232475, 37.49430465 ], [ 139.95267154000001, 37.49442988 ], [ 139.95283505, 37.49448448 ], [ 139.95313057000001, 37.49456583 ], [ 139.95318564, 37.49452818 ], [ 139.95316980000001, 37.49447483 ], [ 139.95310275, 37.49440887 ], [ 139.95300426, 37.49439025 ], [ 139.95277172, 37.49427758 ], [ 139.95242486000001, 37.49409899 ], [ 139.95220792000001, 37.49387957 ], [ 139.95217233, 37.49378865 ], [ 139.95210312, 37.49360823 ], [ 139.95210258, 37.493263 ], [ 139.95210287, 37.49322273 ], [ 139.95162395, 37.4932283 ], [ 139.95161024000001, 37.49290223 ], [ 139.95149144000001, 37.492926 ], [ 139.95129672, 37.49294986 ], [ 139.95116138, 37.49294479 ], [ 139.95094929000001, 37.49348031 ], [ 139.95085026000001, 37.49348041 ], [ 139.95079563, 37.49337656 ], [ 139.95079544000001, 37.49325027 ], [ 139.95081842, 37.49317393 ], [ 139.95083477, 37.4930793 ], [ 139.95085442000001, 37.49297143 ], [ 139.95062687000001, 37.49311626 ], [ 139.95039272, 37.49326645 ], [ 139.95033992, 37.49327438 ], [ 139.9502904, 37.49326923 ], [ 139.94965925, 37.49284636 ], [ 139.94871577000001, 37.49216995 ], [ 139.94862334000001, 37.49216229 ], [ 139.94846585, 37.49198195 ], [ 139.94818478, 37.4916494 ], [ 139.94762698, 37.49107523 ], [ 139.94742607000001, 37.49087395 ], [ 139.94730438, 37.49075214 ], [ 139.94777922, 37.490313 ], [ 139.94778932, 37.49030365 ], [ 139.9484412, 37.48970068 ], [ 139.94985312, 37.48830666 ], [ 139.94991381, 37.48845654 ], [ 139.94993942, 37.48856141 ], [ 139.94995161, 37.48866643 ], [ 139.9498655, 37.48971177 ], [ 139.9498159, 37.49067768 ], [ 139.94983863, 37.49066428 ], [ 139.94988847, 37.49062678 ], [ 139.94993389000001, 37.49058815 ], [ 139.94996612, 37.49054363 ], [ 139.94998219, 37.49050504 ], [ 139.94999975, 37.49046757 ], [ 139.95001875, 37.49041728 ], [ 139.95039176, 37.49015657 ], [ 139.95047611000001, 37.49009764 ], [ 139.95068257, 37.48994241 ], [ 139.95076025, 37.48975902 ], [ 139.95079125000001, 37.48963776 ], [ 139.95077944, 37.48956949 ], [ 139.95070915, 37.48948565 ], [ 139.95064690000001, 37.48942841 ], [ 139.95063784000001, 37.48939969 ], [ 139.95073373, 37.48928471 ], [ 139.95088057000001, 37.48912912 ], [ 139.95091053, 37.48908601 ], [ 139.95091643000001, 37.48902616 ], [ 139.95080519000001, 37.48891153 ], [ 139.95066838, 37.48876214 ], [ 139.95063503, 37.4885493 ], [ 139.95058074, 37.48838195 ], [ 139.9505084, 37.48819307 ], [ 139.95046019, 37.48808302 ], [ 139.95041207, 37.48800901 ], [ 139.95027222, 37.48784048 ], [ 139.95033945, 37.48778213 ], [ 139.95039652, 37.48779896 ], [ 139.95055131000001, 37.48779233 ], [ 139.95068937, 37.48778022 ], [ 139.95084840000001, 37.48774415 ], [ 139.95116095, 37.48797586 ], [ 139.95143139000001, 37.48817171 ], [ 139.95150955, 37.48823626 ], [ 139.95157570000001, 37.48831039 ], [ 139.95170056000001, 37.48849329 ], [ 139.95185401000001, 37.48872263 ], [ 139.9520315, 37.48897602 ], [ 139.9522118, 37.48909537 ], [ 139.95234552, 37.48918506 ], [ 139.95267273, 37.48919429 ], [ 139.95284084, 37.48921087 ], [ 139.95293187, 37.48919628 ], [ 139.95286634000001, 37.48919057 ], [ 139.95274794, 37.48913705 ], [ 139.95268237, 37.48909939 ], [ 139.95260586000001, 37.48905596 ], [ 139.95257304, 37.48901826 ], [ 139.95254018, 37.48895747 ], [ 139.95252193, 37.48891385 ], [ 139.95252548, 37.48886175 ], [ 139.95258723000001, 37.48877467 ], [ 139.95265430000001, 37.48861058 ], [ 139.95267226000001, 37.48845991 ], [ 139.95274479, 37.48828567 ], [ 139.95280292000001, 37.48821606 ], [ 139.95291564, 37.48814062 ], [ 139.95311212, 37.48809395 ], [ 139.95322857, 37.48807637 ], [ 139.95336862, 37.48801385 ], [ 139.95344863, 37.48796449 ], [ 139.95355766, 37.48787159 ], [ 139.95364486, 37.48776126 ], [ 139.95370659, 37.48767123 ], [ 139.95372472, 37.48761912 ], [ 139.95373552000001, 37.48755223 ], [ 139.95372088, 37.48750015 ], [ 139.95367713, 37.4874595 ], [ 139.95356785000001, 37.48740752 ], [ 139.95350228000001, 37.48737859 ], [ 139.9534986, 37.48734945 ], [ 139.95350583000001, 37.48732044 ], [ 139.95364581000001, 37.4872116 ], [ 139.95367846, 37.4871506 ], [ 139.95366008, 37.48704052 ], [ 139.95361626, 37.48693891 ], [ 139.9536162, 37.48690413 ], [ 139.95362707000001, 37.48688103 ], [ 139.95367067000001, 37.48682298 ], [ 139.95365960000001, 37.48673584 ], [ 139.95365952, 37.48668656 ], [ 139.95364884, 37.486599 ], [ 139.95377767, 37.48658633 ], [ 139.95382809, 37.48642746 ], [ 139.95311005, 37.48645539 ], [ 139.95235272, 37.48612094 ], [ 139.95226285000001, 37.48623578 ], [ 139.95217296000001, 37.48634597 ], [ 139.95214608000001, 37.48642977 ], [ 139.95211620000001, 37.48651583 ], [ 139.95205023, 37.48655659 ], [ 139.95197232000001, 37.48663551 ], [ 139.95190640000001, 37.48671935 ], [ 139.95176532, 37.48671232 ], [ 139.95166309000001, 37.48670566 ], [ 139.95161255, 37.48658942 ], [ 139.9515528, 37.48651599 ], [ 139.95149308000001, 37.48645565 ], [ 139.9513929, 37.486419 ], [ 139.95090498, 37.48639726 ], [ 139.95030707000001, 37.48637055 ], [ 139.95043282, 37.48730488 ], [ 139.95026625, 37.48739741 ], [ 139.95008824000001, 37.48745841 ], [ 139.94993138000001, 37.48748208 ], [ 139.94982058, 37.48747614 ], [ 139.9496849, 37.48735998 ], [ 139.94919969, 37.4869937 ], [ 139.94888994, 37.4866478 ], [ 139.94869864, 37.48650409 ], [ 139.94824668000001, 37.48630532 ], [ 139.94789561, 37.48618656 ], [ 139.94793661, 37.48571274 ], [ 139.94793652000001, 37.48565262 ], [ 139.94778156000001, 37.48561082 ], [ 139.94709148000001, 37.48542509 ], [ 139.94717131, 37.48531688 ], [ 139.94661151, 37.48536882 ], [ 139.94657847, 37.48532943 ], [ 139.94653942, 37.48495706 ], [ 139.94614598000001, 37.48487691 ], [ 139.94529156, 37.48468908 ], [ 139.94526256, 37.48468685 ], [ 139.94544379000001, 37.48418924 ], [ 139.94560349, 37.48395664 ], [ 139.94542665, 37.48351217 ], [ 139.94496469000001, 37.48356697 ], [ 139.94486808, 37.48393933 ], [ 139.94474605, 37.48430593 ], [ 139.94471774, 37.48432427 ], [ 139.94442746, 37.48451208 ], [ 139.94405626, 37.48446218 ], [ 139.94393523, 37.484414 ], [ 139.94383067000001, 37.48434398 ], [ 139.94377007, 37.48426519 ], [ 139.94367632000001, 37.48407253 ], [ 139.94363196, 37.48381844 ], [ 139.94363708, 37.48355557 ], [ 139.94358754000001, 37.48351169 ], [ 139.94206656, 37.48299401 ], [ 139.94195337, 37.48290908 ], [ 139.94177919000001, 37.48293515 ], [ 139.94126420000001, 37.48300687 ], [ 139.94059531, 37.4831 ], [ 139.94055695, 37.48310553 ], [ 139.9405486, 37.48301782 ], [ 139.9405201, 37.48292422 ], [ 139.94048358000001, 37.48287258 ], [ 139.94045923, 37.48285317 ], [ 139.94033276, 37.4822366 ], [ 139.94033467, 37.48215423 ], [ 139.94092812, 37.48207456 ], [ 139.94168226, 37.48197628 ], [ 139.94157556, 37.48182024 ], [ 139.94143846, 37.48163072 ], [ 139.94131386000001, 37.48144582 ], [ 139.94116522, 37.4813146 ], [ 139.94106065, 37.48122262 ], [ 139.94099449000001, 37.48109568 ], [ 139.94092829, 37.48093791 ], [ 139.94103893, 37.48031296 ], [ 139.94073305000001, 37.48023594 ], [ 139.94066009, 37.48020701 ], [ 139.9405223, 37.48019094 ], [ 139.94049794, 37.48014901 ], [ 139.94041679, 37.48006517 ], [ 139.94036003, 37.48003932 ], [ 139.94030716, 37.4798973 ], [ 139.939082, 37.48021325 ], [ 139.93910971, 37.47992431 ], [ 139.93912569, 37.47988093 ], [ 139.93941566000001, 37.47961864 ], [ 139.93941256, 37.47943167 ], [ 139.93995747, 37.47925954 ], [ 139.94010249, 37.47915127 ], [ 139.94026335000001, 37.47949143 ], [ 139.94074513000001, 37.47933681 ], [ 139.94081325, 37.47931042 ], [ 139.94097468000001, 37.47924592 ], [ 139.94101144000001, 37.47918535 ], [ 139.94109823, 37.47920315 ], [ 139.94135733, 37.47915659 ], [ 139.94141771, 37.47909514 ], [ 139.94156591000001, 37.47892844 ], [ 139.94163191000001, 37.47894598 ], [ 139.94169239, 37.47894592 ], [ 139.94176382000001, 37.47891516 ], [ 139.94175523000001, 37.47867638 ], [ 139.94184304000001, 37.47857549 ], [ 139.94182625, 37.47836966 ], [ 139.94138237000001, 37.47853438 ], [ 139.94107310000001, 37.47864914 ], [ 139.94081597, 37.47815631 ], [ 139.94076878000001, 37.47806582 ], [ 139.94065686, 37.47785178 ], [ 139.94060636, 37.47775524 ], [ 139.94048886, 37.47759301 ], [ 139.94046392000001, 37.47752995 ], [ 139.94054982, 37.47741569 ], [ 139.94042943, 37.47740369 ], [ 139.94034362, 37.47740546 ], [ 139.9402762, 37.47739215 ], [ 139.94014066, 37.47738059 ], [ 139.93996686, 37.47740412 ], [ 139.93973244, 37.4774553 ], [ 139.93959838000001, 37.47746599 ], [ 139.93954097, 37.47744309 ], [ 139.93948166000001, 37.47742343 ], [ 139.93940314, 37.47741449 ], [ 139.93946984, 37.47731109 ], [ 139.93937413, 37.47727274 ], [ 139.9392475, 37.47727567 ], [ 139.93918241, 37.477296 ], [ 139.93908123, 37.47739127 ], [ 139.93895464, 37.47742307 ], [ 139.93886061000001, 37.47744624 ], [ 139.93873316, 37.47745439 ], [ 139.93864477, 37.47743476 ], [ 139.93849743000001, 37.47736449 ], [ 139.93823219000001, 37.47722394 ], [ 139.93804554, 37.47713808 ], [ 139.93787368, 37.47708346 ], [ 139.93771163, 37.4770211 ], [ 139.93766264000001, 37.47709548 ], [ 139.93755478, 37.47718935 ], [ 139.93737332000001, 37.47728737 ], [ 139.93718197000001, 37.47734611 ], [ 139.93735402, 37.47752603 ], [ 139.93753589, 37.47772538 ], [ 139.93760972000001, 37.47786611 ], [ 139.93765022, 37.4780339 ], [ 139.93699952, 37.47829383 ], [ 139.93672710000001, 37.47840277 ], [ 139.93655724000001, 37.47813105 ], [ 139.93645367, 37.47776338 ], [ 139.93623666, 37.47700088 ], [ 139.93614792, 37.47672316 ], [ 139.93601748, 37.4764476 ], [ 139.93595347, 37.47629503 ], [ 139.93591955, 37.47622734 ], [ 139.93576151, 37.47591181 ], [ 139.93574171, 37.47577498 ], [ 139.93565976, 37.4750729 ], [ 139.93564986000001, 37.47501025 ], [ 139.9356099, 37.47449779 ], [ 139.93573925000001, 37.47397166 ], [ 139.93583076, 37.4735827 ], [ 139.93588564000001, 37.47334949 ], [ 139.93593916, 37.47300519 ], [ 139.93590472, 37.47293877 ], [ 139.93581869, 37.47283522 ], [ 139.93593150000001, 37.47279203 ], [ 139.93591638000001, 37.47249482 ], [ 139.93597514000001, 37.47240086 ], [ 139.93601362000001, 37.47182581 ], [ 139.93583603, 37.47116873 ], [ 139.93615008, 37.47112157 ], [ 139.93615004, 37.47109017 ], [ 139.93610559000001, 37.4708869 ], [ 139.93606622, 37.47080865 ], [ 139.93601707, 37.47075393 ], [ 139.93583703, 37.47040083 ], [ 139.93577569000001, 37.47042256 ], [ 139.93537286, 37.47056681 ], [ 139.93452939, 37.47086196 ], [ 139.93452932, 37.47081183 ], [ 139.93295736, 37.47103241 ], [ 139.9331474, 37.47185957 ], [ 139.93338453000001, 37.47301728 ], [ 139.93083815, 37.4733613 ], [ 139.93078740000001, 37.47308031 ], [ 139.93070426, 37.47267503 ], [ 139.93057690000001, 37.47205436 ], [ 139.93050221, 37.47169032 ], [ 139.93043252000001, 37.47136739 ], [ 139.92905163, 37.4715703 ], [ 139.92844473, 37.47164598 ], [ 139.92777305000001, 37.47173157 ], [ 139.92713927, 37.47181572 ], [ 139.92651858, 37.47189887 ], [ 139.92638536000001, 37.47124061 ], [ 139.92624407, 37.47057672 ], [ 139.92618967000001, 37.470277 ], [ 139.92480088, 37.47033921 ], [ 139.92475746, 37.47022816 ], [ 139.92468747000001, 37.47004898 ], [ 139.92475921, 37.47003385 ], [ 139.92459529000001, 37.46957724 ], [ 139.92449485, 37.46928966 ], [ 139.92436876, 37.46888567 ], [ 139.92433456000001, 37.46870506 ], [ 139.92430411000001, 37.46850796 ], [ 139.92428533, 37.4682896 ], [ 139.92472353, 37.4681586 ], [ 139.92533588000001, 37.46812615 ], [ 139.92570720000001, 37.46801646 ], [ 139.92544407, 37.46685396 ], [ 139.92546456, 37.46685113 ], [ 139.92530493000001, 37.46608447 ], [ 139.92525747, 37.46586134 ], [ 139.92543205000001, 37.46584177 ], [ 139.92591443000001, 37.46579675 ], [ 139.92591691000001, 37.46557007 ], [ 139.92587249, 37.46530653 ], [ 139.92577663, 37.46531055 ], [ 139.92579003, 37.46477241 ], [ 139.92582883, 37.46457005 ], [ 139.92580247000001, 37.46429002 ], [ 139.92497602, 37.46433207 ], [ 139.92432979, 37.46439636 ], [ 139.92434634, 37.46416558 ], [ 139.92434605, 37.46392256 ], [ 139.92434945, 37.46369405 ], [ 139.92288729000001, 37.46379472 ], [ 139.92282984, 37.46393289 ], [ 139.92277808, 37.46404289 ], [ 139.92279815000001, 37.46414777 ], [ 139.92282428, 37.46429094 ], [ 139.9228124, 37.46437698 ], [ 139.92276964000001, 37.46450345 ], [ 139.92281767, 37.46461155 ], [ 139.92285777000001, 37.46475795 ], [ 139.92284788000001, 37.46482948 ], [ 139.92281410000001, 37.46495369 ], [ 139.92278331, 37.46508972 ], [ 139.9227914, 37.46517884 ], [ 139.92282552, 37.46533313 ], [ 139.92288360000001, 37.46549064 ], [ 139.92289463, 37.46553597 ], [ 139.92296662000001, 37.46563616 ], [ 139.92321243000001, 37.4658635 ], [ 139.92331983, 37.4659831 ], [ 139.92334022, 37.46632733 ], [ 139.92327099, 37.46651634 ], [ 139.92318843000001, 37.46670436 ], [ 139.92319093, 37.46680348 ], [ 139.92319388000001, 37.46688909 ], [ 139.92317399000001, 37.46695739 ], [ 139.92312238, 37.46716187 ], [ 139.92308785, 37.46733592 ], [ 139.92307943, 37.46744969 ], [ 139.92305636, 37.46765936 ], [ 139.92302753000001, 37.46781299 ], [ 139.92291653000001, 37.46783434 ], [ 139.92314884000001, 37.46896716 ], [ 139.9226727, 37.46902061 ], [ 139.922474, 37.46939275 ], [ 139.92164740000001, 37.46950771 ], [ 139.92158261, 37.46936301 ], [ 139.92153472000001, 37.46913158 ], [ 139.92151058, 37.4688507 ], [ 139.92093916, 37.46887395 ], [ 139.9193416, 37.46894146 ], [ 139.91933506000001, 37.46921024 ], [ 139.91930740000001, 37.46979725 ], [ 139.92071639, 37.46964667 ], [ 139.92081404000001, 37.46989637 ], [ 139.92087805, 37.4701278 ], [ 139.92092783000001, 37.47031403 ], [ 139.92099528, 37.47046914 ], [ 139.92114071, 37.47068628 ], [ 139.92129302000001, 37.47074544 ], [ 139.92144891000001, 37.4708215 ], [ 139.92159597, 37.47092727 ], [ 139.92197941000001, 37.47181301 ], [ 139.92198482000001, 37.47190199 ], [ 139.92205960000001, 37.47226026 ], [ 139.92195714, 37.47243535 ], [ 139.92184036, 37.47250317 ], [ 139.92163016000001, 37.472897 ], [ 139.92152797, 37.47331468 ], [ 139.921521, 37.47340789 ], [ 139.92152820000001, 37.4735094 ], [ 139.92155013000001, 37.47379788 ], [ 139.92156768000001, 37.47385362 ], [ 139.92160279000001, 37.47398721 ], [ 139.92151917000001, 37.47422382 ], [ 139.92152635, 37.47439094 ], [ 139.92157886000001, 37.47442652 ], [ 139.92160895000001, 37.47442804 ], [ 139.92166951, 37.47473268 ], [ 139.92171983, 37.47471772 ], [ 139.92184623, 37.47536501 ], [ 139.92182788, 37.47536742 ], [ 139.92202938, 37.47638762 ], [ 139.922053, 37.47638183 ], [ 139.9222188, 37.47718706 ], [ 139.92220074, 37.47718933 ], [ 139.92092348, 37.4773518 ], [ 139.91990782, 37.47750857 ], [ 139.91985947000001, 37.47727432 ], [ 139.91965889, 37.47632338 ], [ 139.91937752000001, 37.4763633 ], [ 139.91824316, 37.47650479 ], [ 139.91746672, 37.47660181 ], [ 139.91746378, 37.47716106 ], [ 139.91743381000001, 37.47742648 ], [ 139.91739578, 37.47782241 ], [ 139.91731027, 37.47844299 ], [ 139.91729443, 37.47860618 ], [ 139.91720573000001, 37.47892698 ], [ 139.91717034000001, 37.47912862 ], [ 139.91714059, 37.47928704 ], [ 139.91635686000001, 37.47923453 ], [ 139.91586029000001, 37.47921334 ], [ 139.91528246, 37.47918742 ], [ 139.91476077, 37.47915984 ], [ 139.91432092, 37.47913657 ], [ 139.91416989000001, 37.47913191 ], [ 139.91382586, 37.47912129 ], [ 139.91368655, 37.47800473 ], [ 139.91345311000001, 37.47597459 ], [ 139.91336786, 37.47527291 ], [ 139.91333192, 37.47492333 ], [ 139.91324015000001, 37.47410747 ], [ 139.91312442, 37.47304917 ], [ 139.91298895, 37.47201933 ], [ 139.91291398000001, 37.47212962 ], [ 139.91289431000001, 37.47222102 ], [ 139.91288259000001, 37.4723407 ], [ 139.91243915000001, 37.47345444 ], [ 139.91229720000001, 37.47379386 ], [ 139.91207836000001, 37.47331558 ], [ 139.91117756, 37.47344093 ], [ 139.91129558, 37.47394041 ], [ 139.91055517000001, 37.47409578 ], [ 139.91034809000001, 37.47375251 ], [ 139.91001641, 37.47319278 ], [ 139.90954262, 37.47242504 ], [ 139.90888983, 37.4713392 ], [ 139.90806336, 37.46997004 ], [ 139.90783873000001, 37.46956243 ], [ 139.90746327, 37.46897624 ], [ 139.90715453000001, 37.46854912 ], [ 139.90695461000001, 37.46831749 ], [ 139.90670741, 37.4681208 ], [ 139.90660919000001, 37.4679895 ], [ 139.90633925, 37.46781381 ], [ 139.90600974, 37.46762689 ], [ 139.90573982000001, 37.46746514 ], [ 139.90519306, 37.4672364 ], [ 139.90416798000001, 37.46690615 ], [ 139.90321128, 37.46662738 ], [ 139.90239004, 37.46637245 ], [ 139.90153265000001, 37.46857856 ], [ 139.90393496, 37.46932534 ], [ 139.90408751000001, 37.46899353 ], [ 139.90454551, 37.46836374 ], [ 139.90528174, 37.46868009 ], [ 139.90512461, 37.46892039 ], [ 139.90464017, 37.46977111 ], [ 139.9046157, 37.4698242 ], [ 139.90461233, 37.46983124 ], [ 139.90441815, 37.47024461 ], [ 139.90424335, 37.47064669 ], [ 139.90418144, 37.4707895 ], [ 139.90390423, 37.47142889 ], [ 139.90417795, 37.47188956 ], [ 139.90443239000001, 37.47232911 ], [ 139.90477628, 37.47288745 ], [ 139.90497815000001, 37.47331043 ], [ 139.90503442, 37.47353384 ], [ 139.90509075, 37.47381034 ], [ 139.90515751000001, 37.47400854 ], [ 139.90529449, 37.47436312 ], [ 139.90531566000001, 37.47450827 ], [ 139.90531412000001, 37.47473581 ], [ 139.90533182, 37.47492306 ], [ 139.90541434, 37.47511139 ], [ 139.90574676, 37.47556006 ], [ 139.90589246, 37.47586029 ], [ 139.90595836, 37.4760844 ], [ 139.90599002, 37.47621884 ], [ 139.90601818, 37.47633836 ], [ 139.90606911, 37.47646125 ], [ 139.90610598000001, 37.476545 ], [ 139.90616827, 37.47665591 ], [ 139.90632446000001, 37.47693094 ], [ 139.90646925, 37.47718569 ], [ 139.90657811, 37.47742864 ], [ 139.90664051, 37.47757179 ], [ 139.90584959, 37.47735404 ], [ 139.90447369, 37.47697937 ], [ 139.90358184, 37.47672619 ], [ 139.90385366000001, 37.47633348 ], [ 139.90401115, 37.47613233 ], [ 139.90402037000001, 37.47612176 ], [ 139.90394011000001, 37.47607507 ], [ 139.90410543, 37.4754839 ], [ 139.90449016, 37.47552337 ], [ 139.90470925, 37.47516969 ], [ 139.90475822, 37.47508321 ], [ 139.90438672, 37.47498291 ], [ 139.90438829000001, 37.47478593 ], [ 139.90434876, 37.47467641 ], [ 139.90437321, 37.47457727 ], [ 139.90443264000001, 37.47444038 ], [ 139.90410843000001, 37.47431907 ], [ 139.90379125000001, 37.47423971 ], [ 139.90356469, 37.4742673 ], [ 139.90359843, 37.47460111 ], [ 139.90363625000001, 37.47509769 ], [ 139.90362871, 37.4754518 ], [ 139.90360132000001, 37.47558656 ], [ 139.90356609, 37.47575568 ], [ 139.903468, 37.47596566 ], [ 139.90330719, 37.47637633 ], [ 139.90319867, 37.47662138 ], [ 139.90254043, 37.47645281 ], [ 139.90257601, 37.47709004 ], [ 139.90263344, 37.47817584 ], [ 139.90266644, 37.47879983 ], [ 139.90266719, 37.47882926 ], [ 139.90268389, 37.47948606 ], [ 139.90273563, 37.4804802 ], [ 139.90275177000001, 37.48080571 ], [ 139.90278187000001, 37.48168032 ], [ 139.90281077, 37.48252043 ], [ 139.90283595, 37.48298687 ], [ 139.90284493, 37.48321355 ], [ 139.90287633, 37.4840286 ], [ 139.90290659, 37.48481437 ], [ 139.90292827, 37.48517733 ], [ 139.90281731, 37.48520344 ], [ 139.90271723000001, 37.48538865 ], [ 139.90255947, 37.48571032 ], [ 139.90255964, 37.48590012 ], [ 139.90255496, 37.48601796 ], [ 139.90298870000001, 37.48602052 ], [ 139.90299522000001, 37.48615822 ], [ 139.90318590000001, 37.48681604 ], [ 139.90325702000001, 37.48705592 ], [ 139.90336436000001, 37.48741812 ], [ 139.90358868000001, 37.48819786 ], [ 139.90359472, 37.48821883 ], [ 139.90383723, 37.48900024 ], [ 139.90397010000001, 37.48945592 ], [ 139.90398064, 37.4894921 ], [ 139.90385293, 37.48951146 ], [ 139.90386835000001, 37.48975137 ], [ 139.90393726, 37.49025186 ], [ 139.90398617, 37.49051582 ], [ 139.90401979000001, 37.49069278 ], [ 139.90385251000001, 37.49067838 ], [ 139.90383137000001, 37.49082862 ], [ 139.90410510000001, 37.49086478 ], [ 139.90409306000001, 37.49099319 ], [ 139.90407485, 37.49103192 ], [ 139.90378177, 37.49161359 ], [ 139.90370984, 37.49181483 ], [ 139.90369201, 37.49203392 ], [ 139.90370110000001, 37.49210938 ], [ 139.90378458000001, 37.49229856 ], [ 139.90379146000001, 37.49231418 ], [ 139.90382312, 37.49242905 ], [ 139.90383679000001, 37.49257265 ], [ 139.90385818, 37.49268641 ], [ 139.90389268000001, 37.49284295 ], [ 139.90392717, 37.4929719 ], [ 139.90393704, 37.49302666 ], [ 139.90393706, 37.49305214 ], [ 139.90392482, 37.49308538 ], [ 139.90379065, 37.49335311 ], [ 139.90350162, 37.49414808 ], [ 139.90340679, 37.49440213 ], [ 139.90325645, 37.49467776 ], [ 139.90320341, 37.49488997 ], [ 139.90314601, 37.49489296 ], [ 139.90302327000001, 37.49486755 ], [ 139.90288826, 37.494852 ], [ 139.90276668000001, 37.49484884 ], [ 139.90273324, 37.4950609 ], [ 139.9026222, 37.49569088 ], [ 139.90260851, 37.4957603 ], [ 139.90259950000001, 37.49593573 ], [ 139.90261808, 37.49617944 ], [ 139.90270813000001, 37.49614391 ], [ 139.90329203, 37.49595996 ], [ 139.9039426, 37.49641997 ], [ 139.90406110000001, 37.49641539 ], [ 139.90419205000001, 37.49642968 ], [ 139.90444262, 37.49642403 ], [ 139.90448932000001, 37.49642105 ], [ 139.90460513, 37.49641323 ], [ 139.90476089000001, 37.49640061 ], [ 139.90489184, 37.49642207 ], [ 139.90504312, 37.4964507 ], [ 139.90521697, 37.49648114 ], [ 139.90540612000001, 37.49641626 ], [ 139.90561873, 37.49633419 ], [ 139.90582676, 37.49669506 ], [ 139.90632798, 37.49648665 ], [ 139.90667192000001, 37.49639013 ], [ 139.90710909000001, 37.49621935 ], [ 139.90841775000001, 37.49574643 ], [ 139.9095165, 37.4953222 ], [ 139.90997351, 37.49512817 ], [ 139.91029344, 37.49500462 ], [ 139.91079242000001, 37.49484688 ], [ 139.91114371, 37.49556244 ], [ 139.91123556, 37.49565502 ], [ 139.91131069, 37.49585349 ], [ 139.91137810000001, 37.49598017 ], [ 139.91156489, 37.49620672 ], [ 139.91172709, 37.49630897 ], [ 139.91182194000001, 37.49635509 ], [ 139.91184564, 37.49636492 ], [ 139.91203917000001, 37.49644519 ], [ 139.91240016, 37.49655448 ], [ 139.91261583, 37.49662135 ], [ 139.91285446000001, 37.4966944 ], [ 139.91312977000001, 37.49675503 ], [ 139.91342033000001, 37.49678891 ], [ 139.91380416000001, 37.49680933 ], [ 139.91397059, 37.49681668 ], [ 139.91429656, 37.49683096 ], [ 139.91472780000001, 37.4968453 ], [ 139.91494037000001, 37.49685866 ], [ 139.91513307, 37.49689006 ], [ 139.91539464, 37.49698125 ], [ 139.91558285, 37.49709193 ], [ 139.91578789, 37.49721624 ], [ 139.91593483, 37.49733793 ], [ 139.91604507, 37.49747188 ], [ 139.91610635000001, 37.49757167 ], [ 139.91612479, 37.49765458 ], [ 139.916099, 37.49783848 ], [ 139.91607574, 37.49796324 ], [ 139.91598011, 37.49812874 ], [ 139.91586846000001, 37.49825173 ], [ 139.91569822, 37.49834084 ], [ 139.91553861, 37.49840459 ], [ 139.91542684000001, 37.49842171 ], [ 139.91525228, 37.49840972 ], [ 139.91501160000001, 37.4983754 ], [ 139.91481464, 37.4983585 ], [ 139.91466559, 37.49836283 ], [ 139.91453256, 37.49840108 ], [ 139.914373, 37.49852002 ], [ 139.91404865000001, 37.49884675 ], [ 139.91382002, 37.49908443 ], [ 139.91355415000001, 37.49934762 ], [ 139.91333875000001, 37.49951096 ], [ 139.91309403, 37.49963418 ], [ 139.91297164, 37.49967664 ], [ 139.91285454000001, 37.49969376 ], [ 139.91274277, 37.49969384 ], [ 139.91262567000001, 37.49971081 ], [ 139.91253471, 37.49973551 ], [ 139.9123969, 37.49983473 ], [ 139.91229427, 37.49994251 ], [ 139.91217816, 37.50009549 ], [ 139.91179478000001, 37.50069047 ], [ 139.91131289, 37.501448 ], [ 139.91113605000001, 37.50172506 ], [ 139.91097138000001, 37.50199874 ], [ 139.91090661000001, 37.50213028 ], [ 139.91086889, 37.50227026 ], [ 139.91082982, 37.50239841 ], [ 139.91074352000001, 37.5026312 ], [ 139.91061943, 37.50292005 ], [ 139.91046157, 37.50324005 ], [ 139.91032173, 37.50348878 ], [ 139.91016809000001, 37.50370994 ], [ 139.91008581, 37.50385233 ], [ 139.91003651, 37.50400992 ], [ 139.91003113, 37.50411946 ], [ 139.91004911, 37.50431403 ], [ 139.91005753, 37.50440723 ], [ 139.91009893, 37.5045846 ], [ 139.91012928000001, 37.50471144 ], [ 139.91012391000001, 37.5048276 ], [ 139.9101048, 37.5049501 ], [ 139.9100679, 37.50514386 ], [ 139.90998291, 37.50532343 ], [ 139.90992539000001, 37.5055096 ], [ 139.90992542000001, 37.50554297 ], [ 139.9098185, 37.5055643 ], [ 139.90966233, 37.50558003 ], [ 139.90959404, 37.50562921 ], [ 139.90879952, 37.50669921 ], [ 139.90845341, 37.50714646 ], [ 139.90928983000001, 37.50726785 ], [ 139.91007983, 37.50738869 ], [ 139.91242722000001, 37.50769572 ], [ 139.91382433000001, 37.50789735 ], [ 139.91417250000001, 37.50622123 ], [ 139.91430969000001, 37.50564894 ], [ 139.91429946, 37.5056267 ], [ 139.91452889000001, 37.50456762 ], [ 139.91524158, 37.50466737 ], [ 139.91501161, 37.50556298 ], [ 139.91485578000001, 37.50629861 ], [ 139.91550204000001, 37.50637727 ], [ 139.91549831, 37.50639375 ], [ 139.91618318, 37.5064859 ], [ 139.91680978, 37.50657302 ], [ 139.9175051, 37.50667318 ], [ 139.91812069, 37.50675383 ], [ 139.9187858, 37.50685837 ], [ 139.91942339, 37.50694111 ], [ 139.92011076, 37.5070376 ], [ 139.92011299000001, 37.50702 ], [ 139.92071643, 37.50710106 ], [ 139.92104623, 37.50715107 ], [ 139.92206676000001, 37.50728348 ], [ 139.92271468000001, 37.50737464 ], [ 139.92336589000001, 37.50746593 ], [ 139.92427528, 37.50758982 ], [ 139.92437802000001, 37.5071147 ], [ 139.92529185000001, 37.50724914 ], [ 139.92532271, 37.5072539 ], [ 139.92626325000001, 37.50739887 ], [ 139.92613545, 37.50788936 ], [ 139.92598558, 37.50843267 ], [ 139.92587248000001, 37.5088902 ], [ 139.92578143, 37.50926183 ], [ 139.925761, 37.50945698 ], [ 139.92567766, 37.51009091 ], [ 139.92561330000001, 37.51056839 ], [ 139.92555598000001, 37.51076949 ], [ 139.92536059, 37.51152571 ], [ 139.92643986, 37.51170014 ], [ 139.92690639, 37.51177255 ], [ 139.92704222, 37.51178427 ], [ 139.92711586, 37.51166664 ], [ 139.92717191, 37.51162887 ], [ 139.92735788, 37.51160295 ], [ 139.92739042, 37.51165924 ], [ 139.92740825000001, 37.51175806 ], [ 139.92741131, 37.51184043 ], [ 139.92740846000001, 37.51192504 ], [ 139.92739975000001, 37.51204022 ], [ 139.92736072, 37.51220372 ], [ 139.92730717000001, 37.5123637 ], [ 139.92725422000001, 37.51252368 ], [ 139.92722192, 37.51264606 ], [ 139.92719552, 37.51278716 ], [ 139.92717215, 37.5129871 ], [ 139.92705782, 37.51422829 ], [ 139.92663647000001, 37.51430987 ], [ 139.92658209000001, 37.51430738 ], [ 139.92658339, 37.51451083 ], [ 139.92658976000001, 37.51473356 ], [ 139.92661146, 37.51507018 ], [ 139.92663288, 37.51518631 ], [ 139.92669240000001, 37.51537408 ], [ 139.92677772, 37.51554339 ], [ 139.92691783000001, 37.51576123 ], [ 139.92702752, 37.51596219 ], [ 139.92700031000001, 37.51608076 ], [ 139.92694254, 37.51607123 ], [ 139.92672514, 37.51603621 ], [ 139.92628731, 37.51596884 ], [ 139.92603795, 37.51590118 ], [ 139.92586772000001, 37.51590131 ], [ 139.92570961000001, 37.51588201 ], [ 139.92546628, 37.51699011 ], [ 139.92526074, 37.51794429 ], [ 139.92618871, 37.51794876 ], [ 139.92921074, 37.51796996 ], [ 139.92920226000001, 37.5168829 ], [ 139.93046657, 37.51688847 ], [ 139.93068894000001, 37.51694615 ], [ 139.93094959000001, 37.51696127 ], [ 139.93105686000001, 37.51692458 ], [ 139.93105672, 37.51681772 ], [ 139.93130584, 37.51681145 ], [ 139.93129497000001, 37.515839 ], [ 139.93131007, 37.51565891 ], [ 139.93133839000001, 37.51533675 ], [ 139.93134981, 37.51527563 ], [ 139.93139567, 37.51517493 ], [ 139.93147224000001, 37.5151108 ], [ 139.93158033, 37.51508128 ], [ 139.93161511, 37.51528301 ], [ 139.93173014000001, 37.5159186 ], [ 139.93179381, 37.51628123 ], [ 139.93181722, 37.51659265 ], [ 139.93182225000001, 37.51667966 ], [ 139.93183292000001, 37.51686437 ], [ 139.93186252000001, 37.51798563 ], [ 139.93190559000001, 37.51798587 ], [ 139.93192365, 37.517986 ], [ 139.93372018, 37.51793899 ], [ 139.93461393000001, 37.51789583 ], [ 139.93490863, 37.51788037 ], [ 139.93599164, 37.51779917 ], [ 139.93652097, 37.51775914 ], [ 139.93693656, 37.51775102 ], [ 139.93729979, 37.51774619 ], [ 139.93737775, 37.51774317 ], [ 139.93771329, 37.51773048 ], [ 139.93816599, 37.51774387 ], [ 139.93865584, 37.51778285 ], [ 139.93914574, 37.51784942 ], [ 139.93959115000001, 37.51793969 ], [ 139.93997721, 37.51804578 ], [ 139.94024392, 37.5181348 ], [ 139.94050685, 37.51822255 ], [ 139.94079396000001, 37.51832873 ], [ 139.94092463000001, 37.51802717 ], [ 139.94127861000001, 37.51708661 ], [ 139.94150325000001, 37.51656307 ], [ 139.94188768000001, 37.51548732 ], [ 139.9423804, 37.51536845 ], [ 139.94253689000001, 37.51580139 ], [ 139.94255896000001, 37.5160265 ], [ 139.94272605, 37.51627189 ], [ 139.94283825, 37.51617351 ], [ 139.94311536000001, 37.51606216 ], [ 139.94320951, 37.51601293 ], [ 139.94326739, 37.51593784 ], [ 139.94333251, 37.51585696 ], [ 139.94345561, 37.51577603 ], [ 139.94357516, 37.5157355 ], [ 139.94373463, 37.51574112 ], [ 139.94394124, 37.51574966 ], [ 139.94407532, 37.51573207 ], [ 139.94422736000001, 37.51561648 ], [ 139.94432377000001, 37.51551177 ], [ 139.9443, 37.51545815 ], [ 139.94424513000001, 37.51533487 ], [ 139.94419581, 37.51526804 ], [ 139.94415746000001, 37.51522302 ], [ 139.94410637, 37.51518674 ], [ 139.94402249000001, 37.51516218 ], [ 139.94389853000001, 37.51515371 ], [ 139.94376367000001, 37.51517257 ], [ 139.94367435000001, 37.51517997 ], [ 139.94359963, 37.51517709 ], [ 139.94353578, 37.51514815 ], [ 139.94344820000001, 37.51509022 ], [ 139.94336423, 37.51500596 ], [ 139.94329712000001, 37.514988 ], [ 139.94321639, 37.51496964 ], [ 139.94316159, 37.51494209 ], [ 139.94310391, 37.51491019 ], [ 139.94300879, 37.51488944 ], [ 139.94282145, 37.51487356 ], [ 139.94269464000001, 37.51486003 ], [ 139.94249281, 37.51479362 ], [ 139.94234231, 37.51470759 ], [ 139.94222743, 37.51462393 ], [ 139.94213791000001, 37.51449561 ], [ 139.94199518, 37.51444632 ], [ 139.94162619, 37.51436402 ], [ 139.94117663, 37.51435754 ], [ 139.94057722, 37.51435809 ], [ 139.94055695, 37.51429152 ], [ 139.94009521000001, 37.51429968 ], [ 139.94005909000001, 37.51459187 ], [ 139.93991895, 37.51458622 ], [ 139.93948929000001, 37.51455944 ], [ 139.93947293, 37.51471321 ], [ 139.93944892, 37.51503157 ], [ 139.93853776, 37.51495679 ], [ 139.93864177, 37.51482097 ], [ 139.93883357000001, 37.5144788 ], [ 139.93889895000001, 37.51430979 ], [ 139.93896530000001, 37.5141381 ], [ 139.93899868, 37.51405796 ], [ 139.93912271, 37.51376049 ], [ 139.93925286000001, 37.51352242 ], [ 139.93939342, 37.51336925 ], [ 139.93950834, 37.51329382 ], [ 139.93971773000001, 37.513239 ], [ 139.94001283, 37.51318086 ], [ 139.94002022000001, 37.51318015 ], [ 139.940473, 37.51313159 ], [ 139.94061372, 37.51308767 ], [ 139.94111135, 37.51290671 ], [ 139.94147685, 37.51277092 ], [ 139.94213384, 37.51250266 ], [ 139.94217026000001, 37.51263075 ], [ 139.94281463, 37.51237164 ], [ 139.94291667, 37.51233058 ], [ 139.94344175000001, 37.51215507 ], [ 139.94371292, 37.51208639 ], [ 139.94398755, 37.51203966 ], [ 139.94418667, 37.51202033 ], [ 139.94448704000001, 37.51196668 ], [ 139.94484065, 37.51192537 ], [ 139.94497796, 37.51190595 ], [ 139.9451942, 37.51184562 ], [ 139.94560259, 37.51170302 ], [ 139.94593207, 37.51159866 ], [ 139.94609553000001, 37.5118325 ], [ 139.94626752, 37.51203466 ], [ 139.94636046, 37.51217691 ], [ 139.94642585, 37.51228624 ], [ 139.94647411, 37.51240376 ], [ 139.94649151, 37.51255144 ], [ 139.94651601000001, 37.51285511 ], [ 139.94652183, 37.51329129 ], [ 139.94655703000001, 37.51386302 ], [ 139.94656248000001, 37.51405858 ], [ 139.94658733, 37.51455669 ], [ 139.94660322, 37.51487501 ], [ 139.94661758000001, 37.51528528 ], [ 139.946646, 37.51590616 ], [ 139.94667028000001, 37.51605932 ], [ 139.94670479000001, 37.51617417 ], [ 139.94675817000001, 37.51627394 ], [ 139.94682011, 37.51636132 ], [ 139.9466074, 37.5164874 ], [ 139.94681817, 37.51664024 ], [ 139.94708425, 37.51672825 ], [ 139.947247, 37.51678568 ], [ 139.94742279, 37.51692743 ], [ 139.94765037, 37.51717402 ], [ 139.94776807, 37.51731681 ], [ 139.94747667, 37.5173278 ], [ 139.94726686000001, 37.5173549 ], [ 139.94712251000001, 37.5173946 ], [ 139.94641993, 37.51762267 ], [ 139.94606587000001, 37.51776507 ], [ 139.94593763, 37.51784235 ], [ 139.9458359, 37.5179037 ], [ 139.94569512000001, 37.51806997 ], [ 139.9456569, 37.5181635 ], [ 139.94562556, 37.51832164 ], [ 139.94562916000001, 37.51846454 ], [ 139.94564135, 37.51907206 ], [ 139.94569079, 37.5196787 ], [ 139.94570701000001, 37.51995901 ], [ 139.94557508, 37.52001222 ], [ 139.94535863, 37.52013111 ], [ 139.94512767000001, 37.52036407 ], [ 139.94478976, 37.52075439 ], [ 139.94456449, 37.52101888 ], [ 139.94427481, 37.52121599 ], [ 139.94404473, 37.52128801 ], [ 139.94441946000001, 37.52212088 ], [ 139.94481909000001, 37.52300032 ], [ 139.94511954000001, 37.52363066 ], [ 139.94540214, 37.52428931 ], [ 139.9455643, 37.52482572 ], [ 139.94559623000001, 37.52504674 ], [ 139.94562726000001, 37.52541432 ], [ 139.94563881, 37.52558862 ], [ 139.94560446, 37.52601737 ], [ 139.94558446, 37.52612496 ], [ 139.94607741, 37.52619713 ], [ 139.94620543, 37.52618856 ], [ 139.94628433, 37.52617314 ], [ 139.94636840000001, 37.52609759 ], [ 139.9464593, 37.52590194 ], [ 139.94643706, 37.52590154 ], [ 139.94690585000001, 37.52475529 ] ] ] } },
{ "type": "Feature", "properties": { "DIDid": 720301, "行政コード": "07203", "市町村名称": "郡山市", "DID符号": 1, "人口": 232730, "面積": 46.48, "前回人口": 232110, "前回面積": 45.67, "人口割合": 69.4, "面積割合": 6.1, "調査年度": 2015 }, "geometry": { "type": "Polygon", "coordinates": [ [ [ 140.38026498, 37.42336462 ], [ 140.37884185, 37.42335059 ], [ 140.37753536, 37.4233225 ], [ 140.37763073, 37.42303736 ], [ 140.37756071000001, 37.42304656 ], [ 140.37765820000001, 37.42267102 ], [ 140.37771885000001, 37.42222468 ], [ 140.37773290000001, 37.42188374 ], [ 140.37771843, 37.42170949 ], [ 140.37742245000001, 37.42172605 ], [ 140.37730535, 37.42172982 ], [ 140.37716722, 37.42172046 ], [ 140.3770793, 37.42170763 ], [ 140.37694569000001, 37.4217416 ], [ 140.37672125, 37.42193933 ], [ 140.37522619000001, 37.42218987 ], [ 140.37470537, 37.42227715 ], [ 140.37482825000001, 37.42249694 ], [ 140.3741641, 37.42263006 ], [ 140.37419239, 37.42278157 ], [ 140.37421377000001, 37.42284498 ], [ 140.37428565, 37.42295138 ], [ 140.3743748, 37.42312782 ], [ 140.37431469000001, 37.42313317 ], [ 140.37422422, 37.42314132 ], [ 140.37398993, 37.42316815 ], [ 140.37356990000001, 37.42323131 ], [ 140.37345313, 37.42329956 ], [ 140.37325271, 37.4235359 ], [ 140.37310857, 37.42370734 ], [ 140.37303225, 37.42379808 ], [ 140.37254436000001, 37.42398404 ], [ 140.37238532000001, 37.42407347 ], [ 140.37305523000001, 37.42433049 ], [ 140.37338255, 37.42445235 ], [ 140.37364949, 37.42454463 ], [ 140.37376135, 37.42457158 ], [ 140.37410831, 37.42464533 ], [ 140.37438654, 37.42471038 ], [ 140.37460455, 37.42476191 ], [ 140.37474788, 37.42478857 ], [ 140.3753041, 37.42488883 ], [ 140.37616116000001, 37.42501741 ], [ 140.37692896, 37.42512668 ], [ 140.37693351, 37.4251154 ], [ 140.37803279, 37.42528735 ], [ 140.38009239, 37.42560104 ], [ 140.38022735000001, 37.42467902 ], [ 140.38027675000001, 37.42438649 ], [ 140.3803203, 37.42407808 ], [ 140.38032733, 37.42386797 ], [ 140.38031289, 37.42365684 ], [ 140.38026498, 37.42336462 ] ] ] } },
{ "type": "Feature", "properties": { "DIDid": 720301, "行政コード": "07203", "市町村名称": "郡山市", "DID符号": 1, "人口": 232730, "面積": 46.48, "前回人口": 232110, "前回面積": 45.67, "人口割合": 69.4, "面積割合": 6.1, "調査年度": 2015 }, "geometry": { "type": "Polygon", "coordinates": [ [ [ 140.38416467, 37.42336957 ], [ 140.38382135000001, 37.42407263 ], [ 140.38377966, 37.424158 ], [ 140.38368473, 37.42438119 ], [ 140.38362204000001, 37.42452861 ], [ 140.38346158, 37.42489712 ], [ 140.38343189, 37.42498202 ], [ 140.38332556, 37.42528706 ], [ 140.38361026000001, 37.42545231 ], [ 140.38375985, 37.42554668 ], [ 140.38365655000001, 37.42574697 ], [ 140.38367274000001, 37.42575142 ], [ 140.38393305, 37.42581059 ], [ 140.38383389000001, 37.42600028 ], [ 140.38467326, 37.42616872 ], [ 140.38475895, 37.42596194 ], [ 140.38501145000001, 37.42601122 ], [ 140.38514203, 37.42582889 ], [ 140.38465338, 37.42576836 ], [ 140.38453416, 37.42571302 ], [ 140.38493136, 37.42552926 ], [ 140.38504779, 37.4254755 ], [ 140.38528897, 37.42537047 ], [ 140.38531943000001, 37.42523319 ], [ 140.38531608, 37.42516252 ], [ 140.38528835, 37.42510732 ], [ 140.38570507, 37.42472227 ], [ 140.38598212, 37.42462735 ], [ 140.38613917000001, 37.42456946 ], [ 140.38624479000001, 37.42452799 ], [ 140.38629902, 37.42450254 ], [ 140.38626172, 37.42410763 ], [ 140.38601154, 37.42396264 ], [ 140.38583037000001, 37.42385619 ], [ 140.38542986, 37.42428974 ], [ 140.38533761, 37.42439619 ], [ 140.3852838, 37.42447867 ], [ 140.38498258000001, 37.42440249 ], [ 140.38485971, 37.42467255 ], [ 140.38473204, 37.42459091 ], [ 140.38466248, 37.42447705 ], [ 140.38481433000001, 37.42410407 ], [ 140.38487408, 37.42405353 ], [ 140.38491661, 37.42399856 ], [ 140.38492782, 37.42396204 ], [ 140.38493032, 37.42391176 ], [ 140.38491832, 37.423841 ], [ 140.38489148, 37.42369723 ], [ 140.38487324, 37.42355116 ], [ 140.38486478, 37.42337421 ], [ 140.38416467, 37.42336957 ] ] ] } },
{ "type": "Feature", "properties": { "DIDid": 720301, "行政コード": "07203", "市町村名称": "郡山市", "DID符号": 1, "人口": 232730, "面積": 46.48, "前回人口": 232110, "前回面積": 45.67, "人口割合": 69.4, "面積割合": 6.1, "調査年度": 2015 }, "geometry": { "type": "Polygon", "coordinates": [ [ [ 140.34944943, 37.4319798 ], [ 140.35031733, 37.43082018 ], [ 140.35095248, 37.42997598 ], [ 140.35102304, 37.42989119 ], [ 140.35126046, 37.42960615 ], [ 140.35148883, 37.42939043 ], [ 140.35153733000001, 37.4293446 ], [ 140.35178276, 37.42914034 ], [ 140.35187594000001, 37.42906517 ], [ 140.35205989, 37.4289168 ], [ 140.35232148, 37.4287443 ], [ 140.35247996000001, 37.42863561 ], [ 140.35280501, 37.42843086 ], [ 140.35317795, 37.42824519 ], [ 140.35344513000001, 37.42812898 ], [ 140.35359074, 37.42806554 ], [ 140.35405568, 37.42792325 ], [ 140.35419063000001, 37.42788183 ], [ 140.35445094, 37.42779268 ], [ 140.35492633000001, 37.42762978 ], [ 140.35533709000001, 37.42748914 ], [ 140.35542982000001, 37.42745733 ], [ 140.35705056, 37.426942 ], [ 140.35799583, 37.4266203 ], [ 140.35952546, 37.42615096 ], [ 140.36054663, 37.42581903 ], [ 140.36102323, 37.42566244 ], [ 140.36136224000001, 37.42555194 ], [ 140.36187063, 37.42538619 ], [ 140.36261109, 37.4251276 ], [ 140.36298364000001, 37.4249816 ], [ 140.36344336, 37.42478087 ], [ 140.36379102000001, 37.4250999 ], [ 140.36463001000001, 37.42446365 ], [ 140.36467566, 37.42431757 ], [ 140.36472167, 37.42422119 ], [ 140.36471286, 37.42408156 ], [ 140.36473352, 37.42391574 ], [ 140.36475035000001, 37.42380064 ], [ 140.36508495000001, 37.42355131 ], [ 140.3649211, 37.42336732 ], [ 140.36493390000001, 37.42334277 ], [ 140.36481155000001, 37.42320477 ], [ 140.36501894, 37.42307669 ], [ 140.36507578000001, 37.42302758 ], [ 140.36509121, 37.42298822 ], [ 140.36493646, 37.42299653 ], [ 140.36484116, 37.42294472 ], [ 140.36474289, 37.42293474 ], [ 140.36462324, 37.42297077 ], [ 140.36467952000001, 37.42268187 ], [ 140.36474481, 37.42256077 ], [ 140.36476989, 37.42254432 ], [ 140.36487247, 37.42253992 ], [ 140.36491842000001, 37.42255407 ], [ 140.36496849, 37.42259355 ], [ 140.36500883, 37.42263758 ], [ 140.365182, 37.42271184 ], [ 140.36525669, 37.42271432 ], [ 140.36532439000001, 37.42268966 ], [ 140.3653104, 37.42262735 ], [ 140.3654585, 37.42245349 ], [ 140.36555231, 37.42227974 ], [ 140.36556647, 37.42223532 ], [ 140.36553323000001, 37.42215395 ], [ 140.36552048, 37.42204277 ], [ 140.36554469000001, 37.42152762 ], [ 140.36554171, 37.42111128 ], [ 140.36553867000001, 37.42068537 ], [ 140.36555666000001, 37.42041199 ], [ 140.36557851000001, 37.42031432 ], [ 140.36565203000001, 37.42019107 ], [ 140.36572046000001, 37.42010177 ], [ 140.3657786, 37.4200549 ], [ 140.36586338000001, 37.42002495 ], [ 140.36594301, 37.420016 ], [ 140.36601737000001, 37.42001566 ], [ 140.36607499, 37.420014 ], [ 140.36603963, 37.41961062 ], [ 140.36607492, 37.41931648 ], [ 140.3658079, 37.41940414 ], [ 140.36467385, 37.41977168 ], [ 140.36460709, 37.41948603 ], [ 140.36459955000001, 37.41930035 ], [ 140.36479944000001, 37.419223 ], [ 140.36553204000001, 37.41903735 ], [ 140.36568627, 37.41893092 ], [ 140.36585725, 37.41881497 ], [ 140.36601611, 37.41874667 ], [ 140.36624222, 37.41868215 ], [ 140.36648335000001, 37.41862741 ], [ 140.3665378, 37.41858352 ], [ 140.36598670000001, 37.41752443 ], [ 140.36597372, 37.41733695 ], [ 140.365928, 37.4171996 ], [ 140.36566601000001, 37.41723725 ], [ 140.36543239, 37.41726097 ], [ 140.36531833000001, 37.41725698 ], [ 140.36516425, 37.41723487 ], [ 140.36494697000001, 37.41714941 ], [ 140.36482906000001, 37.41706842 ], [ 140.36484474, 37.41730108 ], [ 140.36487157, 37.41740684 ], [ 140.36491111000001, 37.41746213 ], [ 140.36496929, 37.41753382 ], [ 140.36510305, 37.41769104 ], [ 140.36512374, 37.4178454 ], [ 140.36505918, 37.41794453 ], [ 140.36500518, 37.41799687 ], [ 140.36449282000001, 37.41783093 ], [ 140.36449551000001, 37.41775025 ], [ 140.36456568, 37.41752086 ], [ 140.36453458, 37.41727897 ], [ 140.36451650000001, 37.4171491 ], [ 140.36384582, 37.41744779 ], [ 140.36327179, 37.41770958 ], [ 140.36312639, 37.41777289 ], [ 140.36317247, 37.41844935 ], [ 140.3627204, 37.41849827 ], [ 140.36265650000001, 37.41850447 ], [ 140.36255445, 37.41833809 ], [ 140.36252019, 37.418267 ], [ 140.36251356, 37.41825323 ], [ 140.36251265000001, 37.41804824 ], [ 140.36229124, 37.4181347 ], [ 140.3620525, 37.41824038 ], [ 140.36195594, 37.4182908 ], [ 140.36166684, 37.41853314 ], [ 140.36152012, 37.41828431 ], [ 140.36005149, 37.41889773 ], [ 140.36012275, 37.41919181 ], [ 140.36007221, 37.41919556 ], [ 140.35968406000001, 37.41922912 ], [ 140.35944526, 37.41926595 ], [ 140.35929024000001, 37.41867572 ], [ 140.35927085, 37.41858542 ], [ 140.35915465, 37.41804415 ], [ 140.35972597, 37.41780886 ], [ 140.36023199, 37.41760046 ], [ 140.3603049, 37.41757029 ], [ 140.36092271000001, 37.41731395 ], [ 140.36187782, 37.41691768 ], [ 140.36162369, 37.41645504 ], [ 140.36077847000001, 37.4168021 ], [ 140.36037455, 37.4151946 ], [ 140.36108385, 37.41498051 ], [ 140.36180355, 37.41476327 ], [ 140.361885, 37.41510082 ], [ 140.36205418, 37.41565029 ], [ 140.36230589, 37.41616997 ], [ 140.36286846, 37.4171164 ], [ 140.36478404, 37.41630086 ], [ 140.36754491, 37.41515455 ], [ 140.36742026, 37.4146163 ], [ 140.36665772000001, 37.41493147 ], [ 140.36654944, 37.41454154 ], [ 140.36640091000001, 37.41400677 ], [ 140.36693097, 37.41400056 ], [ 140.3672723, 37.41397734 ], [ 140.36735747, 37.41397146 ], [ 140.36808207000001, 37.41390805 ], [ 140.36857627000001, 37.41383654 ], [ 140.36889459, 37.41372809 ], [ 140.36908278000001, 37.41363994 ], [ 140.36927065, 37.41350646 ], [ 140.36941684000001, 37.41335824 ], [ 140.36949877000001, 37.41319525 ], [ 140.37004937, 37.41262986 ], [ 140.37017024, 37.41250794 ], [ 140.37023125, 37.41246219 ], [ 140.37047361, 37.41223623 ], [ 140.37051057, 37.41220903 ], [ 140.3702385, 37.41183267 ], [ 140.37017222, 37.41143086 ], [ 140.37077691, 37.41136165 ], [ 140.37072935, 37.41087993 ], [ 140.37138478, 37.41081007 ], [ 140.37134594, 37.41048248 ], [ 140.37129765, 37.41011621 ], [ 140.37126495000001, 37.41001062 ], [ 140.37122007, 37.4096953 ], [ 140.37185879, 37.40963397 ], [ 140.37175690000001, 37.4087884 ], [ 140.3723986, 37.40871748 ], [ 140.37223012000001, 37.4077179 ], [ 140.37286516, 37.40756197 ], [ 140.37349718, 37.40740858 ], [ 140.37359631000001, 37.40807592 ], [ 140.37294946, 37.40827795 ], [ 140.37278146, 37.40841106 ], [ 140.37260643, 37.40862305 ], [ 140.3724052, 37.40899777 ], [ 140.37233475, 37.40914747 ], [ 140.37372959000001, 37.40904285 ], [ 140.37496297000001, 37.40891938 ], [ 140.37508317000001, 37.40975768 ], [ 140.37551456, 37.40954945 ], [ 140.37556095, 37.41046341 ], [ 140.37561776000001, 37.41132257 ], [ 140.37562796, 37.4114826 ], [ 140.37627498000001, 37.41145951 ], [ 140.37634277000001, 37.4113322 ], [ 140.37637779, 37.41117632 ], [ 140.37636643, 37.41110725 ], [ 140.3763228, 37.41107281 ], [ 140.37608764000001, 37.41105375 ], [ 140.37591045, 37.4110516 ], [ 140.37584169, 37.41103756 ], [ 140.37580856, 37.41095985 ], [ 140.37646541000001, 37.41078944 ], [ 140.37706325, 37.41221577 ], [ 140.37761368, 37.41193729 ], [ 140.37786635000001, 37.41250185 ], [ 140.3774344, 37.41303603 ], [ 140.37720512000001, 37.41333135 ], [ 140.37709883, 37.41338801 ], [ 140.37691215000001, 37.41345997 ], [ 140.37687213000001, 37.41353364 ], [ 140.37678418, 37.41361345 ], [ 140.37664563000001, 37.41371884 ], [ 140.37662843000001, 37.41383719 ], [ 140.37625048000001, 37.41407249 ], [ 140.37554895, 37.4145689 ], [ 140.37457625, 37.41531307 ], [ 140.37404054000001, 37.41574239 ], [ 140.37413164, 37.41582434 ], [ 140.37431356, 37.41610707 ], [ 140.37389369, 37.41646927 ], [ 140.37359034, 37.41674759 ], [ 140.37321403000001, 37.41734979 ], [ 140.37301346000001, 37.41766593 ], [ 140.37263666000001, 37.41814014 ], [ 140.37295373000001, 37.41845042 ], [ 140.37212364000001, 37.41897596 ], [ 140.3719194, 37.41877949 ], [ 140.37154029000001, 37.41903732 ], [ 140.37119111000001, 37.41931712 ], [ 140.37158613, 37.41957888 ], [ 140.37166578, 37.41962681 ], [ 140.37192590000001, 37.41982233 ], [ 140.37203989, 37.4199315 ], [ 140.37185826000001, 37.4199709 ], [ 140.37169275, 37.42000713 ], [ 140.37161214, 37.42003974 ], [ 140.37143533, 37.42018895 ], [ 140.37132302000001, 37.42030549 ], [ 140.37131405, 37.42032116 ], [ 140.37139822, 37.42040892 ], [ 140.37123721, 37.42053891 ], [ 140.37092668, 37.42076815 ], [ 140.37082895, 37.42069707 ], [ 140.37066935, 37.42076158 ], [ 140.3704682, 37.42089471 ], [ 140.37010278, 37.42123501 ], [ 140.36992661, 37.42119231 ], [ 140.36978153000001, 37.4212745 ], [ 140.36972487, 37.4213001 ], [ 140.36981723, 37.42137289 ], [ 140.36991636, 37.42144172 ], [ 140.36990687, 37.42167352 ], [ 140.36991067, 37.42174137 ], [ 140.37002944, 37.42187121 ], [ 140.37010038, 37.42195311 ], [ 140.3701109, 37.42204698 ], [ 140.37009570000001, 37.42216772 ], [ 140.37008919, 37.42221928 ], [ 140.37003547, 37.42233963 ], [ 140.36916594, 37.42305521 ], [ 140.36881092, 37.4233473 ], [ 140.36978963000001, 37.42405389 ], [ 140.36909003, 37.42481966 ], [ 140.36992962, 37.42529499 ], [ 140.36966992000001, 37.42545246 ], [ 140.36950168000001, 37.42558628 ], [ 140.36962419, 37.42564754 ], [ 140.36945461, 37.4258284 ], [ 140.36921190000001, 37.42616813 ], [ 140.36910557, 37.42634504 ], [ 140.36885176000001, 37.42679915 ], [ 140.36943926000001, 37.42701585 ], [ 140.36982192, 37.42638796 ], [ 140.36984133000001, 37.42639886 ], [ 140.37072380000001, 37.42684498 ], [ 140.37019184, 37.42774206 ], [ 140.36970012, 37.42753929 ], [ 140.36947539, 37.42788359 ], [ 140.36997315, 37.42809112 ], [ 140.36968924000001, 37.42853326 ], [ 140.36817117000001, 37.42789345 ], [ 140.36657229, 37.4272195 ], [ 140.36644383000001, 37.4272764 ], [ 140.36611461000001, 37.42739151 ], [ 140.36577445, 37.42747077 ], [ 140.36524165, 37.42757582 ], [ 140.36519042, 37.42758323 ], [ 140.36483803, 37.42753878 ], [ 140.36482317, 37.42751533 ], [ 140.364604, 37.42751731 ], [ 140.36455066, 37.42755655 ], [ 140.36438697, 37.42766246 ], [ 140.36434852, 37.42765532 ], [ 140.36423943, 37.4275702 ], [ 140.36390636, 37.42760507 ], [ 140.36379221000001, 37.42751012 ], [ 140.36335033, 37.42757223 ], [ 140.36311254, 37.42766087 ], [ 140.36293796000001, 37.4277505 ], [ 140.36265502000001, 37.42791905 ], [ 140.36234836, 37.42811107 ], [ 140.36202374000001, 37.42834808 ], [ 140.36195362000001, 37.42839922 ], [ 140.36130584, 37.42862403 ], [ 140.36111965000001, 37.42858248 ], [ 140.36086411, 37.42849055 ], [ 140.36060167, 37.42849173 ], [ 140.36015815, 37.42854017 ], [ 140.35980261, 37.42857992 ], [ 140.35937017000001, 37.42863057 ], [ 140.35810786, 37.42886063 ], [ 140.35719598, 37.42907644 ], [ 140.35695749000001, 37.42914945 ], [ 140.35666046, 37.4292016 ], [ 140.35677017, 37.42970095 ], [ 140.35688577, 37.43028068 ], [ 140.35698764, 37.43079485 ], [ 140.35729377000001, 37.43081148 ], [ 140.35745465, 37.43081131 ], [ 140.35755454, 37.43079986 ], [ 140.35793996000001, 37.43071453 ], [ 140.35808381000001, 37.43067145 ], [ 140.35821589, 37.43061194 ], [ 140.35834533, 37.43051612 ], [ 140.35843821, 37.43046189 ], [ 140.35857737000001, 37.43037577 ], [ 140.35862124, 37.43034683 ], [ 140.35864012, 37.43033835 ], [ 140.35867174000001, 37.43033641 ], [ 140.35870003, 37.43034169 ], [ 140.35876234, 37.43036574 ], [ 140.35882004000001, 37.4303763 ], [ 140.35890975000001, 37.43037394 ], [ 140.35904734, 37.430376 ], [ 140.35918171, 37.43039001 ], [ 140.35925975000001, 37.43040048 ], [ 140.35928571, 37.43039585 ], [ 140.35931724, 37.4303813 ], [ 140.35938465000001, 37.43033327 ], [ 140.35943082, 37.43030509 ], [ 140.35946912, 37.4302887 ], [ 140.35950298, 37.43028224 ], [ 140.35953916, 37.43028569 ], [ 140.35957654000001, 37.43029904 ], [ 140.35961172, 37.43032051 ], [ 140.35971759, 37.43039992 ], [ 140.35974346, 37.43041544 ], [ 140.35977943, 37.43042843 ], [ 140.35983967000001, 37.43043934 ], [ 140.36000442, 37.43045177 ], [ 140.3600387, 37.43045701 ], [ 140.36018416, 37.43049708 ], [ 140.36042879, 37.43054805 ], [ 140.36053637000001, 37.43057334 ], [ 140.36060463000001, 37.43060083 ], [ 140.36066511000001, 37.43063807 ], [ 140.36076921, 37.43064973 ], [ 140.36082301, 37.43066022 ], [ 140.36095316000001, 37.43064551 ], [ 140.36095231, 37.43086296 ], [ 140.3608186, 37.43129734 ], [ 140.36171004, 37.43147565 ], [ 140.36187993, 37.43148824 ], [ 140.36251517, 37.43153304 ], [ 140.36276724000001, 37.43153557 ], [ 140.36310937, 37.4315037 ], [ 140.36393385, 37.43146185 ], [ 140.36560653000001, 37.43155926 ], [ 140.36589443, 37.43155796 ], [ 140.36605381000001, 37.43156358 ], [ 140.36606116, 37.43147442 ], [ 140.36609852000001, 37.43142131 ], [ 140.36621225, 37.43125986 ], [ 140.36649208, 37.43154836 ], [ 140.36729578000001, 37.43145011 ], [ 140.36853205, 37.43128005 ], [ 140.368542, 37.4312265 ], [ 140.36839779, 37.43053216 ], [ 140.36835706, 37.4304159 ], [ 140.36867861, 37.4303746 ], [ 140.36895347000001, 37.43032266 ], [ 140.36907028, 37.43030059 ], [ 140.36949179000001, 37.43017843 ], [ 140.36966211000001, 37.4300919 ], [ 140.37061531000001, 37.4300825 ], [ 140.37078463, 37.43052961 ], [ 140.37102187, 37.43061597 ], [ 140.37119617, 37.43067642 ], [ 140.37104872, 37.43107669 ], [ 140.37097142, 37.4313302 ], [ 140.37090848, 37.43153831 ], [ 140.37152214, 37.43166843 ], [ 140.37198197000001, 37.431777 ], [ 140.37231874, 37.43186643 ], [ 140.37264757, 37.43187719 ], [ 140.3729588, 37.43188802 ], [ 140.373454, 37.43194265 ], [ 140.37409732, 37.43202519 ], [ 140.37436273, 37.43204425 ], [ 140.3745822, 37.43206367 ], [ 140.37465907000001, 37.43207261 ], [ 140.37485279000001, 37.43209496 ], [ 140.37513881000001, 37.43214251 ], [ 140.37545523, 37.43216542 ], [ 140.37562358, 37.43216465 ], [ 140.37577661, 37.43216395 ], [ 140.37601629, 37.43215877 ], [ 140.37620239, 37.43214779 ], [ 140.37641635, 37.43210611 ], [ 140.37652329, 37.43208127 ], [ 140.37656307, 37.43194282 ], [ 140.37661234000001, 37.43170253 ], [ 140.37662156, 37.43156831 ], [ 140.3766196, 37.43129967 ], [ 140.37663892, 37.43080129 ], [ 140.37661045, 37.43039465 ], [ 140.37665523000001, 37.42953247 ], [ 140.37794459, 37.42953641 ], [ 140.37911349000001, 37.42952795 ], [ 140.37983295000001, 37.42951647 ], [ 140.38048192, 37.42951038 ], [ 140.38093321, 37.42948254 ], [ 140.38224874, 37.42937776 ], [ 140.38222112, 37.42948785 ], [ 140.38299029000001, 37.42938151 ], [ 140.38336329000001, 37.4293022 ], [ 140.38329584, 37.42899585 ], [ 140.38373794, 37.42882344 ], [ 140.38398816, 37.42894294 ], [ 140.38408756000001, 37.42896684 ], [ 140.3842977, 37.42899022 ], [ 140.38458790000001, 37.42900099 ], [ 140.38492772000001, 37.42901166 ], [ 140.38510714, 37.42901083 ], [ 140.38531317, 37.42899762 ], [ 140.38538557000001, 37.42897603 ], [ 140.38547684, 37.42893294 ], [ 140.38559479, 37.42888058 ], [ 140.38571299, 37.42885582 ], [ 140.38580444, 37.42883709 ], [ 140.38590352, 37.42881227 ], [ 140.38605965, 37.42875987 ], [ 140.38621203, 37.4287196 ], [ 140.38638727, 37.42866697 ], [ 140.38652844000001, 37.42865716 ], [ 140.38662372, 37.42863841 ], [ 140.38670734, 37.4285924 ], [ 140.38679095000001, 37.4285402 ], [ 140.38685944, 37.42850947 ], [ 140.38696234, 37.42848773 ], [ 140.38704065, 37.42842908 ], [ 140.38706484, 37.42841108 ], [ 140.38793836, 37.42831873 ], [ 140.38805712000001, 37.42837605 ], [ 140.38813364000001, 37.428403 ], [ 140.38819793, 37.42840031 ], [ 140.38829394000001, 37.4283962 ], [ 140.38849234, 37.42838317 ], [ 140.38859528, 37.42836748 ], [ 140.3889907, 37.42817569 ], [ 140.38905175, 37.42814612 ], [ 140.38932057, 37.42810685 ], [ 140.38961836, 37.42811151 ], [ 140.38995044000001, 37.42810996 ], [ 140.39010309, 37.42810009 ], [ 140.39020221000001, 37.42808738 ], [ 140.39033173000001, 37.42804721 ], [ 140.39080188, 37.42775552 ], [ 140.39092681, 37.42767581 ], [ 140.39109534, 37.42783722 ], [ 140.39131422, 37.42770074 ], [ 140.39145834000001, 37.42789085 ], [ 140.39219627, 37.4278243 ], [ 140.39220510000001, 37.42789494 ], [ 140.39239821000001, 37.42770184 ], [ 140.39247093, 37.42762772 ], [ 140.39251683000001, 37.42757513 ], [ 140.39284307, 37.42761203 ], [ 140.39297806, 37.4276083 ], [ 140.39305505, 37.4275864 ], [ 140.39312808, 37.42754917 ], [ 140.39323553, 37.42747488 ], [ 140.39331231, 37.42742524 ], [ 140.39338942000001, 37.42741868 ], [ 140.39343967, 37.42743393 ], [ 140.39352489000001, 37.42747957 ], [ 140.39368402, 37.42761117 ], [ 140.39376127, 37.4276232 ], [ 140.39385766000001, 37.42761655 ], [ 140.39394226, 37.42757926 ], [ 140.39400198000001, 37.42756814 ], [ 140.39412194, 37.42761995 ], [ 140.39416438000001, 37.42762271 ], [ 140.39421045, 37.4275918 ], [ 140.39429886, 37.42755139 ], [ 140.39438362000001, 37.42753564 ], [ 140.39443785, 37.42756298 ], [ 140.39447682, 37.42761518 ], [ 140.39449680000001, 37.42770731 ], [ 140.39459379, 37.42778063 ], [ 140.39465207000001, 37.42783583 ], [ 140.39473757, 37.4279185 ], [ 140.39475739, 37.42798922 ], [ 140.39477746, 37.4280936 ], [ 140.39484416, 37.42824718 ], [ 140.39487942, 37.4283177 ], [ 140.39489341000001, 37.42838071 ], [ 140.39492102, 37.42846055 ], [ 140.39502599, 37.42857382 ], [ 140.39502173, 37.42941019 ], [ 140.39529752000001, 37.42963431 ], [ 140.39552492000001, 37.42944569 ], [ 140.39562996000001, 37.4293448 ], [ 140.39589097000001, 37.42909422 ], [ 140.39607372, 37.42888032 ], [ 140.39621075, 37.42870086 ], [ 140.39641442000001, 37.4284342 ], [ 140.39643881000001, 37.42840213 ], [ 140.39659883, 37.42813019 ], [ 140.39673051, 37.42789133 ], [ 140.39689588, 37.42755572 ], [ 140.39691835, 37.42751014 ], [ 140.39693386, 37.42745937 ], [ 140.39704861000001, 37.42708374 ], [ 140.39710443000001, 37.426901 ], [ 140.39715241, 37.42652047 ], [ 140.39715787, 37.42647806 ], [ 140.39719746, 37.42616811 ], [ 140.39722868000001, 37.42582484 ], [ 140.39723459000001, 37.4257599 ], [ 140.39723855, 37.42571666 ], [ 140.39722351, 37.42540753 ], [ 140.39718331, 37.42513387 ], [ 140.39705854, 37.42460731 ], [ 140.39684716, 37.42396711 ], [ 140.39683692, 37.42393745 ], [ 140.39677646000001, 37.42376216 ], [ 140.39651462, 37.42364753 ], [ 140.39611092000001, 37.42346696 ], [ 140.39575804, 37.42331108 ], [ 140.39548247, 37.42318946 ], [ 140.39547591, 37.42309882 ], [ 140.39590055, 37.42306443 ], [ 140.39619726000001, 37.42305781 ], [ 140.39655434, 37.42306612 ], [ 140.39645679, 37.42277259 ], [ 140.39635922, 37.422474 ], [ 140.39608923, 37.42165146 ], [ 140.39585514000001, 37.42095293 ], [ 140.39582128000001, 37.42085171 ], [ 140.39581085, 37.42082051 ], [ 140.39673143, 37.4207894 ], [ 140.39722193, 37.42077284 ], [ 140.39741012, 37.42162815 ], [ 140.39917511, 37.42139389 ], [ 140.39922939, 37.42269983 ], [ 140.39913263, 37.42276112 ], [ 140.39912029000001, 37.42280496 ], [ 140.39909997000001, 37.42291291 ], [ 140.39908792, 37.42300069 ], [ 140.40084461000001, 37.42282079 ], [ 140.40163543, 37.42271887 ], [ 140.40230302000001, 37.42259838 ], [ 140.40333528, 37.42236645 ], [ 140.40325633, 37.42258197 ], [ 140.40325341, 37.42269673 ], [ 140.40328849, 37.42282342 ], [ 140.40339599000001, 37.4230251 ], [ 140.40341216, 37.42316089 ], [ 140.40346224000001, 37.42326934 ], [ 140.40361474, 37.42341054 ], [ 140.40372179, 37.42355195 ], [ 140.40397813000001, 37.42390693 ], [ 140.40433341, 37.42382989 ], [ 140.40456364, 37.42373515 ], [ 140.40496343000001, 37.42353991 ], [ 140.40517455, 37.42342118 ], [ 140.40543968, 37.4232791 ], [ 140.40613867, 37.42294175 ], [ 140.40670387, 37.42263869 ], [ 140.40680643, 37.42260314 ], [ 140.40697517000001, 37.42257008 ], [ 140.40709614, 37.42254021 ], [ 140.4071324, 37.42247555 ], [ 140.40720908, 37.42241942 ], [ 140.40728532, 37.4223019 ], [ 140.40734287000001, 37.42214055 ], [ 140.40741914, 37.422026 ], [ 140.40753968000001, 37.42194037 ], [ 140.40757231000001, 37.42188459 ], [ 140.40759689000001, 37.42173495 ], [ 140.40761074, 37.42162365 ], [ 140.40764307000001, 37.42152972 ], [ 140.40778934, 37.42144397 ], [ 140.40803984, 37.42130083 ], [ 140.40828853, 37.42115601 ], [ 140.40848227000001, 37.42103497 ], [ 140.40865018, 37.42089941 ], [ 140.40879925, 37.42070241 ], [ 140.40871318000001, 37.42066045 ], [ 140.40772053000001, 37.42104641 ], [ 140.40784689, 37.4204605 ], [ 140.40801429000001, 37.42038605 ], [ 140.40853862, 37.42015316 ], [ 140.40662836000001, 37.41883735 ], [ 140.40568707, 37.4181272 ], [ 140.40540388, 37.41791315 ], [ 140.40541659, 37.41789675 ], [ 140.40578136, 37.41743036 ], [ 140.40631667, 37.4167608 ], [ 140.40688922000001, 37.416125 ], [ 140.40671760000001, 37.4145103 ], [ 140.40662469, 37.41426576 ], [ 140.40647496, 37.41365936 ], [ 140.40636225, 37.41320287 ], [ 140.40657931000001, 37.4130392 ], [ 140.40684673000001, 37.41288288 ], [ 140.40660686000001, 37.41290235 ], [ 140.40641808000001, 37.41288045 ], [ 140.40629227, 37.4128629 ], [ 140.40623484, 37.41282657 ], [ 140.40617707000001, 37.41274476 ], [ 140.40509546000001, 37.41291641 ], [ 140.40471273, 37.41296852 ], [ 140.40304602000001, 37.4131952 ], [ 140.40282636000001, 37.4121114 ], [ 140.40301471000001, 37.41208318 ], [ 140.40278735000001, 37.41111107 ], [ 140.40223936000001, 37.41119128 ], [ 140.40201461000001, 37.41018945 ], [ 140.40073304000001, 37.41036201 ], [ 140.39787881000001, 37.41075848 ], [ 140.39729571000001, 37.41034886 ], [ 140.39706234, 37.4092409 ], [ 140.39844880000001, 37.40904647 ], [ 140.40202507000001, 37.40855303 ], [ 140.40192905000001, 37.40810533 ], [ 140.40170752, 37.4070076 ], [ 140.4000635, 37.40724287 ], [ 140.39995439, 37.40675411 ], [ 140.39983299, 37.40622149 ], [ 140.39973305000001, 37.40573593 ], [ 140.39961914, 37.40518286 ], [ 140.3979296, 37.40541649 ], [ 140.3978875, 37.4052352 ], [ 140.39773912000001, 37.40462048 ], [ 140.39741529, 37.40307098 ], [ 140.3968059, 37.40307121 ], [ 140.39695278, 37.40275273 ], [ 140.39726201, 37.40271325 ], [ 140.39742012, 37.40242836 ], [ 140.39754795, 37.4022167 ], [ 140.39770592, 37.40195505 ], [ 140.39915767, 37.40162963 ], [ 140.39920858, 37.40182805 ], [ 140.39934298, 37.40240749 ], [ 140.39938604, 37.40265199 ], [ 140.39883178, 37.40274236 ], [ 140.39883531000001, 37.40308786 ], [ 140.39906099000001, 37.40308594 ], [ 140.40022727, 37.40309289 ], [ 140.39996619, 37.40247308 ], [ 140.39974366000001, 37.40198544 ], [ 140.39971185, 37.40189802 ], [ 140.39970389000001, 37.4018147 ], [ 140.39970161, 37.40175192 ], [ 140.39973225, 37.40169038 ], [ 140.39976112, 37.40163336 ], [ 140.39976134, 37.40162759 ], [ 140.39976265000001, 37.40159097 ], [ 140.39975376000001, 37.40150541 ], [ 140.39968134, 37.4013758 ], [ 140.3996124, 37.40124378 ], [ 140.39956778000001, 37.40113094 ], [ 140.39957121, 37.40110023 ], [ 140.39953448, 37.40108576 ], [ 140.39946567000001, 37.40106483 ], [ 140.39944531, 37.40103874 ], [ 140.39940468, 37.40099359 ], [ 140.39935289, 37.40092373 ], [ 140.39929202, 37.40086854 ], [ 140.39921472, 37.40082217 ], [ 140.39912111000001, 37.40078896 ], [ 140.39898543000001, 37.40077061 ], [ 140.39887003000001, 37.40075623 ], [ 140.39880215, 37.40075388 ], [ 140.3982251, 37.40073327 ], [ 140.39743294, 37.40072184 ], [ 140.39725711, 37.40071564 ], [ 140.39717575, 37.40071053 ], [ 140.39673945000001, 37.40068347 ], [ 140.39657012000001, 37.40067357 ], [ 140.39609272000001, 37.40064993 ], [ 140.39608224, 37.40044118 ], [ 140.39605377000001, 37.40001583 ], [ 140.39601214000001, 37.39944172 ], [ 140.39601597000001, 37.39880431 ], [ 140.39602786, 37.39862558 ], [ 140.39831856000001, 37.3985599 ], [ 140.39834397000001, 37.39839546 ], [ 140.39835635, 37.39809396 ], [ 140.39835874, 37.39803594 ], [ 140.39849003, 37.39804587 ], [ 140.39866954, 37.39807289 ], [ 140.39882737, 37.39812099 ], [ 140.39886703, 37.39816262 ], [ 140.39889157, 37.39822713 ], [ 140.39925952, 37.3980971 ], [ 140.39982881, 37.39788065 ], [ 140.40089663000001, 37.39965155 ], [ 140.40148604000001, 37.39951609 ], [ 140.40131262, 37.39914015 ], [ 140.40136255, 37.39851364 ], [ 140.40131515, 37.39802882 ], [ 140.40125498, 37.39759306 ], [ 140.40214180000001, 37.39745955 ], [ 140.40236558000001, 37.39841984 ], [ 140.40242695000001, 37.39872831 ], [ 140.4030593, 37.3984914 ], [ 140.40370403, 37.3993083 ], [ 140.40397642, 37.39957338 ], [ 140.40406901, 37.39966346 ], [ 140.40442166, 37.39967373 ], [ 140.404625, 37.39967725 ], [ 140.40469775, 37.3996769 ], [ 140.40475359000001, 37.39966326 ], [ 140.40476821, 37.39961855 ], [ 140.40474909, 37.39955909 ], [ 140.40462438, 37.39935286 ], [ 140.40449696, 37.39915031 ], [ 140.40418994000001, 37.39876333 ], [ 140.40397484, 37.39843701 ], [ 140.40385959, 37.39825157 ], [ 140.40381025, 37.39813861 ], [ 140.40376467, 37.39802873 ], [ 140.40364364000001, 37.39781206 ], [ 140.40369596, 37.39782377 ], [ 140.40378202, 37.39786194 ], [ 140.4038759, 37.39794188 ], [ 140.40398117000001, 37.39804556 ], [ 140.40407496, 37.39811354 ], [ 140.40468153, 37.39768498 ], [ 140.40478742, 37.39761013 ], [ 140.40556865, 37.39707808 ], [ 140.40597318, 37.39679932 ], [ 140.40516176, 37.39603899 ], [ 140.40511778000001, 37.39601119 ], [ 140.40499514000001, 37.3959839 ], [ 140.40488128000001, 37.39596699 ], [ 140.40526377, 37.39583068 ], [ 140.40558272000001, 37.39570608 ], [ 140.40565555000001, 37.39565744 ], [ 140.40590281, 37.39552164 ], [ 140.40614056000001, 37.39539349 ], [ 140.40646415000001, 37.39525225 ], [ 140.40682916, 37.39511588 ], [ 140.40695456, 37.39507078 ], [ 140.40717661, 37.39497326 ], [ 140.40738911, 37.39487311 ], [ 140.40777131, 37.39469483 ], [ 140.40792041, 37.39462807 ], [ 140.40812039, 37.39455854 ], [ 140.40826958, 37.39450445 ], [ 140.40834884, 37.39446098 ], [ 140.40842166, 37.39441233 ], [ 140.40846589, 37.39436889 ], [ 140.40853401000001, 37.39432928 ], [ 140.40866857, 37.39423091 ], [ 140.40881425000001, 37.39413868 ], [ 140.4089349, 37.39409741 ], [ 140.40911957, 37.39410157 ], [ 140.40938068, 37.39411565 ], [ 140.40981543000001, 37.39415282 ], [ 140.41011162000001, 37.39417433 ], [ 140.41041717, 37.39417284 ], [ 140.41067109, 37.394164 ], [ 140.4104298, 37.39312271 ], [ 140.41028162000001, 37.39289478 ], [ 140.41016593000001, 37.39274806 ], [ 140.41005255, 37.39259332 ], [ 140.40988607, 37.39236589 ], [ 140.40972842, 37.39214321 ], [ 140.40960114000001, 37.39194193 ], [ 140.40950109, 37.39176459 ], [ 140.40939461, 37.39157728 ], [ 140.40929773, 37.39139232 ], [ 140.40913972000001, 37.39112388 ], [ 140.40909148, 37.39106315 ], [ 140.40896792000001, 37.39088536 ], [ 140.4088227, 37.39073823 ], [ 140.40853282, 37.3905138 ], [ 140.40802071, 37.39017134 ], [ 140.40735385, 37.38977232 ], [ 140.40705415, 37.38961354 ], [ 140.40654768, 37.38933271 ], [ 140.40623777, 37.38918216 ], [ 140.40601129000001, 37.389171 ], [ 140.40539746, 37.38898517 ], [ 140.40522794, 37.38889362 ], [ 140.40503578, 37.3887898 ], [ 140.40495056, 37.38875121 ], [ 140.40482665, 37.38869436 ], [ 140.40460457, 37.38858857 ], [ 140.40388665, 37.38824722 ], [ 140.40333846, 37.38798193 ], [ 140.40448751, 37.38680368 ], [ 140.40411785000001, 37.38654429 ], [ 140.40513672, 37.38556575 ], [ 140.40416812000001, 37.38491431 ], [ 140.40438684, 37.38471825 ], [ 140.40443490000001, 37.38466311 ], [ 140.40449502000001, 37.38459847 ], [ 140.40462752, 37.38449139 ], [ 140.40561854000001, 37.38357422 ], [ 140.40547190000001, 37.38335205 ], [ 140.40539164, 37.38316363 ], [ 140.40527756, 37.38283753 ], [ 140.40525633, 37.38240059 ], [ 140.40523486000001, 37.3820028 ], [ 140.40523124000001, 37.3816887 ], [ 140.40520006, 37.38128898 ], [ 140.40515882, 37.38105109 ], [ 140.40509514, 37.38082233 ], [ 140.40492983, 37.38037693 ], [ 140.40485723, 37.38025521 ], [ 140.40471984000001, 37.37995485 ], [ 140.40452575, 37.37960535 ], [ 140.40442788, 37.37932282 ], [ 140.40433393000001, 37.37881119 ], [ 140.40430234, 37.37835755 ], [ 140.40432222000001, 37.37800701 ], [ 140.40433694000001, 37.3777611 ], [ 140.40439042, 37.37740871 ], [ 140.40380462, 37.37738591 ], [ 140.40328276, 37.37573997 ], [ 140.40281438, 37.37426976 ], [ 140.4017482, 37.37436459 ], [ 140.40132013, 37.37237871 ], [ 140.40260587, 37.37180862 ], [ 140.40053238, 37.37038767 ], [ 140.39964167, 37.37116564 ], [ 140.40027964000001, 37.371622 ], [ 140.39943922, 37.37239747 ], [ 140.39917321, 37.37222584 ], [ 140.39833798000001, 37.37296073 ], [ 140.39715708, 37.3721451 ], [ 140.3979834, 37.37137436 ], [ 140.39716851, 37.37080662 ], [ 140.39881405, 37.36926108 ], [ 140.39698523000001, 37.36797843 ], [ 140.39617999000001, 37.36743809 ], [ 140.39586406000001, 37.36720376 ], [ 140.39657242000001, 37.36697975 ], [ 140.39604707000001, 37.36659464 ], [ 140.39576372, 37.36638676 ], [ 140.39413494, 37.36748528 ], [ 140.39396357000001, 37.36725547 ], [ 140.39354606000001, 37.36688138 ], [ 140.39306894000001, 37.36694376 ], [ 140.39312268, 37.36740997 ], [ 140.3925954, 37.36748766 ], [ 140.39265236, 37.36796624 ], [ 140.39422885, 37.36771236 ], [ 140.39552166, 37.37100708 ], [ 140.39566318000001, 37.37140937 ], [ 140.39480605, 37.37150244 ], [ 140.3941932, 37.3715704 ], [ 140.39418669, 37.37185118 ], [ 140.39357782, 37.37187463 ], [ 140.39366009, 37.3725588 ], [ 140.39423454000001, 37.3725151 ], [ 140.39433346000001, 37.37312386 ], [ 140.3937504, 37.37316775 ], [ 140.39382269000001, 37.37366033 ], [ 140.39346271, 37.37370316 ], [ 140.3935268, 37.37424366 ], [ 140.39246786000001, 37.37432062 ], [ 140.39152341, 37.37441957 ], [ 140.39093370000001, 37.37449036 ], [ 140.39122987, 37.37640297 ], [ 140.39215649, 37.37627355 ], [ 140.39261481, 37.37930346 ], [ 140.39273468, 37.37944341 ], [ 140.39165775000001, 37.38010124 ], [ 140.39116524, 37.3796868 ], [ 140.39045770000001, 37.37909302 ], [ 140.38974013000001, 37.37856152 ], [ 140.38908194000001, 37.37785599 ], [ 140.38891469000001, 37.37767669 ], [ 140.3883754, 37.37691836 ], [ 140.38831635, 37.37686035 ], [ 140.38718982, 37.37736645 ], [ 140.38591804000001, 37.37746562 ], [ 140.3846635, 37.37757595 ], [ 140.3840549, 37.37762962 ], [ 140.38306807000001, 37.37771884 ], [ 140.38301095, 37.37736247 ], [ 140.38297478000001, 37.3771016 ], [ 140.38293619000001, 37.37693268 ], [ 140.38290516000001, 37.37679681 ], [ 140.38378321, 37.37672007 ], [ 140.38350227000001, 37.37617889 ], [ 140.38288546000001, 37.3762416 ], [ 140.38289542000001, 37.37620452 ], [ 140.38278486, 37.37621306 ], [ 140.38240486000001, 37.37531331 ], [ 140.38199973, 37.37442761 ], [ 140.38128505, 37.37277867 ], [ 140.38095128, 37.37200866 ], [ 140.37930557000001, 37.37253118 ], [ 140.37838861, 37.37061931 ], [ 140.38011351, 37.37012854 ], [ 140.37938894000001, 37.36853313 ], [ 140.37872346, 37.36696209 ], [ 140.37841632000001, 37.36627501 ], [ 140.37851092, 37.36617925 ], [ 140.37868788, 37.36606016 ], [ 140.37896198000001, 37.36591021 ], [ 140.37930145000001, 37.36626148 ], [ 140.37955568000001, 37.36639378 ], [ 140.37977114, 37.36644615 ], [ 140.38010572, 37.36645614 ], [ 140.38075245, 37.3663405 ], [ 140.3812016, 37.36633081 ], [ 140.38263957000001, 37.36658925 ], [ 140.38379749000001, 37.36668592 ], [ 140.38386993, 37.36694339 ], [ 140.38396669, 37.36782574 ], [ 140.38377944000001, 37.36785632 ], [ 140.38405019000001, 37.36925262 ], [ 140.38409528, 37.36948515 ], [ 140.38466558, 37.370873 ], [ 140.38469495000001, 37.37094439 ], [ 140.38635429000001, 37.37019476 ], [ 140.3865443, 37.37010686 ], [ 140.38717386, 37.36985188 ], [ 140.38779605, 37.36959707 ], [ 140.38841489000001, 37.36938606 ], [ 140.38901377, 37.3689555 ], [ 140.38958984000001, 37.36849533 ], [ 140.38967069, 37.36843089 ], [ 140.39262262, 37.36607321 ], [ 140.39272847000001, 37.36599118 ], [ 140.39352987000001, 37.36536759 ], [ 140.39469906, 37.36446092 ], [ 140.39489238, 37.3643109 ], [ 140.39418344000001, 37.36374826 ], [ 140.39423586000001, 37.36367043 ], [ 140.39431489, 37.36359951 ], [ 140.39439818, 37.3635145 ], [ 140.39476792, 37.36302431 ], [ 140.39513532000001, 37.36252174 ], [ 140.3955992, 37.36192001 ], [ 140.3956955, 37.36179959 ], [ 140.39570365, 37.36166903 ], [ 140.39571122000001, 37.36154805 ], [ 140.39573104, 37.36123158 ], [ 140.39598736, 37.36124092 ], [ 140.39626098, 37.36119738 ], [ 140.39646813, 37.36112937 ], [ 140.39649525, 37.36111164 ], [ 140.39658244, 37.36105476 ], [ 140.39666958000001, 37.36088863 ], [ 140.39625524, 37.36073066 ], [ 140.39586724, 37.36062085 ], [ 140.39589498000001, 37.35998853 ], [ 140.39584115, 37.3587492 ], [ 140.39499299, 37.35883688 ], [ 140.39424659, 37.35887563 ], [ 140.39411404000001, 37.35887626 ], [ 140.39399463000001, 37.35885922 ], [ 140.39389285, 37.35883507 ], [ 140.39312629, 37.35883702 ], [ 140.39315896, 37.35937105 ], [ 140.39319553000001, 37.35953322 ], [ 140.39319038, 37.36003392 ], [ 140.39292118, 37.36007054 ], [ 140.39281325, 37.36011512 ], [ 140.39278255, 37.36015047 ], [ 140.39275995, 37.36067618 ], [ 140.39279072, 37.36136482 ], [ 140.39269121000001, 37.36128377 ], [ 140.39223944, 37.36102388 ], [ 140.3917276, 37.36085157 ], [ 140.39127802, 37.36078584 ], [ 140.39102171, 37.36074833 ], [ 140.39042591, 37.36073157 ], [ 140.39032421, 37.36074881 ], [ 140.38966098, 37.36086134 ], [ 140.38947401, 37.36092304 ], [ 140.38894546, 37.36109773 ], [ 140.38846048, 37.36136767 ], [ 140.388186, 37.36114481 ], [ 140.38822423, 37.36112703 ], [ 140.38896135, 37.36078227 ], [ 140.38928847, 37.35815567 ], [ 140.38432215, 37.35820192 ], [ 140.38461786, 37.3575799 ], [ 140.38519567, 37.3563645 ], [ 140.38369352000001, 37.35591025 ], [ 140.38326393, 37.35585833 ], [ 140.38318183000001, 37.35585365 ], [ 140.38251617, 37.35581564 ], [ 140.38204836, 37.35555874 ], [ 140.38193517, 37.35549887 ], [ 140.38179744000001, 37.35579209 ], [ 140.38170209, 37.35594262 ], [ 140.38163107, 37.35612008 ], [ 140.38159489, 37.35633567 ], [ 140.38098376, 37.35630246 ], [ 140.3809795, 37.35591543 ], [ 140.38103152, 37.35570131 ], [ 140.38110143, 37.3554919 ], [ 140.38120751, 37.35534413 ], [ 140.38140301000001, 37.35521496 ], [ 140.38116924, 37.35499259 ], [ 140.38086966, 37.35472323 ], [ 140.38055174, 37.35438256 ], [ 140.38025769000001, 37.35405601 ], [ 140.38010266000001, 37.35401871 ], [ 140.37996513, 37.35393374 ], [ 140.37997951, 37.35427596 ], [ 140.38006577, 37.35467937 ], [ 140.38006773000001, 37.35495026 ], [ 140.37995147000001, 37.3553356 ], [ 140.37983328000001, 37.35545498 ], [ 140.37962563, 37.35555098 ], [ 140.37948404, 37.3557275 ], [ 140.37896011000001, 37.35619034 ], [ 140.37858627, 37.3559451 ], [ 140.37833625, 37.35579786 ], [ 140.37804127000001, 37.35558042 ], [ 140.37801724, 37.35551351 ], [ 140.37799521, 37.3554059 ], [ 140.3779499, 37.35533458 ], [ 140.37778434000001, 37.35516484 ], [ 140.37768566, 37.35493312 ], [ 140.37914152, 37.35436798 ], [ 140.3789405, 37.35409998 ], [ 140.37869998, 37.35401549 ], [ 140.37848512, 37.35395538 ], [ 140.37817341, 37.35390388 ], [ 140.37757748000001, 37.35408587 ], [ 140.37700948, 37.35318793 ], [ 140.37747353, 37.35302416 ], [ 140.37783730000001, 37.35295194 ], [ 140.37809738000001, 37.3529299 ], [ 140.37840981, 37.35295338 ], [ 140.37834469000001, 37.35258816 ], [ 140.37890466, 37.35229468 ], [ 140.37787837, 37.35215398 ], [ 140.37755897, 37.3518854 ], [ 140.37736021000001, 37.35174509 ], [ 140.37718298, 37.35170437 ], [ 140.37693329000001, 37.35171792 ], [ 140.37674577000001, 37.35169386 ], [ 140.37673795000001, 37.35171572 ], [ 140.37661803, 37.35171148 ], [ 140.37661129, 37.35161366 ], [ 140.37596423, 37.3515934 ], [ 140.37595351, 37.35177635 ], [ 140.37569154, 37.35172462 ], [ 140.37568961, 37.35208282 ], [ 140.37501033000001, 37.35211424 ], [ 140.37499784, 37.35234592 ], [ 140.37478587000001, 37.35239786 ], [ 140.37478676000001, 37.35252218 ], [ 140.37447898, 37.35260723 ], [ 140.37406686, 37.3527433 ], [ 140.3740257, 37.35312295 ], [ 140.37386954, 37.35326657 ], [ 140.37370587000001, 37.35338405 ], [ 140.37357827, 37.35343433 ], [ 140.3738076, 37.35380386 ], [ 140.37407726000001, 37.35368591 ], [ 140.37424007000001, 37.35395944 ], [ 140.374437, 37.35429251 ], [ 140.37301744000001, 37.35483363 ], [ 140.37379837, 37.35590364 ], [ 140.37523444000001, 37.35554168 ], [ 140.37574283000001, 37.35634978 ], [ 140.37632473, 37.35732833 ], [ 140.37657577, 37.35777111 ], [ 140.37661571000001, 37.3578364 ], [ 140.37649814, 37.35784666 ], [ 140.37637937, 37.35781341 ], [ 140.37626609, 37.35766032 ], [ 140.37591976, 37.35776991 ], [ 140.37573595000001, 37.3575773 ], [ 140.37555398000001, 37.3573582 ], [ 140.37514055, 37.35750062 ], [ 140.37526508, 37.35768013 ], [ 140.37433205, 37.3582317 ], [ 140.37439295, 37.35825071 ], [ 140.37479799, 37.35850624 ], [ 140.37506952000001, 37.35869492 ], [ 140.37712021, 37.35997943 ], [ 140.37892232, 37.36110805 ], [ 140.37658462, 37.36207149 ], [ 140.37617145, 37.36108161 ], [ 140.37569688, 37.36013734 ], [ 140.37517410000001, 37.3603394 ], [ 140.37425729, 37.36070406 ], [ 140.37378604, 37.36091051 ], [ 140.37329638, 37.36007782 ], [ 140.37318010000001, 37.35986913 ], [ 140.37321489000001, 37.35986235 ], [ 140.37285560000001, 37.35924588 ], [ 140.37272561, 37.35911131 ], [ 140.37237651000001, 37.35879104 ], [ 140.3718452, 37.3583653 ], [ 140.37136425, 37.35793172 ], [ 140.37078809, 37.35740326 ], [ 140.37069452, 37.35732934 ], [ 140.37048994, 37.35673047 ], [ 140.37186494, 37.35639585 ], [ 140.37144245, 37.35534686 ], [ 140.37094923000001, 37.3544066 ], [ 140.37086176, 37.35417848 ], [ 140.37080629, 37.35392459 ], [ 140.37073956, 37.35359936 ], [ 140.37070835, 37.35323385 ], [ 140.37071041, 37.35251984 ], [ 140.37074384, 37.35237199 ], [ 140.37080407, 37.35210533 ], [ 140.37098749, 37.35173897 ], [ 140.37102775, 37.3513675 ], [ 140.37105713, 37.35102311 ], [ 140.37108578, 37.35068703 ], [ 140.36998313000001, 37.35073204 ], [ 140.36997302, 37.35055594 ], [ 140.36993687, 37.35043981 ], [ 140.36978551000001, 37.35027139 ], [ 140.36981451, 37.35000346 ], [ 140.36977529000001, 37.34979384 ], [ 140.37007551, 37.34975827 ], [ 140.37005907, 37.34946125 ], [ 140.36957272000001, 37.34948064 ], [ 140.36960591, 37.3498208 ], [ 140.36936791, 37.34985849 ], [ 140.36871081000001, 37.35001002 ], [ 140.36865095, 37.34964478 ], [ 140.36747899, 37.34983862 ], [ 140.3675135, 37.35117789 ], [ 140.36693407000001, 37.35118629 ], [ 140.36692922, 37.351012 ], [ 140.3669348, 37.35078345 ], [ 140.36701778, 37.35037757 ], [ 140.36713579, 37.34986861 ], [ 140.36522043, 37.34995737 ], [ 140.36469966000001, 37.34973458 ], [ 140.36485169, 37.34947806 ], [ 140.36471026000001, 37.34941731 ], [ 140.36452611000001, 37.34966369 ], [ 140.36452054, 37.3499939 ], [ 140.36435877, 37.35002532 ], [ 140.36414098, 37.35004671 ], [ 140.36376976, 37.35012512 ], [ 140.36325783000001, 37.35025034 ], [ 140.36301442000001, 37.35027691 ], [ 140.36324937000001, 37.35087468 ], [ 140.36300026000001, 37.35085567 ], [ 140.36258841, 37.35084414 ], [ 140.36220461, 37.35086374 ], [ 140.36185438000001, 37.35090516 ], [ 140.36144309, 37.35097374 ], [ 140.36115985000001, 37.35105498 ], [ 140.36091009, 37.35114044 ], [ 140.36073816000001, 37.35122555 ], [ 140.36058264, 37.35126186 ], [ 140.36042130000001, 37.35126709 ], [ 140.36018720000001, 37.35125786 ], [ 140.3599344, 37.35126701 ], [ 140.35961179, 37.35128619 ], [ 140.35925575, 37.35129228 ], [ 140.35892204000001, 37.35131151 ], [ 140.3585549, 37.35133088 ], [ 140.35815996, 37.35134601 ], [ 140.35797779000001, 37.35137892 ], [ 140.35738352000001, 37.35155389 ], [ 140.35731901, 37.35163626 ], [ 140.35721393, 37.35172994 ], [ 140.35706954, 37.35177507 ], [ 140.35685826, 37.35179375 ], [ 140.35668578, 37.35179451 ], [ 140.35657993000001, 37.35177724 ], [ 140.35650728, 37.35173306 ], [ 140.35638995, 37.35166248 ], [ 140.35616721, 37.35163685 ], [ 140.35592217000001, 37.35160696 ], [ 140.35550447, 37.35155094 ], [ 140.35544496, 37.35177676 ], [ 140.35515543, 37.35255089 ], [ 140.35466173, 37.3534639 ], [ 140.35454125000001, 37.35365381 ], [ 140.35402195, 37.35457214 ], [ 140.35471140000001, 37.35462796 ], [ 140.35460046, 37.35527331 ], [ 140.35458268, 37.35548318 ], [ 140.35460334000001, 37.35569288 ], [ 140.3557965, 37.3558104 ], [ 140.35574499000001, 37.35624317 ], [ 140.35575884, 37.35639137 ], [ 140.35583054, 37.35656508 ], [ 140.35598572000001, 37.35675898 ], [ 140.35578821, 37.35692867 ], [ 140.35549975000001, 37.35693501 ], [ 140.35525675, 37.35701803 ], [ 140.35552795000001, 37.35730336 ], [ 140.35593138, 37.3577085 ], [ 140.35620758, 37.35793242 ], [ 140.35662, 37.35818319 ], [ 140.35675702, 37.35826833 ], [ 140.35794233, 37.35854652 ], [ 140.35817804000001, 37.35860179 ], [ 140.358152, 37.35913216 ], [ 140.35814921, 37.35918878 ], [ 140.35619460000001, 37.35868984 ], [ 140.35514354, 37.35846145 ], [ 140.35464551000001, 37.35829623 ], [ 140.35407434000001, 37.35799814 ], [ 140.35422061, 37.35859561 ], [ 140.35413076, 37.35907938 ], [ 140.35410104, 37.35927775 ], [ 140.35415664000001, 37.35945731 ], [ 140.35423888, 37.35961141 ], [ 140.35383664, 37.35975764 ], [ 140.35357696, 37.35985255 ], [ 140.35346537000001, 37.35988007 ], [ 140.35336261, 37.35987067 ], [ 140.35303229, 37.35981242 ], [ 140.35275876, 37.35976589 ], [ 140.35252268, 37.35973412 ], [ 140.35245008000001, 37.3597243 ], [ 140.35211845000001, 37.35967971 ], [ 140.35170975, 37.35966883 ], [ 140.35160138000001, 37.35999905 ], [ 140.35159903, 37.36031361 ], [ 140.35160866000001, 37.36033483 ], [ 140.35087307000001, 37.36018106 ], [ 140.35063943, 37.36066192 ], [ 140.35093255000001, 37.36131494 ], [ 140.3512436, 37.36191422 ], [ 140.3514825, 37.36231826 ], [ 140.35160514, 37.36247344 ], [ 140.35169671, 37.36260638 ], [ 140.35200579, 37.3629221 ], [ 140.35212865, 37.36305138 ], [ 140.35229682, 37.36322833 ], [ 140.35260216, 37.36341073 ], [ 140.3529184, 37.36352846 ], [ 140.35348205, 37.36368241 ], [ 140.35391908, 37.3637064 ], [ 140.35431329, 37.3637286 ], [ 140.35451211, 37.36373983 ], [ 140.35489129000001, 37.36373816 ], [ 140.35502327, 37.36375645 ], [ 140.3551925, 37.36378006 ], [ 140.35560875, 37.3639224 ], [ 140.356045, 37.36414589 ], [ 140.35621277000001, 37.36423202 ], [ 140.35644256, 37.36438954 ], [ 140.35667238, 37.36454692 ], [ 140.35700527, 37.3648193 ], [ 140.35713849000001, 37.36493403 ], [ 140.35739903000001, 37.36518279 ], [ 140.3575347, 37.36535213 ], [ 140.35762238000001, 37.36545537 ], [ 140.35801503, 37.36591741 ], [ 140.35828204000001, 37.3662333 ], [ 140.35848844, 37.3664823 ], [ 140.35886936, 37.36673517 ], [ 140.35920731, 37.36686335 ], [ 140.35945760000001, 37.36693671 ], [ 140.35961432, 37.36696487 ], [ 140.35987322, 37.36698287 ], [ 140.36034237000001, 37.36693276 ], [ 140.36056699, 37.3668967 ], [ 140.36122592000001, 37.36675591 ], [ 140.36222621, 37.36648475 ], [ 140.36262281, 37.36639174 ], [ 140.36313967000001, 37.36627889 ], [ 140.36251121000001, 37.36741161 ], [ 140.36258606000001, 37.36758291 ], [ 140.3627934, 37.3680887 ], [ 140.36261776000001, 37.36802825 ], [ 140.36245414000001, 37.36797815 ], [ 140.36228667, 37.36795032 ], [ 140.36208736, 37.36792263 ], [ 140.36123227, 37.36807895 ], [ 140.36168735000001, 37.36823587 ], [ 140.3627924, 37.36862472 ], [ 140.36152893, 37.36892635 ], [ 140.36144944, 37.36894895 ], [ 140.36091669000001, 37.36907524 ], [ 140.36088483, 37.36907848 ], [ 140.36084434, 37.36898334 ], [ 140.36078835000001, 37.36894867 ], [ 140.36067285, 37.36894285 ], [ 140.36056542, 37.368956 ], [ 140.36045487000001, 37.36898283 ], [ 140.36033381, 37.3690456 ], [ 140.36026039000001, 37.36909788 ], [ 140.36013227000001, 37.36909141 ], [ 140.36002855000001, 37.36906653 ], [ 140.35991695000001, 37.36905112 ], [ 140.35977360000001, 37.36905486 ], [ 140.35966234, 37.36908718 ], [ 140.3595593, 37.36916071 ], [ 140.35889145, 37.36932898 ], [ 140.35897660000001, 37.36954796 ], [ 140.35929864, 37.36947346 ], [ 140.35926511, 37.36980096 ], [ 140.35929327, 37.36984223 ], [ 140.35924797000001, 37.36991705 ], [ 140.35921276, 37.3700031 ], [ 140.35919779, 37.37014607 ], [ 140.35800049, 37.36976687 ], [ 140.35730079000001, 37.36994597 ], [ 140.35738897, 37.36977085 ], [ 140.35736679, 37.36969647 ], [ 140.35726271, 37.36974621 ], [ 140.35696580000001, 37.36978751 ], [ 140.35672216, 37.36979662 ], [ 140.35648813, 37.36975499 ], [ 140.35641253, 37.36957426 ], [ 140.35618153, 37.3696316 ], [ 140.35616332000001, 37.36962042 ], [ 140.35549344, 37.3697753 ], [ 140.35485714000001, 37.36993932 ], [ 140.35506290000001, 37.37047949 ], [ 140.355404, 37.37039914 ], [ 140.35541961000001, 37.37046989 ], [ 140.3554701, 37.37052557 ], [ 140.35556713, 37.37055189 ], [ 140.35570739, 37.37056183 ], [ 140.35582793, 37.37060663 ], [ 140.35596526, 37.37067009 ], [ 140.35623272000001, 37.37071945 ], [ 140.35645674, 37.37076647 ], [ 140.35670433000001, 37.37083732 ], [ 140.35709925, 37.37096877 ], [ 140.35707752, 37.37120596 ], [ 140.35706894, 37.37126612 ], [ 140.35704249, 37.37145139 ], [ 140.35700712, 37.3716488 ], [ 140.35674025, 37.37161662 ], [ 140.35652388, 37.37160279 ], [ 140.35630761, 37.37160374 ], [ 140.35605446, 37.37163457 ], [ 140.35580761, 37.37168494 ], [ 140.35538189, 37.37178046 ], [ 140.3548329, 37.371921 ], [ 140.35455566, 37.37204063 ], [ 140.35416756000001, 37.37221989 ], [ 140.35397382, 37.37190015 ], [ 140.35347094, 37.37107166 ], [ 140.35336714, 37.37090049 ], [ 140.35269286, 37.36975835 ], [ 140.35127269, 37.36960815 ], [ 140.35138542000001, 37.37003934 ], [ 140.35124507, 37.37015259 ], [ 140.35108139, 37.37029734 ], [ 140.35096429000001, 37.3703729 ], [ 140.35083114, 37.37039221 ], [ 140.3507056, 37.37037404 ], [ 140.35063503000001, 37.37037434 ], [ 140.35050953000001, 37.3703687 ], [ 140.35031303, 37.37030071 ], [ 140.35095082000001, 37.3718374 ], [ 140.35117816, 37.37183006 ], [ 140.35140542, 37.37181654 ], [ 140.35155285, 37.37184208 ], [ 140.34978283000001, 37.37231193 ], [ 140.34987751, 37.37236882 ], [ 140.349811, 37.37267731 ], [ 140.34944743, 37.37278394 ], [ 140.34900332000001, 37.37293934 ], [ 140.348589, 37.37302183 ], [ 140.34836015, 37.37305479 ], [ 140.34836069, 37.37218297 ], [ 140.34685392, 37.37257179 ], [ 140.34479461000001, 37.37308333 ], [ 140.34489771, 37.373427 ], [ 140.34462845, 37.37334762 ], [ 140.34431404, 37.37321043 ], [ 140.34284432000001, 37.37357874 ], [ 140.34249407, 37.37366557 ], [ 140.34222123000001, 37.37373559 ], [ 140.34106981, 37.37399509 ], [ 140.34074522, 37.37400999 ], [ 140.34028668, 37.37408333 ], [ 140.33987024000001, 37.37417226 ], [ 140.33957404, 37.37424505 ], [ 140.33944527, 37.3742411 ], [ 140.33932752000001, 37.37421485 ], [ 140.33888953, 37.37401115 ], [ 140.33835074000001, 37.37380351 ], [ 140.33812076000001, 37.37373297 ], [ 140.33807475, 37.37392296 ], [ 140.33802698, 37.37406058 ], [ 140.33750184, 37.37395524 ], [ 140.33773421000001, 37.37368998 ], [ 140.33755773, 37.37366609 ], [ 140.33536991, 37.37381391 ], [ 140.33531809, 37.37329501 ], [ 140.33528204000001, 37.37280124 ], [ 140.33508539, 37.37281531 ], [ 140.33503366, 37.37255646 ], [ 140.33503685, 37.37229217 ], [ 140.33408233, 37.3723452 ], [ 140.33411292, 37.3726085 ], [ 140.33411859, 37.37287163 ], [ 140.33364744, 37.3728998 ], [ 140.33370401, 37.37339024 ], [ 140.33376474, 37.373897 ], [ 140.33435985, 37.37386506 ], [ 140.33441945000001, 37.37441434 ], [ 140.33444429, 37.37478059 ], [ 140.33363657000001, 37.37481596 ], [ 140.33352387, 37.37496666 ], [ 140.3333596, 37.37503001 ], [ 140.33308585, 37.37513747 ], [ 140.33299982, 37.37517542 ], [ 140.33294408, 37.37520973 ], [ 140.33293244000001, 37.37522386 ], [ 140.33289963, 37.37526356 ], [ 140.33284758, 37.37529658 ], [ 140.33273219, 37.37535367 ], [ 140.33267633, 37.3753777 ], [ 140.33247135, 37.37544713 ], [ 140.33242670000001, 37.37547126 ], [ 140.33235228000001, 37.37551029 ], [ 140.33225179, 37.37556731 ], [ 140.33216630000001, 37.37562427 ], [ 140.33206578, 37.37567834 ], [ 140.33199161, 37.37575313 ], [ 140.33193042, 37.37581759 ], [ 140.33186738000001, 37.37588938 ], [ 140.3317894, 37.37595532 ], [ 140.33169279000001, 37.37603316 ], [ 140.33162595, 37.37609004 ], [ 140.33155926000001, 37.37617072 ], [ 140.33150001000001, 37.37624855 ], [ 140.33140745, 37.37637115 ], [ 140.33130382, 37.37651463 ], [ 140.33120368, 37.37661938 ], [ 140.33110158, 37.37671372 ], [ 140.33096042, 37.37683061 ], [ 140.33080476000001, 37.37693574 ], [ 140.33067915000001, 37.37699019 ], [ 140.33052641, 37.37703025 ], [ 140.33034237000001, 37.37709931 ], [ 140.33008213, 37.37721177 ], [ 140.33004183, 37.37724052 ], [ 140.32998366000001, 37.37728751 ], [ 140.32994369, 37.37736666 ], [ 140.32990848, 37.37748522 ], [ 140.32987312, 37.37758238 ], [ 140.32981502000001, 37.37764007 ], [ 140.32972305000001, 37.37768537 ], [ 140.32952567000001, 37.37777954 ], [ 140.32928867000001, 37.37789683 ], [ 140.32900209, 37.37801475 ], [ 140.32867, 37.37816876 ], [ 140.329208, 37.37873603 ], [ 140.32888424000001, 37.37900044 ], [ 140.32878125, 37.37909096 ], [ 140.32876748000001, 37.37917133 ], [ 140.32871132, 37.37938127 ], [ 140.32862597, 37.37952312 ], [ 140.32852983000001, 37.3796187 ], [ 140.32833303000001, 37.37979538 ], [ 140.32821965, 37.37990319 ], [ 140.32792388, 37.3816501 ], [ 140.32789573, 37.38182497 ], [ 140.32785639, 37.3820623 ], [ 140.32782888, 37.38222816 ], [ 140.32597715, 37.38345865 ], [ 140.3259029, 37.38354561 ], [ 140.32587646, 37.38363174 ], [ 140.32583698, 37.38378636 ], [ 140.32579745000001, 37.3839338 ], [ 140.32576002, 37.38406503 ], [ 140.32571175000001, 37.38425193 ], [ 140.32566784, 37.38441727 ], [ 140.32564614, 37.38453957 ], [ 140.32557724, 37.38501378 ], [ 140.32549219000001, 37.38508594 ], [ 140.32540293, 37.38519768 ], [ 140.32510849, 37.38559031 ], [ 140.32479615, 37.38599738 ], [ 140.32453059, 37.38633414 ], [ 140.32382380000001, 37.3873301 ], [ 140.32325654, 37.38810538 ], [ 140.32316971, 37.38813168 ], [ 140.32302671, 37.38752277 ], [ 140.32293418, 37.38755272 ], [ 140.32278151, 37.38760009 ], [ 140.32268945000001, 37.38763454 ], [ 140.32255461, 37.38765664 ], [ 140.32238373000001, 37.38767889 ], [ 140.32221285, 37.38770114 ], [ 140.32175873, 37.38775679 ], [ 140.32154724, 37.38776132 ], [ 140.32125014, 37.38774819 ], [ 140.32103480000001, 37.38785312 ], [ 140.32068812, 37.38782597 ], [ 140.32042935000001, 37.3878252 ], [ 140.32010545, 37.38784807 ], [ 140.31917664, 37.38782598 ], [ 140.31868042, 37.38772312 ], [ 140.31851266000001, 37.38769635 ], [ 140.31834923, 37.38767647 ], [ 140.31822027000001, 37.38767361 ], [ 140.31807430000001, 37.38769477 ], [ 140.31788318, 37.38771104 ], [ 140.31775426, 37.38771494 ], [ 140.3176853, 37.38768439 ], [ 140.3176205, 37.38762974 ], [ 140.31750395, 37.387548 ], [ 140.3173832, 37.3874833 ], [ 140.31732277, 37.38744243 ], [ 140.31727921000001, 37.38734997 ], [ 140.31718744, 37.38711381 ], [ 140.31722067000001, 37.38693866 ], [ 140.3172074, 37.38687705 ], [ 140.31713373, 37.38678132 ], [ 140.31710756000001, 37.38671638 ], [ 140.31710725, 37.38666837 ], [ 140.31712405, 37.38661339 ], [ 140.31714509, 37.38654474 ], [ 140.31714044, 37.38648647 ], [ 140.31708398000001, 37.38639757 ], [ 140.31704064, 37.38633946 ], [ 140.31701036000001, 37.38630861 ], [ 140.31686398, 37.38626457 ], [ 140.31663575, 37.38619018 ], [ 140.31662944000001, 37.38609235 ], [ 140.31560605000001, 37.38578282 ], [ 140.31555832000001, 37.38570755 ], [ 140.31547606000001, 37.38561186 ], [ 140.31527957, 37.38546356 ], [ 140.31518521000001, 37.3854914 ], [ 140.31510383, 37.38553284 ], [ 140.31476978000001, 37.38571259 ], [ 140.31503365, 37.38598241 ], [ 140.31535816, 37.38633083 ], [ 140.31555733, 37.3865598 ], [ 140.31573927, 37.38678884 ], [ 140.31583044000001, 37.38693236 ], [ 140.31591106, 37.38710183 ], [ 140.3158779, 37.3872974 ], [ 140.31584005, 37.38742793 ], [ 140.31577502, 37.38767332 ], [ 140.31515629, 37.38768612 ], [ 140.31508892, 37.38790575 ], [ 140.31508947, 37.38799163 ], [ 140.31510735000001, 37.38809772 ], [ 140.31511911000001, 37.38826057 ], [ 140.31493034, 37.38830598 ], [ 140.31482854000001, 37.38851561 ], [ 140.31477739, 37.38858087 ], [ 140.31472597000001, 37.38860515 ], [ 140.31465738, 37.38863289 ], [ 140.31452032000001, 37.38870201 ], [ 140.31442182000001, 37.38875732 ], [ 140.31431914000001, 37.38882969 ], [ 140.31425974000001, 37.38894989 ], [ 140.31421324, 37.3890668 ], [ 140.31416174, 37.38908404 ], [ 140.31410418, 37.38915453 ], [ 140.31402288000001, 37.38920977 ], [ 140.31391138000001, 37.38924796 ], [ 140.31375834, 37.3895092 ], [ 140.31366446000001, 37.38961236 ], [ 140.3135041, 37.3897348 ], [ 140.31336302, 37.38985195 ], [ 140.31315341000001, 37.39000725 ], [ 140.31330526, 37.39057067 ], [ 140.3133412, 37.39081044 ], [ 140.31334655000001, 37.39097853 ], [ 140.31339483, 37.39113265 ], [ 140.31346006000001, 37.39125586 ], [ 140.31352576, 37.39145102 ], [ 140.31387718, 37.3912919 ], [ 140.3139759, 37.39127771 ], [ 140.31407884000001, 37.39124645 ], [ 140.31419456, 37.39119121 ], [ 140.31443917000001, 37.39113531 ], [ 140.31479989, 37.39109259 ], [ 140.31494645000001, 37.39116408 ], [ 140.31499339000001, 37.39119191 ], [ 140.31504998, 37.39122533 ], [ 140.31511487, 37.39128688 ], [ 140.31511384000001, 37.39146344 ], [ 140.31639648000001, 37.39144315 ], [ 140.31644545, 37.39189617 ], [ 140.31647343, 37.39207051 ], [ 140.31650592, 37.39234915 ], [ 140.31618413000001, 37.3924424 ], [ 140.31580109000001, 37.39256941 ], [ 140.31563834, 37.39262372 ], [ 140.31547361, 37.39267029 ], [ 140.31530505000001, 37.39271997 ], [ 140.31512222000001, 37.39277338 ], [ 140.31480837000001, 37.39275748 ], [ 140.31461065, 37.39275138 ], [ 140.3144002, 37.39277631 ], [ 140.31424141, 37.39280765 ], [ 140.31418995000001, 37.39282518 ], [ 140.31418161, 37.39286632 ], [ 140.31432569, 37.39321886 ], [ 140.31410495, 37.3933728 ], [ 140.31421502000001, 37.39338742 ], [ 140.31431841, 37.39342459 ], [ 140.31446081000001, 37.39351328 ], [ 140.31472647000001, 37.39372649 ], [ 140.31422645000001, 37.39416738 ], [ 140.31382485, 37.39453945 ], [ 140.31347229, 37.39486147 ], [ 140.31333151000001, 37.39501974 ], [ 140.31326339, 37.39512294 ], [ 140.31297282, 37.39539149 ], [ 140.31257082, 37.39502972 ], [ 140.31233132, 37.39521246 ], [ 140.312742, 37.39558447 ], [ 140.31221578, 37.39596731 ], [ 140.31197396, 37.39578652 ], [ 140.31179846000001, 37.39590381 ], [ 140.31200189, 37.39612587 ], [ 140.31196014, 37.39615842 ], [ 140.31161697, 37.39642578 ], [ 140.31210561, 37.39689012 ], [ 140.31232842, 37.39712068 ], [ 140.31252979000001, 37.39753071 ], [ 140.31267415, 37.39742115 ], [ 140.31274749, 37.39745845 ], [ 140.31313364, 37.39701971 ], [ 140.31353985000001, 37.39668888 ], [ 140.31356059000001, 37.39657222 ], [ 140.31366782000001, 37.39654095 ], [ 140.31358015000001, 37.39627041 ], [ 140.31439675, 37.39626709 ], [ 140.31468897, 37.39626591 ], [ 140.31533751000001, 37.39632902 ], [ 140.31548131, 37.39657328 ], [ 140.31556296, 37.39672909 ], [ 140.31558679, 37.39685444 ], [ 140.31560098, 37.39692746 ], [ 140.31564633, 37.39716057 ], [ 140.31565295, 37.39722982 ], [ 140.31568118000001, 37.39752481 ], [ 140.31570184, 37.39774057 ], [ 140.31570247, 37.39787953 ], [ 140.31569209, 37.39801629 ], [ 140.31567384, 37.39816335 ], [ 140.31561373, 37.39829003 ], [ 140.31549863000001, 37.39853267 ], [ 140.31641579000001, 37.3986365 ], [ 140.31642109000001, 37.39837023 ], [ 140.31642533, 37.39815803 ], [ 140.3164299, 37.39792753 ], [ 140.31645327000001, 37.39794011 ], [ 140.31721371, 37.39835291 ], [ 140.31697943, 37.39888664 ], [ 140.31680152000001, 37.39928864 ], [ 140.31654359000001, 37.39961718 ], [ 140.31777848, 37.40015561 ], [ 140.31892755000001, 37.40064734 ], [ 140.31914453, 37.40034613 ], [ 140.31982682, 37.39933255 ], [ 140.32100469, 37.3998233 ], [ 140.32160145, 37.39891313 ], [ 140.322767, 37.39940378 ], [ 140.32394489000001, 37.39989705 ], [ 140.32443692000001, 37.40010775 ], [ 140.32422899, 37.4001355 ], [ 140.32240952000001, 37.40040308 ], [ 140.32207576, 37.40045219 ], [ 140.32185297000001, 37.40079383 ], [ 140.32158366, 37.40118128 ], [ 140.32237161, 37.40152749 ], [ 140.32208322, 37.40199936 ], [ 140.32359070000001, 37.40263657 ], [ 140.32462087, 37.40307468 ], [ 140.32545923000001, 37.4034329 ], [ 140.32576592000001, 37.40357327 ], [ 140.32595835000001, 37.40363695 ], [ 140.32624134, 37.40363578 ], [ 140.32644873000001, 37.40367124 ], [ 140.32653595, 37.40370438 ], [ 140.32666194000001, 37.40381537 ], [ 140.32671386000001, 37.40394792 ], [ 140.32651969, 37.40410403 ], [ 140.32651366, 37.4043551 ], [ 140.32680151, 37.40434784 ], [ 140.32713794, 37.40472307 ], [ 140.3273188, 37.40507909 ], [ 140.32740695000001, 37.40505719 ], [ 140.32749889, 37.40502935 ], [ 140.32758326000001, 37.4050166 ], [ 140.32771379, 37.40501916 ], [ 140.32782897000001, 37.40502177 ], [ 140.32794013, 37.40499681 ], [ 140.32857211000001, 37.40478593 ], [ 140.32891223, 37.40513678 ], [ 140.32903396, 37.40525722 ], [ 140.32919995, 37.40539732 ], [ 140.32947768, 37.4056013 ], [ 140.32953624000001, 37.4056416 ], [ 140.32921343000001, 37.40578727 ], [ 140.32880374000001, 37.40593414 ], [ 140.32854872, 37.40606868 ], [ 140.32883367, 37.40614944 ], [ 140.32933698, 37.40624335 ], [ 140.32966291, 37.40628155 ], [ 140.32987321, 37.40629616 ], [ 140.33010253, 37.40599854 ], [ 140.33042599000001, 37.40620373 ], [ 140.33057515, 37.40629998 ], [ 140.33037772, 37.40631038 ], [ 140.33034628, 37.4067267 ], [ 140.33017654, 37.4067001 ], [ 140.33008476000001, 37.40669344 ], [ 140.33001758, 37.40668303 ], [ 140.32993486000001, 37.40667084 ], [ 140.32975567, 37.40665765 ], [ 140.32973182000001, 37.40665972 ], [ 140.32967273, 37.4066649 ], [ 140.32943317, 37.40676362 ], [ 140.32931109, 37.40679186 ], [ 140.32922814, 37.40679925 ], [ 140.32915372, 37.4067752 ], [ 140.32904861, 37.40673383 ], [ 140.32896994000001, 37.40672726 ], [ 140.3288609, 37.40674503 ], [ 140.32879128, 37.40678714 ], [ 140.32871305, 37.40684674 ], [ 140.32862556000001, 37.40692159 ], [ 140.32857540000001, 37.40702317 ], [ 140.3284798, 37.40722575 ], [ 140.32843022, 37.40738872 ], [ 140.32841201, 37.40769883 ], [ 140.3278527, 37.4077068 ], [ 140.3277956, 37.40763931 ], [ 140.32755487, 37.40764032 ], [ 140.32723689, 37.40773189 ], [ 140.32701783, 37.40780067 ], [ 140.32685569, 37.40789666 ], [ 140.32679252, 37.40799365 ], [ 140.32670825, 37.40809566 ], [ 140.32668936, 37.4084573 ], [ 140.32667012, 37.40894003 ], [ 140.32663495, 37.40912053 ], [ 140.32657393, 37.40921625 ], [ 140.32653126, 37.40933047 ], [ 140.32653239000001, 37.40950125 ], [ 140.32655956, 37.40994267 ], [ 140.32661593, 37.41022121 ], [ 140.32665698, 37.41032411 ], [ 140.3268281, 37.41054571 ], [ 140.32734059000001, 37.4111176 ], [ 140.32732994, 37.41145725 ], [ 140.32733011, 37.41167689 ], [ 140.32736033, 37.41196484 ], [ 140.32741911, 37.412328 ], [ 140.32796808000001, 37.41253325 ], [ 140.32891022000001, 37.41292496 ], [ 140.32931721, 37.41295888 ], [ 140.32971073, 37.41296385 ], [ 140.32971380000001, 37.41314828 ], [ 140.33032691, 37.41314853 ], [ 140.33035412000001, 37.41297312 ], [ 140.3305916, 37.41295889 ], [ 140.33101085000001, 37.41294418 ], [ 140.33142756000001, 37.41287315 ], [ 140.33172174000001, 37.41280434 ], [ 140.33182969000001, 37.4127936 ], [ 140.33213585, 37.41290763 ], [ 140.33226784, 37.41285441 ], [ 140.33238746000001, 37.41282688 ], [ 140.33250992000001, 37.41282129 ], [ 140.33285169000001, 37.41287491 ], [ 140.3329437, 37.41291563 ], [ 140.3327993, 37.41307872 ], [ 140.33220333, 37.41365231 ], [ 140.33194022000001, 37.41388151 ], [ 140.33198897, 37.4139517 ], [ 140.33175201, 37.41435186 ], [ 140.33109676000001, 37.41478504 ], [ 140.33136501000001, 37.41508269 ], [ 140.33117872, 37.41543856 ], [ 140.33173634, 37.41553323 ], [ 140.3321977, 37.41559774 ], [ 140.33271685, 37.4156875 ], [ 140.33303066, 37.41570138 ], [ 140.33324841000001, 37.41571074 ], [ 140.33347276000001, 37.41575063 ], [ 140.33368448, 37.41582126 ], [ 140.33387698000001, 37.41588183 ], [ 140.33418618, 37.41617155 ], [ 140.33432098, 37.41622195 ], [ 140.33447481, 37.41624692 ], [ 140.33465805, 37.41537165 ], [ 140.33466279000001, 37.41534896 ], [ 140.33475451000001, 37.41481002 ], [ 140.33501109, 37.41479359 ], [ 140.33512365000001, 37.41478635 ], [ 140.33512565000001, 37.41508399 ], [ 140.33510630000001, 37.41516024 ], [ 140.33511169, 37.4153724 ], [ 140.33504536000001, 37.41554995 ], [ 140.33501131, 37.41580353 ], [ 140.33495862000001, 37.41623769 ], [ 140.33505402, 37.4162501 ], [ 140.33507317, 37.41644164 ], [ 140.33512677, 37.41673597 ], [ 140.33519142, 37.41690043 ], [ 140.33529617, 37.41712808 ], [ 140.33538092000001, 37.41733032 ], [ 140.33542574000001, 37.41749796 ], [ 140.33542435000001, 37.4175419 ], [ 140.33580428, 37.41776711 ], [ 140.33583468, 37.41807603 ], [ 140.33541205, 37.41791197 ], [ 140.33538878, 37.41790306 ], [ 140.33531298, 37.41787353 ], [ 140.33482061000001, 37.41771187 ], [ 140.33481582, 37.41774132 ], [ 140.33473506000001, 37.41784149 ], [ 140.33470769, 37.41790496 ], [ 140.33469225, 37.41797148 ], [ 140.33467491, 37.41805237 ], [ 140.33470367000001, 37.41819488 ], [ 140.33475243000001, 37.41835927 ], [ 140.33474588000001, 37.41856838 ], [ 140.33473971000001, 37.41861487 ], [ 140.33471483, 37.41880139 ], [ 140.33473749000001, 37.4189359 ], [ 140.33482043000001, 37.41913083 ], [ 140.33484802000001, 37.4191914 ], [ 140.3347566, 37.4193523 ], [ 140.3347248, 37.41947394 ], [ 140.3347224, 37.41958003 ], [ 140.33487051, 37.41996256 ], [ 140.33472862, 37.41999621 ], [ 140.33436678000001, 37.42008868 ], [ 140.33461238000001, 37.42068036 ], [ 140.33426546000001, 37.42074294 ], [ 140.33427308, 37.42084681 ], [ 140.33420346, 37.42090287 ], [ 140.33418826, 37.42095249 ], [ 140.33419797, 37.42124376 ], [ 140.33415557000001, 37.42125887 ], [ 140.33413909000001, 37.42141382 ], [ 140.33404992000001, 37.42143038 ], [ 140.33394459, 37.42139211 ], [ 140.33380492000001, 37.42156504 ], [ 140.33378901, 37.42160904 ], [ 140.33379704000001, 37.42162801 ], [ 140.33382093, 37.42164945 ], [ 140.33384137, 37.42166387 ], [ 140.33387091, 37.42169345 ], [ 140.33390855, 37.42174468 ], [ 140.33399982, 37.42187763 ], [ 140.33401814000001, 37.42191177 ], [ 140.33401652000001, 37.4219398 ], [ 140.33401188, 37.42199107 ], [ 140.33401445000001, 37.42203977 ], [ 140.33404077, 37.42208824 ], [ 140.33404657, 37.4221099 ], [ 140.33404006000001, 37.42215315 ], [ 140.33403472000001, 37.42216077 ], [ 140.33401545000001, 37.42218845 ], [ 140.33402486, 37.42224332 ], [ 140.33404544000001, 37.42229097 ], [ 140.33406947, 37.4223279 ], [ 140.33409691, 37.42237185 ], [ 140.33411290000001, 37.42240065 ], [ 140.33412452, 37.42244931 ], [ 140.33411709000001, 37.4225196 ], [ 140.3341012, 37.42257782 ], [ 140.33407826000001, 37.42262523 ], [ 140.33398725000001, 37.42270404 ], [ 140.33411109, 37.42292893 ], [ 140.3341266, 37.4229911 ], [ 140.33412132000001, 37.42380452 ], [ 140.33425243, 37.42414638 ], [ 140.33460171, 37.42380445 ], [ 140.33487327, 37.42348242 ], [ 140.33517701, 37.42315574 ], [ 140.33541726000001, 37.42296197 ], [ 140.33555093000001, 37.42288875 ], [ 140.33554580000001, 37.42292721 ], [ 140.33573125000001, 37.4233674 ], [ 140.33588254, 37.4235122 ], [ 140.33615184000001, 37.42365679 ], [ 140.33636159, 37.42371996 ], [ 140.33662486, 37.42376164 ], [ 140.33698153, 37.42371957 ], [ 140.33869205, 37.42347671 ], [ 140.33855569, 37.42394827 ], [ 140.33847872000001, 37.42395535 ], [ 140.33871692, 37.42481912 ], [ 140.33875885, 37.42510744 ], [ 140.33954633, 37.42504029 ], [ 140.34040832, 37.42507249 ], [ 140.34070227000001, 37.42517909 ], [ 140.34106196, 37.42538029 ], [ 140.34143687, 37.42513763 ], [ 140.34154088, 37.42516816 ], [ 140.34160394, 37.42520548 ], [ 140.34164152, 37.42526713 ], [ 140.34172457, 37.42540152 ], [ 140.34177614000001, 37.42546311 ], [ 140.34186152000001, 37.42548625 ], [ 140.3419778, 37.42549068 ], [ 140.34210334, 37.4254938 ], [ 140.34225814000001, 37.42547089 ], [ 140.34237192000001, 37.42545125 ], [ 140.34254171000001, 37.42535407 ], [ 140.34266831, 37.42527932 ], [ 140.34270394000001, 37.4252817 ], [ 140.34272732, 37.42529892 ], [ 140.34276013, 37.42534201 ], [ 140.34276514000001, 37.42539028 ], [ 140.34275774, 37.42544339 ], [ 140.34281226, 37.42548526 ], [ 140.34287909, 37.42551214 ], [ 140.34296283, 37.42552164 ], [ 140.34300573, 37.42553455 ], [ 140.3428801, 37.42576431 ], [ 140.34274086, 37.42606932 ], [ 140.34269916, 37.42617467 ], [ 140.34269079000001, 37.4263324 ], [ 140.34271492, 37.42641495 ], [ 140.34268277000001, 37.42653533 ], [ 140.34256669000001, 37.42678011 ], [ 140.34253421, 37.4268591 ], [ 140.34252548000001, 37.42695685 ], [ 140.34246932, 37.42701341 ], [ 140.3422918, 37.42723213 ], [ 140.34197379, 37.42757536 ], [ 140.34188715, 37.42765275 ], [ 140.34185536000001, 37.42782579 ], [ 140.3415968, 37.42790195 ], [ 140.34131069, 37.42808734 ], [ 140.34115118, 37.42818574 ], [ 140.34107149, 37.42824621 ], [ 140.34180429, 37.42879232 ], [ 140.34176547000001, 37.42880867 ], [ 140.34130979, 37.42899466 ], [ 140.34135298000001, 37.42911471 ], [ 140.34108769, 37.42959302 ], [ 140.34096107, 37.42967241 ], [ 140.34083987, 37.42986076 ], [ 140.34073594, 37.42982361 ], [ 140.34070424000001, 37.43001172 ], [ 140.34072556000001, 37.43037601 ], [ 140.34072148000001, 37.43046994 ], [ 140.34007349000001, 37.43044358 ], [ 140.33989974, 37.43098809 ], [ 140.34052352, 37.43149835 ], [ 140.34066111000001, 37.43138878 ], [ 140.34129173, 37.43188393 ], [ 140.34141855, 37.43182707 ], [ 140.34158039, 37.43190241 ], [ 140.34198911, 37.43207721 ], [ 140.34202675, 37.43206958 ], [ 140.34206662, 37.43204491 ], [ 140.3422561, 37.43184881 ], [ 140.34242877, 37.43160955 ], [ 140.34250593, 37.43152657 ], [ 140.34280140000001, 37.43176057 ], [ 140.3421132, 37.43280559 ], [ 140.34323078, 37.43372019 ], [ 140.34391164, 37.43427637 ], [ 140.3446736, 37.43490878 ], [ 140.34526717, 37.4353945 ], [ 140.34577217, 37.43581021 ], [ 140.34583588000001, 37.43586329 ], [ 140.34621684000001, 37.43618083 ], [ 140.34669925, 37.43561456 ], [ 140.34718029000001, 37.43492663 ], [ 140.34819084, 37.43365222 ], [ 140.34923788, 37.43226078 ], [ 140.34944943, 37.4319798 ] ], [ [ 140.38026498, 37.42336462 ], [ 140.38239213, 37.42333891 ], [ 140.38207541, 37.424089 ], [ 140.38259325000001, 37.42404001 ], [ 140.38273646, 37.42400893 ], [ 140.38290003, 37.42395453 ], [ 140.38308367, 37.42384625 ], [ 140.38306873, 37.42335057 ], [ 140.38416467, 37.42336957 ], [ 140.38433036000001, 37.42299963 ], [ 140.38451303, 37.42304708 ], [ 140.38545590000001, 37.42277786 ], [ 140.38572730000001, 37.42269663 ], [ 140.3859919, 37.42266231 ], [ 140.38627795, 37.42262226 ], [ 140.38666708, 37.4225906 ], [ 140.38682761000001, 37.4226687 ], [ 140.38684183000001, 37.42259894 ], [ 140.38683555, 37.42252603 ], [ 140.38680936, 37.42227835 ], [ 140.3867828, 37.4221733 ], [ 140.38677290000001, 37.4221411 ], [ 140.38675056, 37.42206855 ], [ 140.38671795, 37.4219203 ], [ 140.38666487, 37.42170808 ], [ 140.38664033000001, 37.42149362 ], [ 140.38668846, 37.42116293 ], [ 140.38674612, 37.4208967 ], [ 140.38676682, 37.42082001 ], [ 140.38717235, 37.42110901 ], [ 140.38756397, 37.4214444 ], [ 140.38784405000001, 37.42184296 ], [ 140.38796409, 37.42175961 ], [ 140.38814252, 37.42162784 ], [ 140.38835883, 37.42145646 ], [ 140.38854862, 37.42131548 ], [ 140.38870049, 37.42120213 ], [ 140.38885210000001, 37.42106133 ], [ 140.38897677, 37.42089967 ], [ 140.38910165, 37.42075378 ], [ 140.38930743, 37.42076366 ], [ 140.38944222000001, 37.42075219 ], [ 140.38959718000001, 37.42073006 ], [ 140.39033130000001, 37.42059202 ], [ 140.39053680000001, 37.42056431 ], [ 140.39078952, 37.42054158 ], [ 140.39101544, 37.42053503 ], [ 140.39132561, 37.42052836 ], [ 140.39135199, 37.42070508 ], [ 140.39147116000001, 37.42150384 ], [ 140.39149707000001, 37.42177673 ], [ 140.39152093000001, 37.42202795 ], [ 140.39153204, 37.42214476 ], [ 140.39156998000001, 37.42254431 ], [ 140.39158695, 37.42271924 ], [ 140.39159192, 37.42277005 ], [ 140.39066679000001, 37.42280945 ], [ 140.39074755, 37.4228913 ], [ 140.39079767000001, 37.42296104 ], [ 140.39082110000001, 37.42303105 ], [ 140.39084087000001, 37.42312529 ], [ 140.39083401, 37.42322276 ], [ 140.39080431, 37.42333553 ], [ 140.39076325, 37.42346357 ], [ 140.39068791, 37.42359487 ], [ 140.39064278000001, 37.42368632 ], [ 140.39070502000001, 37.42384738 ], [ 140.39020875, 37.4238407 ], [ 140.38958548, 37.42369437 ], [ 140.38941815000001, 37.42368079 ], [ 140.38915641, 37.4237151 ], [ 140.38870764000001, 37.4234294 ], [ 140.38848857, 37.42342705 ], [ 140.38829677000001, 37.42343484 ], [ 140.38823833000001, 37.42344004 ], [ 140.38821659000001, 37.42400714 ], [ 140.38819815, 37.42422871 ], [ 140.38803672, 37.42429634 ], [ 140.38793298, 37.42451957 ], [ 140.38761732, 37.4244719 ], [ 140.3874118, 37.4245579 ], [ 140.38743067, 37.42478844 ], [ 140.38743733000001, 37.42485191 ], [ 140.38746302000001, 37.42509777 ], [ 140.3874871, 37.42525507 ], [ 140.38752815000001, 37.42538061 ], [ 140.38756888, 37.42546941 ], [ 140.38761094, 37.42554567 ], [ 140.38766879, 37.42562072 ], [ 140.38774960000001, 37.42570947 ], [ 140.38784494000001, 37.42582322 ], [ 140.3879839, 37.426028 ], [ 140.38803164000001, 37.42609747 ], [ 140.38807492000001, 37.42614289 ], [ 140.38812972, 37.42619304 ], [ 140.38817898, 37.42627039 ], [ 140.38824281000001, 37.42638428 ], [ 140.38837193000001, 37.42661318 ], [ 140.38759051, 37.42665273 ], [ 140.38737873, 37.42666343 ], [ 140.38722718, 37.42666653 ], [ 140.38675317, 37.42667662 ], [ 140.38664723, 37.42667486 ], [ 140.38644787000001, 37.42681954 ], [ 140.38634121000001, 37.42691719 ], [ 140.38626185000001, 37.42702485 ], [ 140.38615125000001, 37.42716926 ], [ 140.38590502, 37.42755859 ], [ 140.38575318, 37.42769545 ], [ 140.38563690000001, 37.42777624 ], [ 140.3855647, 37.42782487 ], [ 140.38545272, 37.42794437 ], [ 140.38538075, 37.4280251 ], [ 140.38531251000001, 37.42806061 ], [ 140.38521997000001, 37.42808681 ], [ 140.38510309, 37.42811607 ], [ 140.38489063, 37.42784405 ], [ 140.38481501000001, 37.42768699 ], [ 140.38481739, 37.42762066 ], [ 140.38485335, 37.42745153 ], [ 140.38489037, 37.42722876 ], [ 140.38490823000001, 37.42693412 ], [ 140.38489597, 37.42643857 ], [ 140.38474283, 37.42651869 ], [ 140.38450583, 37.42662905 ], [ 140.38436907, 37.42667474 ], [ 140.38419582, 37.42668511 ], [ 140.38409909000001, 37.42668162 ], [ 140.38408904, 37.42652214 ], [ 140.38365229, 37.42655035 ], [ 140.38357491, 37.42666236 ], [ 140.38345506, 37.42681076 ], [ 140.38335694, 37.42689316 ], [ 140.38324078, 37.42699662 ], [ 140.38310435, 37.42708074 ], [ 140.382787, 37.42723005 ], [ 140.38266506, 37.4277168 ], [ 140.38137509000001, 37.42748889 ], [ 140.38161843, 37.4265047 ], [ 140.38051376000001, 37.42632971 ], [ 140.37901985, 37.42609299 ], [ 140.37673686, 37.42567415 ], [ 140.37660547, 37.42620797 ], [ 140.37307791000001, 37.42620813 ], [ 140.37306904, 37.42639656 ], [ 140.37301781, 37.42641059 ], [ 140.37262987, 37.42650416 ], [ 140.37258557000001, 37.42640946 ], [ 140.37255696, 37.42629258 ], [ 140.37257198, 37.4261786 ], [ 140.3726884, 37.42583015 ], [ 140.37225529, 37.4254352 ], [ 140.37219506, 37.42533437 ], [ 140.37206243, 37.42509139 ], [ 140.37191971, 37.42482479 ], [ 140.37140211, 37.42452949 ], [ 140.37131524, 37.42447244 ], [ 140.37116425, 37.42465969 ], [ 140.37107787, 37.42461545 ], [ 140.3710496, 37.42460023 ], [ 140.37100097000001, 37.4246617 ], [ 140.37092017000001, 37.42471051 ], [ 140.37064016, 37.42455535 ], [ 140.37068631, 37.42450361 ], [ 140.37113952000001, 37.42399845 ], [ 140.37135056, 37.42376094 ], [ 140.37142424000001, 37.42367809 ], [ 140.37158206000001, 37.42336845 ], [ 140.37228427, 37.42264042 ], [ 140.37230284, 37.42258345 ], [ 140.37227876, 37.42253808 ], [ 140.37204883000001, 37.42235678 ], [ 140.37208722, 37.42227072 ], [ 140.37215284000001, 37.4221237 ], [ 140.37328887000001, 37.42155746 ], [ 140.37308429000001, 37.42139717 ], [ 140.37287817000001, 37.42123787 ], [ 140.37282885, 37.42118642 ], [ 140.37270954, 37.42106193 ], [ 140.37279324, 37.42106479 ], [ 140.37294792, 37.42105085 ], [ 140.37318596, 37.42099965 ], [ 140.3737098, 37.42084211 ], [ 140.37385369, 37.42078316 ], [ 140.37430619, 37.42059919 ], [ 140.37462310000001, 37.42045765 ], [ 140.37477334, 37.42041022 ], [ 140.37497798000001, 37.42036593 ], [ 140.37502818, 37.42036908 ], [ 140.37531201, 37.42028443 ], [ 140.37607209000001, 37.42011412 ], [ 140.37619753000001, 37.42010355 ], [ 140.37651554000001, 37.42011872 ], [ 140.37676291, 37.42019771 ], [ 140.37715387, 37.42046612 ], [ 140.37720649, 37.42021906 ], [ 140.37727178, 37.41999855 ], [ 140.37739159, 37.41979102 ], [ 140.37805288000001, 37.42009621 ], [ 140.37809111000001, 37.4200438 ], [ 140.37825791, 37.42019088 ], [ 140.37836530000001, 37.42024037 ], [ 140.37882681, 37.41997539 ], [ 140.37913641, 37.42014856 ], [ 140.37973673, 37.42061988 ], [ 140.38028095000001, 37.42107076 ], [ 140.37985188, 37.42131294 ], [ 140.37972239000001, 37.42133691 ], [ 140.37915883, 37.42149282 ], [ 140.37975307, 37.42238601 ], [ 140.37982646, 37.42234935 ], [ 140.38002491, 37.42280885 ], [ 140.38026498, 37.42336462 ] ] ] } },
{ "type": "Feature", "properties": { "DIDid": 720302, "行政コード": "07203", "市町村名称": "郡山市", "DID符号": 2, "人口": 7584, "面積": 1.29, "前回人口": 7386, "前回面積": 1.24, "人口割合": 2.3, "面積割合": 0.2, "調査年度": 2015 }, "geometry": { "type": "Polygon", "coordinates": [ [ [ 140.43223722, 37.39189758 ], [ 140.43233539, 37.39188286 ], [ 140.43243828000001, 37.39190022 ], [ 140.43249664000001, 37.39193907 ], [ 140.43254181, 37.39199953 ], [ 140.43256453000001, 37.39204926 ], [ 140.43259866, 37.39209287 ], [ 140.43265882, 37.39201795 ], [ 140.43284203, 37.39192339 ], [ 140.43247635, 37.39143877 ], [ 140.43280789, 37.39125743 ], [ 140.43426309, 37.39044384 ], [ 140.43477073, 37.39018317 ], [ 140.43490854000001, 37.39034918 ], [ 140.43515477, 37.39064573 ], [ 140.43466240000001, 37.39091223 ], [ 140.43467227, 37.39098765 ], [ 140.43480504, 37.39114664 ], [ 140.43495307000001, 37.39124924 ], [ 140.43538340000001, 37.39131759 ], [ 140.43603966000001, 37.39092438 ], [ 140.43619804, 37.39085303 ], [ 140.43629795000001, 37.39082901 ], [ 140.43652154, 37.39081379 ], [ 140.43684846, 37.39074454 ], [ 140.43760755, 37.39062311 ], [ 140.43782492, 37.39059046 ], [ 140.43798307, 37.39057909 ], [ 140.43814459000001, 37.39057559 ], [ 140.43830281000001, 37.39057225 ], [ 140.43841572, 37.39058618 ], [ 140.43872713, 37.39057431 ], [ 140.43875103, 37.38966067 ], [ 140.43871213, 37.3895516 ], [ 140.43864274000001, 37.38943664 ], [ 140.43849665, 37.38924618 ], [ 140.43833925000001, 37.38906493 ], [ 140.43824346, 37.38898037 ], [ 140.43798481, 37.3889786 ], [ 140.43795452000001, 37.38863914 ], [ 140.43816278, 37.3886278 ], [ 140.43815846000001, 37.38855742 ], [ 140.43808814, 37.38845246 ], [ 140.43807371, 37.38838593 ], [ 140.43809409, 37.38833049 ], [ 140.43803811000001, 37.38828079 ], [ 140.43802355, 37.38819765 ], [ 140.43802288000001, 37.38811444 ], [ 140.43797285, 37.38794292 ], [ 140.43787456000001, 37.38782135 ], [ 140.43806582, 37.38745612 ], [ 140.43679188, 37.38749598 ], [ 140.43658531, 37.38758658 ], [ 140.43665856000001, 37.38771068 ], [ 140.43669774, 37.38785001 ], [ 140.43671024, 37.38798962 ], [ 140.43629957, 37.38800382 ], [ 140.43501323000001, 37.38806302 ], [ 140.43520974, 37.38786082 ], [ 140.43535925, 37.3876359 ], [ 140.43547308000001, 37.38745425 ], [ 140.43555438000001, 37.38726136 ], [ 140.43561753, 37.38704815 ], [ 140.43563510000001, 37.38676787 ], [ 140.43560389000001, 37.38646629 ], [ 140.43549153000001, 37.38592928 ], [ 140.43607476, 37.38588604 ], [ 140.43648886, 37.38586676 ], [ 140.43759686000001, 37.38590843 ], [ 140.43774441, 37.3858905 ], [ 140.43789159, 37.3858323 ], [ 140.43822541, 37.38568106 ], [ 140.43865569, 37.38543458 ], [ 140.43895405000001, 37.38558118 ], [ 140.43937297, 37.38571688 ], [ 140.43950480000001, 37.38575268 ], [ 140.43974849, 37.38569398 ], [ 140.43991772000001, 37.38564046 ], [ 140.44024709000001, 37.38556738 ], [ 140.44033164000001, 37.38553302 ], [ 140.44047146, 37.38533293 ], [ 140.43986254000001, 37.38463654 ], [ 140.43867520000001, 37.38465993 ], [ 140.43863924, 37.38450481 ], [ 140.43862574, 37.3841685 ], [ 140.4373034, 37.38412357 ], [ 140.43731514000001, 37.38378727 ], [ 140.43610796, 37.38372724 ], [ 140.43607379, 37.38350889 ], [ 140.4363223, 37.38350199 ], [ 140.43732752, 37.38353715 ], [ 140.43759237, 37.38354861 ], [ 140.4386877, 37.38358906 ], [ 140.43897759000001, 37.38357745 ], [ 140.43909626000001, 37.38355685 ], [ 140.43926152, 37.38349841 ], [ 140.43939053, 37.3834144 ], [ 140.43994547, 37.38389451 ], [ 140.44010817, 37.38396845 ], [ 140.44026343, 37.38401651 ], [ 140.44169155, 37.38412789 ], [ 140.44170866, 37.38366752 ], [ 140.44187925, 37.3834943 ], [ 140.44215896, 37.38321014 ], [ 140.44209868, 37.38314174 ], [ 140.44181885, 37.38308235 ], [ 140.44195548, 37.38287692 ], [ 140.44212774, 37.38289406 ], [ 140.44233622, 37.38285243 ], [ 140.44244268, 37.38276192 ], [ 140.44264306, 37.38276539 ], [ 140.44287873, 37.38269378 ], [ 140.44303831, 37.38266522 ], [ 140.44316979000001, 37.38259246 ], [ 140.4432247, 37.38250896 ], [ 140.44321661000001, 37.38237031 ], [ 140.44319456, 37.3823386 ], [ 140.44300569000001, 37.38206656 ], [ 140.44261289, 37.38182049 ], [ 140.44244268, 37.38171337 ], [ 140.44232609, 37.38159696 ], [ 140.44227423000001, 37.38129239 ], [ 140.44222699, 37.38115549 ], [ 140.44214965, 37.38104494 ], [ 140.44201683, 37.38095128 ], [ 140.441752, 37.38085295 ], [ 140.44147332, 37.38076554 ], [ 140.44129815, 37.38073588 ], [ 140.44118803000001, 37.38071715 ], [ 140.44078005, 37.38053353 ], [ 140.44045866, 37.3803189 ], [ 140.44023503, 37.3801646 ], [ 140.44008082, 37.3799991 ], [ 140.43986362000001, 37.37977282 ], [ 140.43968761, 37.37949099 ], [ 140.43963421000001, 37.37933314 ], [ 140.4395433, 37.37926151 ], [ 140.43946602, 37.37915645 ], [ 140.43940233000001, 37.37895852 ], [ 140.43936649, 37.37887423 ], [ 140.43927527, 37.37876374 ], [ 140.43891848000001, 37.37846608 ], [ 140.43875123000001, 37.37840596 ], [ 140.43857026000001, 37.37836802 ], [ 140.43840301, 37.37830791 ], [ 140.43829124000001, 37.37823639 ], [ 140.4381793, 37.37814276 ], [ 140.43812761000001, 37.37805531 ], [ 140.43808773000001, 37.37798793 ], [ 140.4380314, 37.37782291 ], [ 140.43794392000001, 37.37764947 ], [ 140.43775161, 37.37748937 ], [ 140.43767837, 37.37741469 ], [ 140.43761296, 37.37730985 ], [ 140.43753894, 37.37713845 ], [ 140.43746293000001, 37.37705295 ], [ 140.43736271, 37.37696968 ], [ 140.43710593, 37.37681638 ], [ 140.43698314, 37.37671676 ], [ 140.43687496000001, 37.37662424 ], [ 140.43676464000001, 37.37649104 ], [ 140.43669099, 37.3763868 ], [ 140.43663162000001, 37.37624756 ], [ 140.43610291, 37.37571548 ], [ 140.43607734, 37.37568928 ], [ 140.43570635, 37.37531044 ], [ 140.43529345, 37.3751354 ], [ 140.43534982, 37.37489674 ], [ 140.43518996, 37.37494401 ], [ 140.43503673000001, 37.37490987 ], [ 140.4349197, 37.37484654 ], [ 140.43489732, 37.37478273 ], [ 140.43452685, 37.37490668 ], [ 140.43441548000001, 37.37463986 ], [ 140.43432668, 37.37446585 ], [ 140.43423014000001, 37.374333 ], [ 140.43410922000001, 37.374229 ], [ 140.43389612, 37.37420403 ], [ 140.43376989000001, 37.37412174 ], [ 140.43379664, 37.37405191 ], [ 140.43376308000001, 37.37394761 ], [ 140.43364228, 37.37386543 ], [ 140.43354983, 37.37390941 ], [ 140.43346209000001, 37.37385761 ], [ 140.43275306000001, 37.37394401 ], [ 140.43270261000001, 37.37377868 ], [ 140.43263133, 37.3737399 ], [ 140.43242412000001, 37.373767 ], [ 140.43242992, 37.37381498 ], [ 140.43244138, 37.37388026 ], [ 140.43238684, 37.37388927 ], [ 140.43230004, 37.37395504 ], [ 140.43225139, 37.37401625 ], [ 140.43219730000001, 37.37408186 ], [ 140.43213758, 37.3741213 ], [ 140.43206156, 37.37417407 ], [ 140.43190340000001, 37.37419655 ], [ 140.43170707, 37.37422374 ], [ 140.43160922000001, 37.37427661 ], [ 140.43154947, 37.37431169 ], [ 140.43145124, 37.37431655 ], [ 140.43130962000001, 37.37435656 ], [ 140.43122566, 37.37478826 ], [ 140.43111151, 37.3748498 ], [ 140.43098563000001, 37.37481129 ], [ 140.43081066, 37.37477726 ], [ 140.43079471, 37.37482972 ], [ 140.4309657, 37.37505104 ], [ 140.43101022, 37.37515965 ], [ 140.43104623, 37.37522269 ], [ 140.43038608000001, 37.37597101 ], [ 140.43022345, 37.37611573 ], [ 140.43033334, 37.37620233 ], [ 140.43043676, 37.37616689 ], [ 140.43061124, 37.3763047 ], [ 140.43013918, 37.37650393 ], [ 140.43000907000001, 37.37662215 ], [ 140.42996633000001, 37.37674008 ], [ 140.42988501, 37.37681455 ], [ 140.42984733, 37.37688007 ], [ 140.42966805, 37.37699418 ], [ 140.42954461, 37.37713054 ], [ 140.42944748, 37.37716271 ], [ 140.42934121, 37.3771562 ], [ 140.42928459000001, 37.37726941 ], [ 140.42917469, 37.37736177 ], [ 140.42902432, 37.3774004 ], [ 140.42891536, 37.3774315 ], [ 140.42872821, 37.37742752 ], [ 140.42859141, 37.37747411 ], [ 140.42854097, 37.37753251 ], [ 140.42835361, 37.37762357 ], [ 140.42807378000001, 37.37777493 ], [ 140.42787965, 37.37784645 ], [ 140.42766765, 37.37790046 ], [ 140.42738465, 37.37786189 ], [ 140.42714493, 37.37792406 ], [ 140.42697724000001, 37.37784183 ], [ 140.42688234, 37.37776022 ], [ 140.42675316, 37.37767203 ], [ 140.42649573, 37.37762544 ], [ 140.42629011, 37.37762648 ], [ 140.42600759000001, 37.37765521 ], [ 140.42589580000001, 37.37760114 ], [ 140.42576711000001, 37.37758123 ], [ 140.42562179000001, 37.37762307 ], [ 140.4254598, 37.37772638 ], [ 140.42534084, 37.37785004 ], [ 140.42524749, 37.37796681 ], [ 140.42526567, 37.37809653 ], [ 140.42530053, 37.37817155 ], [ 140.42530112, 37.37824687 ], [ 140.42524189, 37.37834277 ], [ 140.42522543000001, 37.37843184 ], [ 140.42527798, 37.37857519 ], [ 140.42526152, 37.37866412 ], [ 140.42520238, 37.37876706 ], [ 140.42519432, 37.37883539 ], [ 140.4251524, 37.37895176 ], [ 140.42510204000001, 37.37908197 ], [ 140.4251342, 37.37921867 ], [ 140.42523329, 37.37929984 ], [ 140.42535699000001, 37.37942537 ], [ 140.42545075000001, 37.37955754 ], [ 140.42556602, 37.37965482 ], [ 140.42573831000001, 37.37971704 ], [ 140.42594307, 37.37975079 ], [ 140.4261234, 37.37979776 ], [ 140.42623562, 37.37984929 ], [ 140.42636809000001, 37.37991663 ], [ 140.42659546, 37.37995999 ], [ 140.42676697, 37.37997278 ], [ 140.42687834, 37.37997222 ], [ 140.42706622, 37.37989609 ], [ 140.42722838, 37.37981319 ], [ 140.42734799, 37.37977162 ], [ 140.42749367, 37.37977089 ], [ 140.42757099, 37.37979781 ], [ 140.42766553000001, 37.37983831 ], [ 140.42778582, 37.37987868 ], [ 140.42790586000001, 37.37989188 ], [ 140.42803417, 37.37986392 ], [ 140.42814495, 37.37978803 ], [ 140.42827311, 37.37973965 ], [ 140.42838448000001, 37.37973909 ], [ 140.42848735000001, 37.37974533 ], [ 140.42860792, 37.37982682 ], [ 140.42876319000001, 37.37995599 ], [ 140.42885826, 37.38005802 ], [ 140.42903033, 37.3801529 ], [ 140.42915902, 37.38017266 ], [ 140.42957938000001, 37.38023898 ], [ 140.4311256, 37.37985988 ], [ 140.43134953000001, 37.38003123 ], [ 140.43134131, 37.38010139 ], [ 140.43142996, 37.38020612 ], [ 140.43143963, 37.38031815 ], [ 140.43137036, 37.38044452 ], [ 140.43132725000001, 37.38054287 ], [ 140.43116088, 37.38059975 ], [ 140.43110882, 37.38067704 ], [ 140.43104805, 37.38076844 ], [ 140.43096961000001, 37.38083896 ], [ 140.4308739, 37.38095152 ], [ 140.43071386, 37.38116733 ], [ 140.43007079, 37.38154412 ], [ 140.43003629, 37.38162145 ], [ 140.43007207, 37.38170533 ], [ 140.43053423000001, 37.38241067 ], [ 140.43083226, 37.38234609 ], [ 140.43113035, 37.38228854 ], [ 140.43143754, 37.38227305 ], [ 140.43178040000001, 37.38232736 ], [ 140.43195639000001, 37.38237547 ], [ 140.43210199000001, 37.38246935 ], [ 140.43219048, 37.38255296 ], [ 140.43223509000001, 37.38264383 ], [ 140.43220104, 37.38277721 ], [ 140.43212355, 37.38297373 ], [ 140.43197044, 37.38359812 ], [ 140.43191889, 37.38373848 ], [ 140.43191928, 37.38378762 ], [ 140.43198989000001, 37.38383626 ], [ 140.43219092000001, 37.38371612 ], [ 140.4322991, 37.38374106 ], [ 140.43240685000001, 37.38385583 ], [ 140.43213811000001, 37.38483957 ], [ 140.43216991, 37.38488939 ], [ 140.43231428000001, 37.38502735 ], [ 140.43225164, 37.38528885 ], [ 140.4323408, 37.38545652 ], [ 140.43265851000001, 37.38565809 ], [ 140.4330115, 37.38588046 ], [ 140.43343475, 37.38610262 ], [ 140.43368147000001, 37.38621344 ], [ 140.4339013, 37.38625443 ], [ 140.43410368, 37.3863024 ], [ 140.434165, 37.38645881 ], [ 140.43431626, 37.38660771 ], [ 140.43454651, 37.38666638 ], [ 140.43468806000001, 37.38677042 ], [ 140.43462823, 37.38691294 ], [ 140.43437498, 37.38691422 ], [ 140.43405622, 37.38693076 ], [ 140.43370519000001, 37.38702237 ], [ 140.43355602, 37.38713549 ], [ 140.43343055, 37.38727833 ], [ 140.43336658000001, 37.38748817 ], [ 140.43334885, 37.38762286 ], [ 140.43332945, 37.38783459 ], [ 140.4329727, 37.38779514 ], [ 140.43276164, 37.3877924 ], [ 140.43258355, 37.38780823 ], [ 140.43235868, 37.3878395 ], [ 140.4323996, 37.38826578 ], [ 140.43218491, 37.38839415 ], [ 140.43251176000001, 37.38880786 ], [ 140.43182505, 37.38914812 ], [ 140.43221615, 37.38961375 ], [ 140.43163878, 37.38990869 ], [ 140.43126972, 37.39008655 ], [ 140.43195112000001, 37.39085019 ], [ 140.43114733, 37.39130509 ], [ 140.43136836, 37.39158474 ], [ 140.43086712, 37.39225339 ], [ 140.43101546, 37.39232938 ], [ 140.43108081, 37.39237509 ], [ 140.43214809, 37.39192309 ], [ 140.43223722, 37.39189758 ] ] ] } },
{ "type": "Feature", "properties": { "DIDid": 720401, "行政コード": "07204", "市町村名称": "いわき市", "DID符号": 1, "人口": 69581, "面積": 15.37, "前回人口": 66094, "前回面積": 15.28, "人口割合": 19.9, "面積割合": 1.2, "調査年度": 2015 }, "geometry": { "type": "Polygon", "coordinates": [ [ [ 140.8835106, 37.06837622 ], [ 140.88388518, 37.06833094 ], [ 140.88402929, 37.06834015 ], [ 140.88405798, 37.06824141 ], [ 140.88418187, 37.06810324 ], [ 140.8842991, 37.06794704 ], [ 140.88436851, 37.06783273 ], [ 140.88436765, 37.06777064 ], [ 140.88434114, 37.06772174 ], [ 140.88414521000001, 37.06726758 ], [ 140.88437094, 37.06724516 ], [ 140.88461363, 37.06715388 ], [ 140.88482996, 37.0670113 ], [ 140.88496036000001, 37.0668421 ], [ 140.88507189000001, 37.06655296 ], [ 140.88520177000001, 37.06634596 ], [ 140.88551359, 37.06614593 ], [ 140.88581182, 37.06604381 ], [ 140.8863878, 37.06590837 ], [ 140.88698594, 37.0658311 ], [ 140.8873102, 37.06575613 ], [ 140.88785069, 37.06568444 ], [ 140.88880833, 37.06560381 ], [ 140.88929569000001, 37.06555835 ], [ 140.89023401, 37.06547275 ], [ 140.890876, 37.06546702 ], [ 140.89125061, 37.06547564 ], [ 140.89153713, 37.06551707 ], [ 140.89156371000001, 37.06552092 ], [ 140.89187288, 37.06558679 ], [ 140.89254295000001, 37.06575567 ], [ 140.8927286, 37.06580836 ], [ 140.89292968000001, 37.06586541 ], [ 140.89303052, 37.06588337 ], [ 140.89337477000001, 37.06570535 ], [ 140.89420896, 37.06567394 ], [ 140.89505621000001, 37.06596124 ], [ 140.89535355000001, 37.06564474 ], [ 140.89549939, 37.06549531 ], [ 140.89565737000001, 37.06533332 ], [ 140.89595233, 37.06499797 ], [ 140.89667942, 37.06465184 ], [ 140.89749185, 37.06421462 ], [ 140.89781753, 37.06401606 ], [ 140.89826105, 37.06374569 ], [ 140.89868331, 37.06363834 ], [ 140.89904456, 37.0635466 ], [ 140.89955167, 37.0631571 ], [ 140.89976485, 37.06299334 ], [ 140.89984559000001, 37.06293137 ], [ 140.90011554, 37.06266255 ], [ 140.90050816, 37.06227148 ], [ 140.90074648000001, 37.06203344 ], [ 140.90079568, 37.06198421 ], [ 140.90087183, 37.06190813 ], [ 140.90115963, 37.0615727 ], [ 140.90169352000001, 37.06080176 ], [ 140.90246026, 37.05971292 ], [ 140.90269299, 37.05938475 ], [ 140.90301356000001, 37.05953194 ], [ 140.90321784, 37.05928569 ], [ 140.9032283, 37.05923652 ], [ 140.90321671000001, 37.05920551 ], [ 140.90406073, 37.05834863 ], [ 140.90409737, 37.05834901 ], [ 140.90480998000001, 37.05750014 ], [ 140.90545152000001, 37.05758551 ], [ 140.90641099000001, 37.05770601 ], [ 140.9070085, 37.0572921 ], [ 140.90722880000001, 37.05713059 ], [ 140.90787432, 37.05679606 ], [ 140.90810663, 37.05665781 ], [ 140.90834576, 37.05658053 ], [ 140.90881926, 37.05651057 ], [ 140.90873458, 37.05632352 ], [ 140.90856042, 37.05601993 ], [ 140.90810945000001, 37.05602401 ], [ 140.90742991, 37.0560208 ], [ 140.90673534000001, 37.05599182 ], [ 140.90617368, 37.0559322 ], [ 140.9066988, 37.055437 ], [ 140.90685243, 37.05550038 ], [ 140.90690193, 37.05552211 ], [ 140.90701682, 37.05558499 ], [ 140.90702987, 37.05554467 ], [ 140.90705462, 37.05551882 ], [ 140.90707951, 37.05550227 ], [ 140.9071538, 37.05546992 ], [ 140.90721144, 37.05534648 ], [ 140.90732721000001, 37.0551353 ], [ 140.90740013000001, 37.05504348 ], [ 140.90780645000001, 37.05473851 ], [ 140.90815932000001, 37.05450526 ], [ 140.90843340000001, 37.05429659 ], [ 140.90867838, 37.05412387 ], [ 140.90884476, 37.05399551 ], [ 140.90898236000001, 37.05393084 ], [ 140.90912994000001, 37.05387001 ], [ 140.90926315, 37.05384903 ], [ 140.90940664, 37.05384773 ], [ 140.90951567, 37.05386259 ], [ 140.90959028, 37.05388965 ], [ 140.90975460000001, 37.05396349 ], [ 140.90974086, 37.05369406 ], [ 140.90971925, 37.05356332 ], [ 140.90968271, 37.05343279 ], [ 140.90963643000001, 37.05330241 ], [ 140.90954018, 37.05314862 ], [ 140.90930872000001, 37.05287321 ], [ 140.90914337000001, 37.05271997 ], [ 140.90903352000001, 37.05260362 ], [ 140.90887710000001, 37.05243024 ], [ 140.90871832, 37.05222626 ], [ 140.90882302, 37.05220187 ], [ 140.90884297, 37.05207258 ], [ 140.90936077000001, 37.05214977 ], [ 140.90955185000001, 37.05217824 ], [ 140.91002033000001, 37.05224665 ], [ 140.91042051, 37.05231062 ], [ 140.91108244, 37.05239502 ], [ 140.91169362, 37.05246107 ], [ 140.91205712, 37.05246567 ], [ 140.91205651000001, 37.052497 ], [ 140.91229446, 37.05247943 ], [ 140.912593, 37.05242413 ], [ 140.91281137, 37.05238259 ], [ 140.91316904000001, 37.0522551 ], [ 140.91354927, 37.05210755 ], [ 140.91372788000001, 37.05203673 ], [ 140.91373402, 37.05196796 ], [ 140.91382517, 37.05199825 ], [ 140.91387204, 37.0520885 ], [ 140.91395157, 37.0522896 ], [ 140.91405089, 37.05260464 ], [ 140.91410412, 37.05275333 ], [ 140.91412007, 37.05284977 ], [ 140.91412152000001, 37.05295211 ], [ 140.91411354, 37.05315704 ], [ 140.91409371, 37.05343655 ], [ 140.91409637000001, 37.05362378 ], [ 140.91417081, 37.05398001 ], [ 140.91421128, 37.05413318 ], [ 140.91432532, 37.05445104 ], [ 140.91447225, 37.05477148 ], [ 140.91453985000001, 37.05490547 ], [ 140.91456988, 37.05496658 ], [ 140.91461573000001, 37.05497264 ], [ 140.91471166, 37.05494967 ], [ 140.91498485, 37.05488383 ], [ 140.91505042, 37.05487443 ], [ 140.91512361, 37.05488848 ], [ 140.91529401, 37.05506827 ], [ 140.91561807, 37.05489884 ], [ 140.91573246, 37.05483902 ], [ 140.91625949, 37.05455778 ], [ 140.91670237, 37.05438699 ], [ 140.91696127, 37.05488494 ], [ 140.91705874, 37.05506243 ], [ 140.91715199000001, 37.05520203 ], [ 140.91729448000001, 37.05533969 ], [ 140.91737115000001, 37.05534484 ], [ 140.91757869, 37.05599812 ], [ 140.91803925, 37.05595838 ], [ 140.91856617, 37.05589121 ], [ 140.91927612000001, 37.05580455 ], [ 140.92029366, 37.05566842 ], [ 140.92114171, 37.05552263 ], [ 140.921671, 37.05543092 ], [ 140.92229798, 37.05537177 ], [ 140.92263138000001, 37.05537759 ], [ 140.92273947000001, 37.05540011 ], [ 140.92282812, 37.05446276 ], [ 140.92284672, 37.05398283 ], [ 140.92286947, 37.05378664 ], [ 140.92288687000001, 37.05346759 ], [ 140.92290501, 37.05320703 ], [ 140.92287313, 37.05301718 ], [ 140.92279515000001, 37.05279705 ], [ 140.92265511, 37.05270182 ], [ 140.92258092, 37.05262351 ], [ 140.92246492000001, 37.05242274 ], [ 140.92227176, 37.05218748 ], [ 140.92200128, 37.05190034 ], [ 140.92170395, 37.05165877 ], [ 140.92136468000001, 37.05141316 ], [ 140.92104810000001, 37.05122598 ], [ 140.92084937000001, 37.05111073 ], [ 140.9205331, 37.05094396 ], [ 140.92047379, 37.05091184 ], [ 140.92031792, 37.05082751 ], [ 140.91980601, 37.05054067 ], [ 140.91904156000001, 37.05013407 ], [ 140.9187366, 37.04999056 ], [ 140.91851415, 37.04987411 ], [ 140.91812855000001, 37.04970508 ], [ 140.91794126, 37.04962773 ], [ 140.91766289, 37.04955713 ], [ 140.91735612, 37.04954535 ], [ 140.91710113, 37.04957977 ], [ 140.91698881, 37.04961509 ], [ 140.91675593, 37.0496883 ], [ 140.91619198000001, 37.04994059 ], [ 140.91589463, 37.05007205 ], [ 140.91549551, 37.05023661 ], [ 140.91526651000001, 37.05030887 ], [ 140.91496824000001, 37.05037593 ], [ 140.91463902000001, 37.05045354 ], [ 140.91424921000001, 37.05050094 ], [ 140.91392036, 37.05048048 ], [ 140.91386467000001, 37.05048014 ], [ 140.91365707, 37.05042634 ], [ 140.91342395000001, 37.05030681 ], [ 140.91319783, 37.0501416 ], [ 140.91292067000001, 37.0498583 ], [ 140.91274385, 37.04963372 ], [ 140.91252369, 37.0493195 ], [ 140.91237652000001, 37.04911647 ], [ 140.91135953, 37.04903874 ], [ 140.91127473, 37.04977952 ], [ 140.91033894, 37.04970534 ], [ 140.91040539, 37.04918141 ], [ 140.91046646000001, 37.04868703 ], [ 140.91052953, 37.04820361 ], [ 140.91177633000001, 37.04828102 ], [ 140.91151498, 37.04794077 ], [ 140.91134948000001, 37.04778338 ], [ 140.91113363, 37.04763574 ], [ 140.91091839000001, 37.04753181 ], [ 140.91063725000001, 37.04743777 ], [ 140.91068652000001, 37.04715856 ], [ 140.91068482, 37.04703862 ], [ 140.91062149000001, 37.04687052 ], [ 140.91054773, 37.04674673 ], [ 140.91052472000001, 37.04668478 ], [ 140.91048968000001, 37.04656077 ], [ 140.91045919000001, 37.04636119 ], [ 140.91042227, 37.04610387 ], [ 140.91040945, 37.04597967 ], [ 140.91037537, 37.04591775 ], [ 140.91025726000001, 37.0457945 ], [ 140.9099096, 37.04550451 ], [ 140.9097583, 37.04538156 ], [ 140.9096061, 37.04520082 ], [ 140.90943673000001, 37.04498032 ], [ 140.90922839000001, 37.04474236 ], [ 140.90907150000001, 37.04461502 ], [ 140.90902691, 37.04459762 ], [ 140.90899024000001, 37.04455128 ], [ 140.90864717, 37.0445855 ], [ 140.90837643, 37.0446368 ], [ 140.90824908, 37.04464232 ], [ 140.90815449, 37.04461664 ], [ 140.90799847, 37.04455138 ], [ 140.90784602, 37.04428406 ], [ 140.90779976, 37.04421119 ], [ 140.90770768, 37.04405849 ], [ 140.90762732, 37.04398368 ], [ 140.90744633, 37.04390351 ], [ 140.9072852, 37.04387385 ], [ 140.90719101, 37.04387034 ], [ 140.90707466000001, 37.04387139 ], [ 140.90678165, 37.04391846 ], [ 140.90635588000001, 37.04397996 ], [ 140.90615369, 37.04398404 ], [ 140.90569857, 37.04392599 ], [ 140.9053818, 37.04385775 ], [ 140.90529821000001, 37.04382739 ], [ 140.90524755000001, 37.04376568 ], [ 140.90512907, 37.04361575 ], [ 140.90504454000001, 37.0435188 ], [ 140.90492713, 37.0434444 ], [ 140.90463158, 37.04330493 ], [ 140.90416804, 37.04304709 ], [ 140.90446042, 37.04295562 ], [ 140.90475481, 37.04281301 ], [ 140.90492525, 37.0427182 ], [ 140.90505688, 37.04262374 ], [ 140.90520475, 37.04249808 ], [ 140.90528669, 37.04241737 ], [ 140.90534657000001, 37.04234136 ], [ 140.90537826, 37.0422345 ], [ 140.90535679000001, 37.0418882 ], [ 140.90530065, 37.04115721 ], [ 140.90529825, 37.04109324 ], [ 140.90527684, 37.04052019 ], [ 140.90501076000001, 37.04050837 ], [ 140.90491612, 37.04050451 ], [ 140.90470992, 37.04055375 ], [ 140.90451035000001, 37.04058131 ], [ 140.90449179000001, 37.04037965 ], [ 140.90448309000001, 37.04014833 ], [ 140.90451533000001, 37.03972439 ], [ 140.90575764, 37.03973494 ], [ 140.90585465000001, 37.03966423 ], [ 140.9059844, 37.03959315 ], [ 140.9061472, 37.0395481 ], [ 140.90617662, 37.03954861 ], [ 140.90703554000001, 37.03956626 ], [ 140.90707494, 37.03920266 ], [ 140.9072003, 37.03921877 ], [ 140.90744416000001, 37.03927387 ], [ 140.90763403, 37.03930651 ], [ 140.90785197, 37.03930453 ], [ 140.90797709, 37.0393034 ], [ 140.90809881000001, 37.03931659 ], [ 140.90822794, 37.03934985 ], [ 140.90836797, 37.03939722 ], [ 140.90848613, 37.0394134 ], [ 140.90858263000001, 37.03941253 ], [ 140.90870338, 37.03935702 ], [ 140.90882531, 37.03925989 ], [ 140.90886315, 37.03915353 ], [ 140.90888243000001, 37.03900151 ], [ 140.90891744000001, 37.03894966 ], [ 140.90895624000001, 37.038912 ], [ 140.90904821000001, 37.03884528 ], [ 140.90915813000001, 37.03878121 ], [ 140.90933870000001, 37.03866497 ], [ 140.90950211000001, 37.03858908 ], [ 140.90962682, 37.03856493 ], [ 140.90973043, 37.03856399 ], [ 140.909838, 37.03858893 ], [ 140.90993875000001, 37.03863377 ], [ 140.91004725, 37.03872452 ], [ 140.91013603, 37.03881115 ], [ 140.91022570000001, 37.03883033 ], [ 140.91034346000001, 37.03881779 ], [ 140.91044629000001, 37.03876244 ], [ 140.91053086, 37.03867572 ], [ 140.91063678, 37.03858303 ], [ 140.91073610000001, 37.03853349 ], [ 140.91084646, 37.03850095 ], [ 140.91093879, 37.03845999 ], [ 140.91095225000001, 37.03839968 ], [ 140.91095852000001, 37.03833373 ], [ 140.91089965, 37.03821965 ], [ 140.91088053, 37.0381281 ], [ 140.91087579000001, 37.03804796 ], [ 140.91089285000001, 37.03798761 ], [ 140.91096299, 37.03789244 ], [ 140.91109080000001, 37.03770937 ], [ 140.91111797, 37.03760592 ], [ 140.91111982000001, 37.03748856 ], [ 140.91111493, 37.03739117 ], [ 140.91114208, 37.03729349 ], [ 140.91117277000001, 37.03718431 ], [ 140.91120025000001, 37.03697921 ], [ 140.91119834, 37.03684455 ], [ 140.91119737, 37.03677578 ], [ 140.91119999, 37.03671276 ], [ 140.91125291, 37.03666067 ], [ 140.91129563000001, 37.0366517 ], [ 140.91145269, 37.03663598 ], [ 140.91167441, 37.03664826 ], [ 140.91189975, 37.03665481 ], [ 140.9122822, 37.03666275 ], [ 140.91232491, 37.03614381 ], [ 140.91231062, 37.0357614 ], [ 140.91227903000001, 37.03542793 ], [ 140.91243919, 37.03537776 ], [ 140.91246749000001, 37.0353604 ], [ 140.91250642, 37.03533139 ], [ 140.91251292000001, 37.03528832 ], [ 140.91245438000001, 37.03519142 ], [ 140.9121427, 37.03488485 ], [ 140.91257393000001, 37.03467312 ], [ 140.91296784, 37.03421971 ], [ 140.91287389, 37.03415185 ], [ 140.91276984000001, 37.03412126 ], [ 140.91260516, 37.03409987 ], [ 140.91249051, 37.03408366 ], [ 140.91236156, 37.03406195 ], [ 140.91224668000001, 37.03402287 ], [ 140.91210988, 37.03395526 ], [ 140.91189352000001, 37.03381974 ], [ 140.91178733000001, 37.03376199 ], [ 140.91170030000001, 37.033674 ], [ 140.91165316, 37.03362565 ], [ 140.91156625, 37.03354625 ], [ 140.91151619, 37.03347138 ], [ 140.91147860000001, 37.03341526 ], [ 140.91142379, 37.03332699 ], [ 140.91140123, 37.03325264 ], [ 140.91138195, 37.03314968 ], [ 140.91143449, 37.03294716 ], [ 140.9115144, 37.032786 ], [ 140.91166214, 37.03262134 ], [ 140.91175377, 37.03253173 ], [ 140.91176314000001, 37.03243704 ], [ 140.91176233, 37.03237974 ], [ 140.91173691, 37.03234562 ], [ 140.91164365, 37.0323264 ], [ 140.9114434, 37.03231674 ], [ 140.91109548, 37.03235291 ], [ 140.91097065, 37.03237403 ], [ 140.91088872, 37.03239195 ], [ 140.91081308, 37.03237722 ], [ 140.91072941, 37.03233475 ], [ 140.91063717, 37.03227568 ], [ 140.9105573, 37.03221657 ], [ 140.91035807, 37.03201858 ], [ 140.91014751, 37.03191299 ], [ 140.90995377, 37.03185462 ], [ 140.90966385, 37.03182571 ], [ 140.90934884000001, 37.03179139 ], [ 140.90921298000001, 37.03178396 ], [ 140.90914855, 37.03177884 ], [ 140.90907680000001, 37.03175943 ], [ 140.90902251, 37.03173317 ], [ 140.90905539, 37.03163607 ], [ 140.90871703, 37.0315094 ], [ 140.90867938, 37.03148636 ], [ 140.90865403000001, 37.03145668 ], [ 140.90786418, 37.03098964 ], [ 140.90782223, 37.0309601 ], [ 140.90775104, 37.03092414 ], [ 140.90763443, 37.0309052 ], [ 140.90756773000001, 37.03088912 ], [ 140.90751327000001, 37.03085638 ], [ 140.90745174, 37.03076535 ], [ 140.9073604, 37.03076956 ], [ 140.90730626000001, 37.03076013 ], [ 140.90726024, 37.03074055 ], [ 140.90720582, 37.03071112 ], [ 140.90710076, 37.03077022 ], [ 140.90700454, 37.03072787 ], [ 140.90687658, 37.03078894 ], [ 140.9069443, 37.03087153 ], [ 140.90684954, 37.0309323 ], [ 140.90630387, 37.03093048 ], [ 140.90634937, 37.03113049 ], [ 140.90586070000001, 37.03107352 ], [ 140.90580661000001, 37.03146028 ], [ 140.9055898, 37.03144056 ], [ 140.90564924, 37.03105368 ], [ 140.90536207, 37.03103889 ], [ 140.90518824, 37.03099703 ], [ 140.90504689, 37.03095501 ], [ 140.90489930000001, 37.03085652 ], [ 140.90476743, 37.03071438 ], [ 140.90471027000001, 37.0305023 ], [ 140.90467149, 37.03038621 ], [ 140.90476722, 37.0302625 ], [ 140.90485201000001, 37.03022267 ], [ 140.9049432, 37.03021333 ], [ 140.9036386, 37.02981695 ], [ 140.90304751, 37.02964446 ], [ 140.90322625, 37.02903609 ], [ 140.90243523000001, 37.02888202 ], [ 140.90251950000001, 37.02859263 ], [ 140.90263744000001, 37.0281877 ], [ 140.90343824000001, 37.02834457 ], [ 140.90355424000001, 37.02843849 ], [ 140.90369770000001, 37.0285813 ], [ 140.90376543, 37.02877688 ], [ 140.9039178, 37.02928419 ], [ 140.90402641, 37.0293905 ], [ 140.90428527, 37.02959041 ], [ 140.90435098, 37.02963579 ], [ 140.90461219, 37.02972846 ], [ 140.90503836, 37.0298564 ], [ 140.905261, 37.02992175 ], [ 140.90550591, 37.03000388 ], [ 140.90572293, 37.0297211 ], [ 140.90590230000001, 37.0294702 ], [ 140.90572632000001, 37.02944405 ], [ 140.90538946000001, 37.02941035 ], [ 140.90504886, 37.02937971 ], [ 140.90483769, 37.02931728 ], [ 140.90466614, 37.02921302 ], [ 140.90455027, 37.02912832 ], [ 140.90441783, 37.02895782 ], [ 140.90431739, 37.02860942 ], [ 140.90444115, 37.02830644 ], [ 140.90471745, 37.02810471 ], [ 140.90504382, 37.02793619 ], [ 140.90556305000001, 37.02788862 ], [ 140.90560927000001, 37.0279158 ], [ 140.90565257, 37.02800425 ], [ 140.90569488, 37.02802231 ], [ 140.90610548000001, 37.0279986 ], [ 140.90767841, 37.02825862 ], [ 140.90812047, 37.02842934 ], [ 140.90800805000001, 37.02859594 ], [ 140.90796747, 37.02870042 ], [ 140.90798756000001, 37.02876775 ], [ 140.90803990000001, 37.02881782 ], [ 140.9083245, 37.0289378 ], [ 140.90810857, 37.02934744 ], [ 140.9087495, 37.02958604 ], [ 140.90858009, 37.0297081 ], [ 140.90824751, 37.02987205 ], [ 140.90902316, 37.03018061 ], [ 140.90927523, 37.02982415 ], [ 140.91046299000001, 37.03029647 ], [ 140.91047423000001, 37.030278 ], [ 140.91061995000001, 37.03033088 ], [ 140.91068876, 37.03022297 ], [ 140.91054468, 37.03016141 ], [ 140.91067502000001, 37.02994672 ], [ 140.91025429000001, 37.02973799 ], [ 140.91048238, 37.0293945 ], [ 140.91121464, 37.02969529 ], [ 140.91242284, 37.02967497 ], [ 140.91259404, 37.02967342 ], [ 140.91327094, 37.02967354 ], [ 140.91349321000001, 37.02961999 ], [ 140.91358034000001, 37.02963434 ], [ 140.9139777, 37.0297913 ], [ 140.91483852, 37.03014166 ], [ 140.91505909, 37.02979492 ], [ 140.91527539000001, 37.02944483 ], [ 140.91562795, 37.02957545 ], [ 140.91540397, 37.02997257 ], [ 140.91519202000001, 37.0303393 ], [ 140.91657112, 37.03087078 ], [ 140.91783351000001, 37.03137578 ], [ 140.91789761000001, 37.03121554 ], [ 140.91802341, 37.03115145 ], [ 140.91831379000001, 37.03120681 ], [ 140.91832636000001, 37.0311275 ], [ 140.91834753000001, 37.03093034 ], [ 140.91835582, 37.03085275 ], [ 140.91833454, 37.03082619 ], [ 140.91816399000001, 37.03057671 ], [ 140.91703044, 37.03013516 ], [ 140.91658108, 37.02995185 ], [ 140.91680302, 37.02955983 ], [ 140.91727759, 37.02974959 ], [ 140.91751795, 37.02933233 ], [ 140.91860116000001, 37.02975428 ], [ 140.91876739, 37.02969926 ], [ 140.91884988000001, 37.02962818 ], [ 140.91891588, 37.02957062 ], [ 140.91897782000001, 37.02952324 ], [ 140.91910584, 37.02942499 ], [ 140.91922199000001, 37.02937374 ], [ 140.91920594000001, 37.02898057 ], [ 140.91922042, 37.02881965 ], [ 140.91939845, 37.02871771 ], [ 140.91931793000001, 37.02863136 ], [ 140.91917776, 37.028462 ], [ 140.91913818, 37.0283217 ], [ 140.91916134, 37.02819097 ], [ 140.91919999000001, 37.02796971 ], [ 140.91915597, 37.02781277 ], [ 140.91899419000001, 37.02759327 ], [ 140.91866509, 37.02735192 ], [ 140.91821483000001, 37.02813097 ], [ 140.91712704, 37.02767556 ], [ 140.91688159, 37.02759247 ], [ 140.91620124, 37.02731074 ], [ 140.91618048000001, 37.02702314 ], [ 140.91563063000001, 37.02681716 ], [ 140.91567483, 37.0266963 ], [ 140.91448274000001, 37.02624526 ], [ 140.91465427, 37.0259759 ], [ 140.91466545, 37.02595954 ], [ 140.91442566000001, 37.02587281 ], [ 140.91434208000001, 37.02584259 ], [ 140.91386454, 37.02566995 ], [ 140.91369696000001, 37.02547435 ], [ 140.91364786, 37.02541707 ], [ 140.91355513, 37.02523037 ], [ 140.91350619, 37.02516584 ], [ 140.91343009, 37.02508726 ], [ 140.91326015000001, 37.02496589 ], [ 140.91327503, 37.02483854 ], [ 140.91332825000001, 37.02447318 ], [ 140.91322414000001, 37.02419633 ], [ 140.91293221000001, 37.02421574 ], [ 140.91284934000001, 37.02425999 ], [ 140.91248231, 37.02429008 ], [ 140.91233893, 37.02448216 ], [ 140.91197773, 37.02432809 ], [ 140.91189575000001, 37.02428068 ], [ 140.91210886, 37.02392725 ], [ 140.91189991, 37.02384797 ], [ 140.91190610000001, 37.02383834 ], [ 140.91200404, 37.02368012 ], [ 140.91273440000001, 37.02366349 ], [ 140.91230056000001, 37.02338957 ], [ 140.91169152000001, 37.02298164 ], [ 140.91145944, 37.0228064 ], [ 140.91065419, 37.02225135 ], [ 140.9105753, 37.02228543 ], [ 140.91020108000001, 37.02235239 ], [ 140.91018306000001, 37.02145574 ], [ 140.9106975, 37.02100328 ], [ 140.91154522, 37.02099856 ], [ 140.91264817000001, 37.02081989 ], [ 140.91376104, 37.02090152 ], [ 140.91639608, 37.02103286 ], [ 140.91734339000001, 37.02108534 ], [ 140.91823382000001, 37.02116382 ], [ 140.91888583, 37.02122665 ], [ 140.92030186, 37.02118317 ], [ 140.92028936, 37.01985388 ], [ 140.92057469, 37.01981558 ], [ 140.92086917, 37.01975432 ], [ 140.92147626, 37.01956039 ], [ 140.92204530000001, 37.0193718 ], [ 140.92253742, 37.01913294 ], [ 140.92297273, 37.01892522 ], [ 140.92277157000001, 37.01862653 ], [ 140.92269306, 37.01846421 ], [ 140.92254141000001, 37.01807347 ], [ 140.92233116, 37.01758634 ], [ 140.92225366, 37.01749546 ], [ 140.92217703, 37.0174656 ], [ 140.92205669000001, 37.01749212 ], [ 140.92187936, 37.01752936 ], [ 140.92136631, 37.01763599 ], [ 140.92087819, 37.01770663 ], [ 140.92060145, 37.01771191 ], [ 140.92035744, 37.01771653 ], [ 140.91953783, 37.01770867 ], [ 140.918445, 37.0176881 ], [ 140.91774894, 37.01765622 ], [ 140.91738017, 37.01764881 ], [ 140.91736741, 37.0175037 ], [ 140.91688427, 37.01718829 ], [ 140.91673704, 37.01719455 ], [ 140.9162948, 37.01716902 ], [ 140.91572584, 37.01737075 ], [ 140.91584182, 37.01771203 ], [ 140.91566656000001, 37.01774143 ], [ 140.91520766, 37.01786022 ], [ 140.91469531000001, 37.01801771 ], [ 140.91403164, 37.01825288 ], [ 140.9132416, 37.01853517 ], [ 140.91300954, 37.01861541 ], [ 140.91301597, 37.01810723 ], [ 140.91316905, 37.01773211 ], [ 140.91317264, 37.01772553 ], [ 140.91349774, 37.0171285 ], [ 140.9137008, 37.01676742 ], [ 140.91378154, 37.01661019 ], [ 140.91383043, 37.01662784 ], [ 140.91406283000001, 37.01605143 ], [ 140.91410277, 37.01590753 ], [ 140.91413742, 37.01578155 ], [ 140.91416917000001, 37.0156556 ], [ 140.91412307, 37.01564856 ], [ 140.91400376000001, 37.01563022 ], [ 140.9138805, 37.01561789 ], [ 140.91383681, 37.01559583 ], [ 140.91364944, 37.01550109 ], [ 140.91357322, 37.01545687 ], [ 140.91352286, 37.01542847 ], [ 140.91343224, 37.01537741 ], [ 140.91327128, 37.01527567 ], [ 140.91324945, 37.01525299 ], [ 140.91305460000001, 37.01508292 ], [ 140.91310414, 37.01503531 ], [ 140.91332292000001, 37.01487964 ], [ 140.91367549, 37.01463645 ], [ 140.91399959, 37.01448483 ], [ 140.91405436, 37.014565 ], [ 140.91413455, 37.01479651 ], [ 140.91417384, 37.01492435 ], [ 140.91417964, 37.01494309 ], [ 140.91417657, 37.01504878 ], [ 140.91425231, 37.01505929 ], [ 140.91423203, 37.01520252 ], [ 140.9146867, 37.01520106 ], [ 140.91547386, 37.01471681 ], [ 140.91597033, 37.01442443 ], [ 140.91615887, 37.0139752 ], [ 140.91631765, 37.01358818 ], [ 140.91637973, 37.01360156 ], [ 140.91672277000001, 37.0136035 ], [ 140.91697056000001, 37.01360637 ], [ 140.91714207000001, 37.01360988 ], [ 140.91732043, 37.01364394 ], [ 140.91750524, 37.01368808 ], [ 140.91755636, 37.01370796 ], [ 140.91769683000001, 37.01375765 ], [ 140.9179718, 37.01388755 ], [ 140.91819013, 37.0140536 ], [ 140.91844793000001, 37.01431622 ], [ 140.91888189, 37.01468149 ], [ 140.91906234000001, 37.01486323 ], [ 140.91937095, 37.01467189 ], [ 140.91960356000001, 37.01450172 ], [ 140.91985435000001, 37.01427014 ], [ 140.92016389, 37.01392862 ], [ 140.91969989, 37.01368077 ], [ 140.91923291000001, 37.01345075 ], [ 140.9188235, 37.0132507 ], [ 140.9183438, 37.01301566 ], [ 140.91810016, 37.01286005 ], [ 140.91776646, 37.01261861 ], [ 140.91734537, 37.01226328 ], [ 140.91701691, 37.01194541 ], [ 140.91654604, 37.01144045 ], [ 140.91621274, 37.01110277 ], [ 140.91596103000001, 37.01084192 ], [ 140.91566736, 37.01053759 ], [ 140.91529911000001, 37.01015538 ], [ 140.91504508, 37.00989173 ], [ 140.91466067, 37.01012924 ], [ 140.91433843, 37.00980334 ], [ 140.91402009000001, 37.00949234 ], [ 140.9137276, 37.00917814 ], [ 140.91410807, 37.00892293 ], [ 140.91378575, 37.00858458 ], [ 140.91344365, 37.00822564 ], [ 140.91327015, 37.00804362 ], [ 140.91286751000001, 37.008296 ], [ 140.91252705, 37.00851233 ], [ 140.91337608000001, 37.0093888 ], [ 140.91276436000001, 37.00975551 ], [ 140.91162959, 37.00994887 ], [ 140.91172759, 37.0103484 ], [ 140.91181982000001, 37.01073109 ], [ 140.91187717, 37.01094373 ], [ 140.91192888, 37.0111358 ], [ 140.91205471000001, 37.01154191 ], [ 140.91215995, 37.01193179 ], [ 140.91240898000001, 37.01250037 ], [ 140.91219570000001, 37.01263487 ], [ 140.91214489000001, 37.01262435 ], [ 140.91200635000001, 37.01267369 ], [ 140.91165083000001, 37.01281947 ], [ 140.9113238, 37.01293719 ], [ 140.91129259, 37.01291586 ], [ 140.91150114000001, 37.01276353 ], [ 140.91179444, 37.01251983 ], [ 140.91173326000001, 37.01243351 ], [ 140.91159545, 37.01225504 ], [ 140.91150271000001, 37.01212248 ], [ 140.91143846, 37.01195566 ], [ 140.9112535, 37.01138502 ], [ 140.91121371, 37.01163191 ], [ 140.9112365, 37.01216404 ], [ 140.91119773, 37.01221008 ], [ 140.91110184, 37.01224608 ], [ 140.91101463000001, 37.01227496 ], [ 140.91091416, 37.01229699 ], [ 140.91088936, 37.01240612 ], [ 140.91088719000001, 37.01255721 ], [ 140.91108474000001, 37.0125835 ], [ 140.91106138000001, 37.01279455 ], [ 140.91105563, 37.01300889 ], [ 140.91099152000001, 37.01312542 ], [ 140.91092266000001, 37.01321045 ], [ 140.91083979000001, 37.01323577 ], [ 140.91075195, 37.013226 ], [ 140.91068569000001, 37.01318444 ], [ 140.91062374000001, 37.01314283 ], [ 140.91050935000001, 37.01311226 ], [ 140.91036442000001, 37.01308894 ], [ 140.91013559000001, 37.01301724 ], [ 140.90999515, 37.01300098 ], [ 140.90982464000001, 37.01303062 ], [ 140.90969323, 37.01303181 ], [ 140.90952641000001, 37.0130122 ], [ 140.90956166000001, 37.01392414 ], [ 140.90947369, 37.01420997 ], [ 140.91013393, 37.01452338 ], [ 140.91053771, 37.01442468 ], [ 140.91083617000001, 37.01411104 ], [ 140.91115367, 37.01384009 ], [ 140.9114712, 37.01409338 ], [ 140.91088167000001, 37.01465324 ], [ 140.91041563, 37.01521134 ], [ 140.90969508000001, 37.01642924 ], [ 140.90934096000001, 37.01631454 ], [ 140.90918087, 37.01626192 ], [ 140.90897138, 37.01618026 ], [ 140.90872165, 37.01607202 ], [ 140.90854250000001, 37.0159753 ], [ 140.90845731, 37.01591096 ], [ 140.90836105, 37.01582089 ], [ 140.90829176, 37.01568889 ], [ 140.90825258000001, 37.01551967 ], [ 140.90822608, 37.01537735 ], [ 140.90817509, 37.01523534 ], [ 140.90807899000001, 37.01505072 ], [ 140.90798759, 37.01486972 ], [ 140.90793847, 37.01464905 ], [ 140.90785427, 37.01410671 ], [ 140.90696254, 37.01520342 ], [ 140.90708927, 37.01592953 ], [ 140.90654149, 37.01606467 ], [ 140.90571959, 37.01626762 ], [ 140.90549709000001, 37.01707061 ], [ 140.90567826, 37.01711155 ], [ 140.90567803, 37.01721356 ], [ 140.90568559, 37.01798778 ], [ 140.90523877000001, 37.01814882 ], [ 140.90527856, 37.01917947 ], [ 140.90494157000001, 37.0191845 ], [ 140.9048573, 37.01918576 ], [ 140.90490275, 37.02043187 ], [ 140.90479051, 37.02042943 ], [ 140.90382736000001, 37.02066175 ], [ 140.90372561000001, 37.02086837 ], [ 140.90360553, 37.02109551 ], [ 140.90370943, 37.02127865 ], [ 140.90372868, 37.02169277 ], [ 140.90373387, 37.02231785 ], [ 140.90365363000001, 37.02231858 ], [ 140.90365764000001, 37.02237859 ], [ 140.90368262000001, 37.02275049 ], [ 140.90318562, 37.02275984 ], [ 140.90318354, 37.02327397 ], [ 140.90312755, 37.0234756 ], [ 140.90312662, 37.02385308 ], [ 140.9031321, 37.02435588 ], [ 140.90339293, 37.02440322 ], [ 140.9035175, 37.02445173 ], [ 140.9037107, 37.02452249 ], [ 140.90412148, 37.02419466 ], [ 140.90448495000001, 37.0244857 ], [ 140.90466235, 37.02460047 ], [ 140.90475469, 37.02464257 ], [ 140.90487075, 37.02446679 ], [ 140.90489641, 37.02438687 ], [ 140.90489863, 37.02427654 ], [ 140.90486713000001, 37.02420938 ], [ 140.90510778000001, 37.0242141 ], [ 140.90606486, 37.02423507 ], [ 140.90613920000001, 37.0240025 ], [ 140.90614667, 37.02390303 ], [ 140.90614855000001, 37.02382487 ], [ 140.90613278000001, 37.0237587 ], [ 140.9060903, 37.02367862 ], [ 140.90603902000001, 37.02360327 ], [ 140.90597191000001, 37.02353284 ], [ 140.90595068, 37.02311614 ], [ 140.90615890000001, 37.02310658 ], [ 140.90712578, 37.02308865 ], [ 140.90713114, 37.02401117 ], [ 140.90707944, 37.02427366 ], [ 140.90685952000001, 37.02507926 ], [ 140.90639802000001, 37.02500431 ], [ 140.90524546, 37.02480687 ], [ 140.90513792, 37.02523931 ], [ 140.90490967, 37.02517929 ], [ 140.90476867000001, 37.02514917 ], [ 140.90462776000001, 37.02511229 ], [ 140.90404525, 37.02504258 ], [ 140.90324586, 37.0248905 ], [ 140.90308335, 37.02516019 ], [ 140.90307989, 37.0253636 ], [ 140.90308355, 37.02578053 ], [ 140.90275681, 37.02572878 ], [ 140.90276265, 37.02561335 ], [ 140.90274386, 37.02518803 ], [ 140.90273107, 37.02490945 ], [ 140.90273106000001, 37.02490853 ], [ 140.90272273, 37.02478443 ], [ 140.90269029000001, 37.02430018 ], [ 140.90267826, 37.02390684 ], [ 140.90262434, 37.02323116 ], [ 140.902619, 37.02315074 ], [ 140.90259619, 37.02280875 ], [ 140.90251604, 37.02235942 ], [ 140.90250546, 37.02230046 ], [ 140.90237264000001, 37.02232651 ], [ 140.90239362, 37.0224952 ], [ 140.90223411, 37.02238478 ], [ 140.9021343, 37.02233605 ], [ 140.90198069, 37.02231379 ], [ 140.90189664, 37.02228731 ], [ 140.90180006, 37.02224348 ], [ 140.90172131, 37.02214986 ], [ 140.90170477000001, 37.02207299 ], [ 140.90166692, 37.0220287 ], [ 140.90162644, 37.02200915 ], [ 140.9015306, 37.02202494 ], [ 140.90147307000001, 37.02204826 ], [ 140.90131811000001, 37.02211119 ], [ 140.90117066, 37.022197 ], [ 140.90115385, 37.02224418 ], [ 140.90116802, 37.02229009 ], [ 140.90122316, 37.02236548 ], [ 140.90113452, 37.02249285 ], [ 140.90102166, 37.02261552 ], [ 140.90093621, 37.02270823 ], [ 140.9008472, 37.02276612 ], [ 140.90078262, 37.02279402 ], [ 140.90073923, 37.02294956 ], [ 140.90048248, 37.02394919 ], [ 140.9001462, 37.02388725 ], [ 140.9000744, 37.023876 ], [ 140.89960079, 37.0241451 ], [ 140.89930032000001, 37.02429479 ], [ 140.89914567, 37.02436116 ], [ 140.89904348, 37.02436884 ], [ 140.89897106000001, 37.02436949 ], [ 140.89882241000001, 37.02433239 ], [ 140.8987536, 37.02429035 ], [ 140.89827697000001, 37.02502099 ], [ 140.89803772, 37.02531057 ], [ 140.89772386000001, 37.02561356 ], [ 140.89748847000001, 37.025803 ], [ 140.89711552, 37.02606315 ], [ 140.89709599, 37.02607262 ], [ 140.89681405, 37.02599096 ], [ 140.89652424, 37.02596167 ], [ 140.89626582, 37.02574119 ], [ 140.89608319000001, 37.02566547 ], [ 140.89593411000001, 37.02555304 ], [ 140.89572344000001, 37.02550038 ], [ 140.89552891, 37.02538386 ], [ 140.89485303000001, 37.02533529 ], [ 140.89473846000001, 37.02525438 ], [ 140.89460198, 37.02523293 ], [ 140.89456693, 37.02516862 ], [ 140.89447384, 37.02499755 ], [ 140.89441554000001, 37.02488439 ], [ 140.89431172, 37.02476241 ], [ 140.89415713, 37.02466376 ], [ 140.89361747000001, 37.02441609 ], [ 140.89346313, 37.0243356 ], [ 140.8933131, 37.02415497 ], [ 140.89306818, 37.02367953 ], [ 140.89291492000001, 37.02367633 ], [ 140.89261780000001, 37.02393368 ], [ 140.89249387000001, 37.02399399 ], [ 140.89234112, 37.02402717 ], [ 140.89235296000001, 37.02406346 ], [ 140.89209919000001, 37.02417498 ], [ 140.89188722, 37.02443157 ], [ 140.89180365000001, 37.02454607 ], [ 140.89170402, 37.02472436 ], [ 140.89165357, 37.02497267 ], [ 140.89155242000001, 37.02504185 ], [ 140.89104843000001, 37.02510999 ], [ 140.89099613, 37.02502409 ], [ 140.89075406000001, 37.02516274 ], [ 140.89039174000001, 37.02521596 ], [ 140.89024545000001, 37.02528421 ], [ 140.89005852, 37.02532818 ], [ 140.88988388000001, 37.02541612 ], [ 140.88964637000001, 37.02547286 ], [ 140.88950482000001, 37.02549679 ], [ 140.88939171000001, 37.02552061 ], [ 140.8893415, 37.02558469 ], [ 140.88934898, 37.02568015 ], [ 140.88935530000001, 37.02576196 ], [ 140.88901436, 37.0257241 ], [ 140.88864505000001, 37.02589345 ], [ 140.88814002000001, 37.02629821 ], [ 140.88828214, 37.02672459 ], [ 140.88840951, 37.02690543 ], [ 140.88846174, 37.02698683 ], [ 140.88847073, 37.0270708 ], [ 140.88876780000001, 37.02696587 ], [ 140.88886479000001, 37.0270014 ], [ 140.88892015, 37.02706786 ], [ 140.8892225, 37.02743037 ], [ 140.88964045, 37.0279351 ], [ 140.88972172000001, 37.02803321 ], [ 140.88909096, 37.0287803 ], [ 140.88886009000001, 37.02911215 ], [ 140.88885059, 37.02924423 ], [ 140.88887187, 37.02954878 ], [ 140.8887545, 37.02967723 ], [ 140.88868212, 37.02978248 ], [ 140.88855989000001, 37.02996554 ], [ 140.88873682, 37.03004126 ], [ 140.88880406000001, 37.02997703 ], [ 140.88892308000001, 37.02996689 ], [ 140.88921838, 37.02998692 ], [ 140.88939171000001, 37.03000587 ], [ 140.88943761, 37.03004185 ], [ 140.88944399, 37.03009642 ], [ 140.88938898000001, 37.03021968 ], [ 140.88937841000001, 37.0302744 ], [ 140.88943058000001, 37.03035123 ], [ 140.88960815, 37.03047248 ], [ 140.89027178000001, 37.0305728 ], [ 140.89046105, 37.03060138 ], [ 140.89100611000001, 37.03062384 ], [ 140.89147227000001, 37.03028305 ], [ 140.89154235000001, 37.03022097 ], [ 140.89194801, 37.03042206 ], [ 140.89256472, 37.02968191 ], [ 140.89260398, 37.02963298 ], [ 140.89309455, 37.02902214 ], [ 140.89352099000001, 37.02847924 ], [ 140.89376661, 37.02818589 ], [ 140.89392346, 37.02804348 ], [ 140.89424363000001, 37.02781317 ], [ 140.89429279000001, 37.02778767 ], [ 140.89456477, 37.02764648 ], [ 140.89514808000001, 37.02736608 ], [ 140.89537390000001, 37.02769161 ], [ 140.89552760000001, 37.02772663 ], [ 140.89567954, 37.02790492 ], [ 140.89595493, 37.02812102 ], [ 140.89619554000001, 37.02831133 ], [ 140.89618283, 37.02833798 ], [ 140.89635214, 37.0284398 ], [ 140.89650226000001, 37.02864542 ], [ 140.89655829, 37.02872109 ], [ 140.89669318, 37.02882949 ], [ 140.89673039, 37.02885942 ], [ 140.89687804, 37.02895109 ], [ 140.89709158, 37.02903189 ], [ 140.89716627000001, 37.02907958 ], [ 140.89726149000001, 37.02907633 ], [ 140.89735514, 37.02907317 ], [ 140.89742102, 37.02890546 ], [ 140.89747175, 37.02881637 ], [ 140.89757814000001, 37.0287201 ], [ 140.89773435000001, 37.02864471 ], [ 140.89788659000001, 37.02860639 ], [ 140.89793135, 37.0285981 ], [ 140.89822904, 37.02856889 ], [ 140.89828579, 37.02865201 ], [ 140.89829633, 37.02868408 ], [ 140.8983163, 37.02868053 ], [ 140.89870001, 37.02851087 ], [ 140.89881503000001, 37.02846 ], [ 140.89882871, 37.02844636 ], [ 140.89888171000001, 37.02839358 ], [ 140.89891389, 37.0283778 ], [ 140.89946137000001, 37.02810291 ], [ 140.89949019, 37.02811687 ], [ 140.89965227, 37.02825423 ], [ 140.89986257000001, 37.02843629 ], [ 140.89995446, 37.02850832 ], [ 140.90011818, 37.02860575 ], [ 140.90027925000001, 37.02867027 ], [ 140.90048350000001, 37.02872742 ], [ 140.90063509000001, 37.0287364 ], [ 140.90076943, 37.02874906 ], [ 140.90096895, 37.02878197 ], [ 140.90111668, 37.02882224 ], [ 140.90125151000001, 37.0288696 ], [ 140.90134794, 37.02895208 ], [ 140.90138541, 37.02915653 ], [ 140.90141769, 37.02929851 ], [ 140.90142003, 37.02946498 ], [ 140.90143444, 37.02956552 ], [ 140.90147444, 37.02963802 ], [ 140.90153111000001, 37.02966531 ], [ 140.90169144000001, 37.02967774 ], [ 140.90190198, 37.0297261 ], [ 140.90215796000001, 37.0299271 ], [ 140.90258902, 37.03029688 ], [ 140.90277519, 37.03039179 ], [ 140.90292087, 37.03046777 ], [ 140.90313028, 37.03050453 ], [ 140.90332327, 37.03051567 ], [ 140.90355528000001, 37.03044268 ], [ 140.90387494000001, 37.03032674 ], [ 140.90383003, 37.0304238 ], [ 140.90380767, 37.03045723 ], [ 140.90377881000001, 37.03047755 ], [ 140.90372706, 37.03048788 ], [ 140.90361298, 37.0304989 ], [ 140.90357358, 37.03050757 ], [ 140.90353045000001, 37.03052471 ], [ 140.90333042, 37.03062493 ], [ 140.90308758, 37.03069562 ], [ 140.90295454, 37.03077003 ], [ 140.90291841000001, 37.03080464 ], [ 140.90282093, 37.03081038 ], [ 140.90262592, 37.03081699 ], [ 140.90256533, 37.03084204 ], [ 140.90250570000001, 37.03093543 ], [ 140.90251334000001, 37.03104778 ], [ 140.90258806, 37.0311596 ], [ 140.90276024, 37.03126555 ], [ 140.9029261, 37.03135198 ], [ 140.90316496, 37.03142803 ], [ 140.90332453, 37.03150481 ], [ 140.90333783, 37.0315829 ], [ 140.90330867, 37.03167608 ], [ 140.90322083000001, 37.03193594 ], [ 140.90322787, 37.03199289 ], [ 140.90325185, 37.03218733 ], [ 140.90337157, 37.03246481 ], [ 140.90353970000001, 37.03271264 ], [ 140.90363110000001, 37.03278728 ], [ 140.90383568, 37.03295439 ], [ 140.9038856, 37.03303215 ], [ 140.90389214000001, 37.03306623 ], [ 140.90383237, 37.03314991 ], [ 140.90365329, 37.03324741 ], [ 140.90356310000001, 37.03329651 ], [ 140.90335775, 37.03343036 ], [ 140.90331659, 37.03353823 ], [ 140.90328217000001, 37.03369496 ], [ 140.90335193000001, 37.03388496 ], [ 140.90343824000001, 37.03395261 ], [ 140.90346402, 37.03405016 ], [ 140.90353812000001, 37.03411792 ], [ 140.90366451, 37.03416401 ], [ 140.90369838000001, 37.03419961 ], [ 140.90370552, 37.03423242 ], [ 140.90369829, 37.03426156 ], [ 140.90359616000001, 37.03434217 ], [ 140.90354789, 37.03438175 ], [ 140.90354252, 37.03443072 ], [ 140.90355555, 37.03448925 ], [ 140.90366080000001, 37.03460558 ], [ 140.9036552, 37.0346447 ], [ 140.90359206, 37.03470637 ], [ 140.90358077, 37.03476512 ], [ 140.90354649, 37.0349317 ], [ 140.90350554, 37.03505421 ], [ 140.90349498, 37.03517166 ], [ 140.90356247, 37.03520034 ], [ 140.90386696, 37.03517802 ], [ 140.90404296, 37.03511779 ], [ 140.90413356, 37.03505348 ], [ 140.90433946, 37.03495869 ], [ 140.90446734, 37.03494783 ], [ 140.90480969000001, 37.03500823 ], [ 140.90489703, 37.0347191 ], [ 140.90494475, 37.03464046 ], [ 140.90524847, 37.03456436 ], [ 140.90530383000001, 37.03459807 ], [ 140.9054295, 37.03443073 ], [ 140.90577736, 37.03445208 ], [ 140.90577819000001, 37.03451072 ], [ 140.9057623, 37.03455507 ], [ 140.90576061, 37.03455973 ], [ 140.90569401, 37.03459455 ], [ 140.90576791000001, 37.03464773 ], [ 140.9057686, 37.03469651 ], [ 140.90566658, 37.03480993 ], [ 140.90563141000001, 37.03491289 ], [ 140.90563265, 37.0350008 ], [ 140.90570668000001, 37.03506363 ], [ 140.90584766000001, 37.03511621 ], [ 140.90586076, 37.03517959 ], [ 140.90579498, 37.03527311 ], [ 140.90577906, 37.03543939 ], [ 140.90585945000001, 37.03551688 ], [ 140.90585441, 37.0358078 ], [ 140.90595843, 37.03583615 ], [ 140.9059847, 37.03596791 ], [ 140.90607004, 37.03596714 ], [ 140.90610995, 37.03614481 ], [ 140.90611876, 37.03618415 ], [ 140.90653356000001, 37.03706023 ], [ 140.90604523, 37.03716637 ], [ 140.90608748, 37.03859434 ], [ 140.90603205, 37.03852494 ], [ 140.9059445, 37.03849954 ], [ 140.90569372, 37.03848871 ], [ 140.90557912, 37.03847665 ], [ 140.90538819, 37.03845648 ], [ 140.90517694, 37.03854575 ], [ 140.9048997, 37.03858317 ], [ 140.90451249, 37.03855611 ], [ 140.90401552, 37.0384733 ], [ 140.90348583, 37.03838635 ], [ 140.90305201000001, 37.03833563 ], [ 140.90284487, 37.03832447 ], [ 140.9026863, 37.03828218 ], [ 140.90239606, 37.03817561 ], [ 140.90218296, 37.0381274 ], [ 140.90216851, 37.03812416 ], [ 140.90211733000001, 37.03811258 ], [ 140.90172425, 37.03805501 ], [ 140.90139659, 37.03799678 ], [ 140.90137434, 37.03799445 ], [ 140.90151274, 37.04060373 ], [ 140.90113599, 37.04115319 ], [ 140.90109976, 37.04115647 ], [ 140.90117674000001, 37.04137901 ], [ 140.90125659, 37.04155534 ], [ 140.90127883, 37.04158217 ], [ 140.90140264, 37.04173114 ], [ 140.90140662, 37.0419021 ], [ 140.90140976000001, 37.04203871 ], [ 140.90138552, 37.04307053 ], [ 140.90168869, 37.04342197 ], [ 140.90168853, 37.04342302 ], [ 140.90082004000001, 37.0433579 ], [ 140.90047706, 37.04324891 ], [ 140.90045505000001, 37.04323805 ], [ 140.90045503, 37.04322447 ], [ 140.90044559, 37.04320273 ], [ 140.90043179, 37.04318948 ], [ 140.90000197000001, 37.04298074 ], [ 140.89971132, 37.04295153 ], [ 140.89952323, 37.04295322 ], [ 140.89934020000001, 37.04295894 ], [ 140.899193, 37.0429766 ], [ 140.89903092, 37.0430229 ], [ 140.89897584, 37.04308456 ], [ 140.89872923, 37.0436289 ], [ 140.89856971, 37.04385863 ], [ 140.89842888000001, 37.043974 ], [ 140.8981777, 37.04418611 ], [ 140.8980073, 37.04407789 ], [ 140.89797995000001, 37.04405011 ], [ 140.89794921000001, 37.04396204 ], [ 140.89793248000001, 37.04392129 ], [ 140.89790749, 37.04386111 ], [ 140.89767979000001, 37.04392567 ], [ 140.89744432000001, 37.04399888 ], [ 140.89725683, 37.04405011 ], [ 140.89721082, 37.04406946 ], [ 140.89721112000001, 37.04407805 ], [ 140.89722304, 37.0443339 ], [ 140.89724885000001, 37.04488565 ], [ 140.89725712000001, 37.04506242 ], [ 140.89730610000001, 37.04669442 ], [ 140.89547047, 37.04665503 ], [ 140.89547085000001, 37.04664454 ], [ 140.89462353, 37.04662636 ], [ 140.89424582000001, 37.04645142 ], [ 140.89311092, 37.04642334 ], [ 140.89315022, 37.04612436 ], [ 140.89323427, 37.045897 ], [ 140.89326694, 37.04580871 ], [ 140.89331573000001, 37.04567318 ], [ 140.89350943, 37.04513488 ], [ 140.89364616, 37.04469305 ], [ 140.89365816, 37.04451434 ], [ 140.89364986000001, 37.04426591 ], [ 140.89361267000001, 37.04402943 ], [ 140.89357993, 37.04376573 ], [ 140.89351388, 37.043545 ], [ 140.89336704, 37.04321685 ], [ 140.89299082, 37.04248597 ], [ 140.89260297000001, 37.04169493 ], [ 140.89231672, 37.04114205 ], [ 140.89203529, 37.04055055 ], [ 140.89196103, 37.04034502 ], [ 140.89187622, 37.03976605 ], [ 140.89176972000001, 37.03891527 ], [ 140.89171951, 37.03851924 ], [ 140.891613, 37.03774293 ], [ 140.89160626, 37.03769428 ], [ 140.89141926, 37.03618861 ], [ 140.89140118, 37.03606931 ], [ 140.89105027, 37.03604329 ], [ 140.89085668000001, 37.03600827 ], [ 140.89060999, 37.03592388 ], [ 140.89044225000001, 37.03585976 ], [ 140.89027421, 37.03577995 ], [ 140.89014881, 37.03571018 ], [ 140.89006662, 37.03568472 ], [ 140.889998, 37.03568794 ], [ 140.88991642, 37.03570703 ], [ 140.88952877, 37.03584163 ], [ 140.88938568, 37.03590851 ], [ 140.88944569, 37.03598675 ], [ 140.8892481, 37.03613013 ], [ 140.8887471, 37.03646917 ], [ 140.88867817, 37.03645662 ], [ 140.88863893000001, 37.03645697 ], [ 140.88861283, 37.03646248 ], [ 140.88857702000001, 37.03647589 ], [ 140.88853828000001, 37.03651299 ], [ 140.88853228, 37.03655507 ], [ 140.88852127000001, 37.03670476 ], [ 140.88851548, 37.03676246 ], [ 140.88843779000001, 37.03682088 ], [ 140.88836637, 37.03686354 ], [ 140.88832763, 37.03690056 ], [ 140.88830204000001, 37.0369481 ], [ 140.8883228, 37.03702655 ], [ 140.88838944, 37.03711515 ], [ 140.88855587, 37.03731311 ], [ 140.88857707, 37.03742309 ], [ 140.88853225, 37.03749705 ], [ 140.88845462, 37.03756596 ], [ 140.88837077, 37.0376559 ], [ 140.8883191, 37.03770359 ], [ 140.88832055, 37.03780854 ], [ 140.88832865000001, 37.03792392 ], [ 140.88800615, 37.03803435 ], [ 140.88751173, 37.03825395 ], [ 140.88717971, 37.03838804 ], [ 140.88702293, 37.03841048 ], [ 140.88687914, 37.03842739 ], [ 140.8866755, 37.03837675 ], [ 140.8863107, 37.0382672 ], [ 140.88559371, 37.03825518 ], [ 140.885601, 37.03831285 ], [ 140.88531279, 37.03829963 ], [ 140.88522713, 37.03825843 ], [ 140.88482021, 37.03825185 ], [ 140.88471158, 37.03890765 ], [ 140.88463855000001, 37.03934853 ], [ 140.88436267, 37.03939422 ], [ 140.88426047, 37.03940053 ], [ 140.88406914000001, 37.0393912 ], [ 140.88406255000001, 37.03946156 ], [ 140.8840358, 37.03957176 ], [ 140.88398121, 37.03971452 ], [ 140.88391654, 37.03971192 ], [ 140.88369968000001, 37.03975974 ], [ 140.88373991, 37.04014242 ], [ 140.88374532, 37.04021587 ], [ 140.88375342000001, 37.04025585 ], [ 140.88358237, 37.04014903 ], [ 140.88353774000001, 37.04013485 ], [ 140.88344063, 37.04011635 ], [ 140.88335787, 37.04012033 ], [ 140.88325331, 37.04014153 ], [ 140.88331425000001, 37.04027523 ], [ 140.88332573, 37.04029858 ], [ 140.88297796000001, 37.04027202 ], [ 140.88266711, 37.0402483 ], [ 140.88238720000001, 37.04022699 ], [ 140.88237876, 37.04022629 ], [ 140.88127233, 37.04014189 ], [ 140.88125333, 37.04033079 ], [ 140.88122754, 37.04054967 ], [ 140.88118129, 37.04094107 ], [ 140.88095050000001, 37.04118958 ], [ 140.88093418, 37.04135009 ], [ 140.88089806, 37.04170556 ], [ 140.88086094, 37.04207104 ], [ 140.87968847, 37.04202741 ], [ 140.87975706, 37.04234711 ], [ 140.87978643, 37.04248384 ], [ 140.87972522000001, 37.04266298 ], [ 140.88077578, 37.04272438 ], [ 140.88074437, 37.0430261 ], [ 140.88070699, 37.0433856 ], [ 140.88060002, 37.04425968 ], [ 140.88081650000001, 37.04416428 ], [ 140.88090469, 37.04413985 ], [ 140.88096576000001, 37.04412298 ], [ 140.88132920000001, 37.04403578 ], [ 140.88130763000001, 37.04392397 ], [ 140.88193929, 37.04384411 ], [ 140.88195875, 37.04384169 ], [ 140.8819691, 37.04384033 ], [ 140.88223763, 37.04380641 ], [ 140.88226682000001, 37.04380271 ], [ 140.88252439, 37.04377009 ], [ 140.88255218, 37.0437666 ], [ 140.88278731, 37.04373692 ], [ 140.88304199000001, 37.04370468 ], [ 140.88309015, 37.04375212 ], [ 140.88316201000001, 37.04368954 ], [ 140.88328436, 37.04374188 ], [ 140.88343135, 37.04376579 ], [ 140.88354032000001, 37.04379601 ], [ 140.88359054, 37.04380133 ], [ 140.88362262000001, 37.04379711 ], [ 140.88374738, 37.04373095 ], [ 140.88375522000001, 37.04377685 ], [ 140.88376282, 37.04378664 ], [ 140.88377652, 37.04379307 ], [ 140.88380849000001, 37.0437999 ], [ 140.88385281000001, 37.04380387 ], [ 140.88386776, 37.0437358 ], [ 140.883912, 37.04336498 ], [ 140.88406216000001, 37.04337702 ], [ 140.88460478, 37.04340699 ], [ 140.88459183000001, 37.04344216 ], [ 140.88454171000001, 37.0435073 ], [ 140.88444453, 37.04354224 ], [ 140.88433420000001, 37.04354652 ], [ 140.88436056, 37.04361099 ], [ 140.8847965, 37.04380797 ], [ 140.88485941, 37.04375299 ], [ 140.88494295000001, 37.04380505 ], [ 140.88504915, 37.04380073 ], [ 140.88538329, 37.04400875 ], [ 140.88560058, 37.04406138 ], [ 140.88600815000001, 37.04416245 ], [ 140.88596203, 37.04424368 ], [ 140.88605807, 37.04429865 ], [ 140.88626615000001, 37.04429413 ], [ 140.88660049000001, 37.04433868 ], [ 140.88659992000001, 37.04429807 ], [ 140.88670191, 37.04433778 ], [ 140.88675332, 37.04439146 ], [ 140.8868046, 37.04443507 ], [ 140.88688111, 37.04446826 ], [ 140.88697031000001, 37.04449795 ], [ 140.88705822, 37.04451702 ], [ 140.88708146, 37.04438791 ], [ 140.88754926, 37.04412617 ], [ 140.88762064, 37.043865 ], [ 140.88781461, 37.04355838 ], [ 140.88831697000001, 37.04373139 ], [ 140.88843493, 37.04373893 ], [ 140.88851036, 37.04376403 ], [ 140.88859969000001, 37.04377182 ], [ 140.88868928, 37.04379109 ], [ 140.88900142, 37.04389419 ], [ 140.88922725, 37.04382777 ], [ 140.88923657000001, 37.04372758 ], [ 140.88942905, 37.04369433 ], [ 140.88954085, 37.04377633 ], [ 140.88963408000001, 37.04405899 ], [ 140.88983379000001, 37.04403997 ], [ 140.88978712, 37.04376555 ], [ 140.88981755, 37.04364223 ], [ 140.88986956, 37.04353011 ], [ 140.89016619, 37.04379942 ], [ 140.89026419000001, 37.04391308 ], [ 140.89033364, 37.04415146 ], [ 140.89041562, 37.04414221 ], [ 140.89057627, 37.0441379 ], [ 140.89061185, 37.0441261 ], [ 140.8906543, 37.04409707 ], [ 140.89067141000001, 37.04404539 ], [ 140.89067733, 37.04395945 ], [ 140.89064788, 37.04389389 ], [ 140.89069665, 37.04380758 ], [ 140.89063742, 37.04365344 ], [ 140.89069398000001, 37.04361577 ], [ 140.89069291000001, 37.04353841 ], [ 140.89114485, 37.04367194 ], [ 140.89105814000001, 37.04406187 ], [ 140.89098134, 37.04410923 ], [ 140.8909118, 37.04433117 ], [ 140.89086055000001, 37.04447911 ], [ 140.89078960000001, 37.04460005 ], [ 140.89073352, 37.04474818 ], [ 140.89064892, 37.04493527 ], [ 140.89055411000001, 37.0450836 ], [ 140.89046864, 37.04520861 ], [ 140.89028186, 37.04536177 ], [ 140.89017957, 37.04549658 ], [ 140.89010406, 37.04563699 ], [ 140.89010622000001, 37.04579234 ], [ 140.89023141000001, 37.04608633 ], [ 140.89047433, 37.04659856 ], [ 140.89007355000001, 37.0465896 ], [ 140.88981179000001, 37.04656757 ], [ 140.88922495, 37.04651071 ], [ 140.88887809, 37.04646909 ], [ 140.88868437, 37.04647082 ], [ 140.88840888, 37.04651593 ], [ 140.88825410000001, 37.04653293 ], [ 140.88803228, 37.04650956 ], [ 140.88773915, 37.0464921 ], [ 140.88772893000001, 37.04690824 ], [ 140.88721876, 37.04688912 ], [ 140.88654153, 37.04686902 ], [ 140.88651932, 37.04683775 ], [ 140.88481673000001, 37.04681096 ], [ 140.88482065, 37.0465349 ], [ 140.88483616, 37.04604937 ], [ 140.88469583, 37.04605061 ], [ 140.88425326000001, 37.04609304 ], [ 140.88406531000001, 37.0461242 ], [ 140.88400331, 37.04591461 ], [ 140.88393304, 37.04563991 ], [ 140.88385791, 37.0454141 ], [ 140.88378812, 37.04517495 ], [ 140.88379543, 37.04490258 ], [ 140.88369946, 37.04423578 ], [ 140.88339155, 37.04384062 ], [ 140.88303301, 37.04413623 ], [ 140.88296272, 37.04421027 ], [ 140.88271992, 37.04456864 ], [ 140.8827002, 37.04461633 ], [ 140.88270393, 37.04468979 ], [ 140.88251741, 37.04474136 ], [ 140.88229217, 37.04476264 ], [ 140.88218227, 37.04479817 ], [ 140.88203505000001, 37.04491106 ], [ 140.88188017, 37.04516248 ], [ 140.88141906000001, 37.04565709 ], [ 140.88076435, 37.04604183 ], [ 140.8802772, 37.04621544 ], [ 140.87990659, 37.04648419 ], [ 140.87970229000001, 37.04663601 ], [ 140.87951175000001, 37.04674146 ], [ 140.87935002, 37.04684679 ], [ 140.87936102, 37.0469506 ], [ 140.87937195000001, 37.0470428 ], [ 140.8793255, 37.04715859 ], [ 140.87923621, 37.04781922 ], [ 140.87797419, 37.04784182 ], [ 140.87783535, 37.04774695 ], [ 140.87775299, 37.0476268 ], [ 140.87762837, 37.04744789 ], [ 140.87740108, 37.04749284 ], [ 140.87724608, 37.04757727 ], [ 140.87719027, 37.04752933 ], [ 140.87711924000001, 37.04745435 ], [ 140.87711366, 37.04738041 ], [ 140.87707904000001, 37.04722549 ], [ 140.87693783, 37.04720688 ], [ 140.87684135000001, 37.04719745 ], [ 140.87644602, 37.04740684 ], [ 140.87633715000001, 37.04742836 ], [ 140.87625955, 37.04739307 ], [ 140.87623292000001, 37.04732121 ], [ 140.87600297, 37.04741588 ], [ 140.87586874, 37.04745824 ], [ 140.87572724, 37.04744407 ], [ 140.87553999, 37.04737363 ], [ 140.87548265000001, 37.04743799 ], [ 140.87535323, 37.04762047 ], [ 140.87530404, 37.0477612 ], [ 140.87527775000001, 37.04790702 ], [ 140.87527084000001, 37.04796685 ], [ 140.87459794, 37.04741668 ], [ 140.87453087, 37.04736701 ], [ 140.87450141, 37.04734516 ], [ 140.87414663000001, 37.04709689 ], [ 140.87387269000001, 37.04694829 ], [ 140.87352894, 37.04681966 ], [ 140.87320407000001, 37.0466908 ], [ 140.87301397, 37.04657159 ], [ 140.87289444000001, 37.04642959 ], [ 140.87248395, 37.04615962 ], [ 140.87210722, 37.04596307 ], [ 140.87161304, 37.04581484 ], [ 140.87143154, 37.04598475 ], [ 140.87123231000001, 37.04580775 ], [ 140.87046211000001, 37.0451516 ], [ 140.87010354, 37.04484294 ], [ 140.86923285, 37.04406068 ], [ 140.86947679, 37.043833 ], [ 140.86941779, 37.04353095 ], [ 140.86941525, 37.04334385 ], [ 140.86941031000001, 37.04323239 ], [ 140.86972449000001, 37.04286802 ], [ 140.8697839, 37.04269693 ], [ 140.86981611, 37.04209546 ], [ 140.86980361, 37.04187424 ], [ 140.86962294, 37.04171074 ], [ 140.86939349, 37.04149268 ], [ 140.86914877000001, 37.0411593 ], [ 140.86868428, 37.0408222 ], [ 140.8677602, 37.04020343 ], [ 140.86769136000001, 37.04026894 ], [ 140.86765421000001, 37.04029425 ], [ 140.86760752000001, 37.04030972 ], [ 140.86747637, 37.04032586 ], [ 140.86735165, 37.040357 ], [ 140.86695994, 37.04052823 ], [ 140.86697914000001, 37.04059072 ], [ 140.86706442, 37.040837 ], [ 140.86666695, 37.0409017 ], [ 140.86635788000001, 37.04095064 ], [ 140.86603044, 37.04059017 ], [ 140.86574336000001, 37.03965033 ], [ 140.86546164000001, 37.03970219 ], [ 140.86547189000001, 37.03967401 ], [ 140.86554915, 37.03931601 ], [ 140.86560322, 37.03904824 ], [ 140.86566202, 37.03876713 ], [ 140.86566259, 37.03873812 ], [ 140.86519063, 37.03839741 ], [ 140.8646674, 37.03802583 ], [ 140.86441674, 37.03784778 ], [ 140.86449542, 37.03776966 ], [ 140.86497405, 37.03731223 ], [ 140.8650176, 37.03717577 ], [ 140.86505622000001, 37.03698614 ], [ 140.8650872, 37.03680967 ], [ 140.86509054000001, 37.03679042 ], [ 140.86512153000001, 37.03653679 ], [ 140.86509881000001, 37.03653171 ], [ 140.86486617, 37.03647846 ], [ 140.86470228, 37.03644356 ], [ 140.86455126000001, 37.03643833 ], [ 140.86444089, 37.03642619 ], [ 140.86435937, 37.03643675 ], [ 140.86420861, 37.03645108 ], [ 140.86408675000001, 37.03649142 ], [ 140.86397713, 37.03653489 ], [ 140.86390426, 37.03657487 ], [ 140.86386809000001, 37.03662095 ], [ 140.86330437000001, 37.03702653 ], [ 140.86323081, 37.03709355 ], [ 140.86259029000001, 37.03764552 ], [ 140.86133068000001, 37.03672676 ], [ 140.86026187, 37.03641717 ], [ 140.85924176, 37.03598608 ], [ 140.85856820000001, 37.03561727 ], [ 140.85824267000001, 37.03543351 ], [ 140.85770649, 37.03559676 ], [ 140.85756077, 37.03573155 ], [ 140.85700186, 37.03534689 ], [ 140.85607895000001, 37.03466474 ], [ 140.85639950000001, 37.03431425 ], [ 140.85645239, 37.0342572 ], [ 140.85649091, 37.03421569 ], [ 140.85657071, 37.03414208 ], [ 140.85636821, 37.03393248 ], [ 140.85632686, 37.03386089 ], [ 140.85630760000001, 37.03376031 ], [ 140.85630981, 37.03359127 ], [ 140.85634366, 37.03344351 ], [ 140.85634264000001, 37.03336798 ], [ 140.85626980000001, 37.03328588 ], [ 140.85609318, 37.03316511 ], [ 140.85603551, 37.03321235 ], [ 140.8560279, 37.03314948 ], [ 140.85597745000001, 37.03306719 ], [ 140.85595766, 37.03292706 ], [ 140.85595462000001, 37.03270048 ], [ 140.85597407, 37.03248089 ], [ 140.85587996000001, 37.03248887 ], [ 140.85580857, 37.03251475 ], [ 140.85571941000001, 37.03255866 ], [ 140.85557220000001, 37.03262102 ], [ 140.85543814, 37.03266166 ], [ 140.85529458, 37.03266288 ], [ 140.85512398, 37.03265715 ], [ 140.85503969000001, 37.03272988 ], [ 140.85491554000001, 37.0328352 ], [ 140.85477878, 37.03267452 ], [ 140.85455122, 37.03243549 ], [ 140.8543214, 37.03219099 ], [ 140.85407103, 37.03191977 ], [ 140.85383367, 37.03161605 ], [ 140.85375257000001, 37.03151417 ], [ 140.85363746, 37.03136957 ], [ 140.85355697, 37.03124087 ], [ 140.85345863000001, 37.03108338 ], [ 140.85337419000001, 37.03097435 ], [ 140.85314872000001, 37.03106074 ], [ 140.85225853, 37.0314226 ], [ 140.85213342, 37.03129237 ], [ 140.85201029000001, 37.03114601 ], [ 140.85195113, 37.03108174 ], [ 140.8518293, 37.03103237 ], [ 140.85167607, 37.03097975 ], [ 140.85155044000001, 37.03098081 ], [ 140.85137103, 37.03098593 ], [ 140.85115146000001, 37.03100222 ], [ 140.85107574, 37.03104601 ], [ 140.85103376000001, 37.03109128 ], [ 140.85134858000001, 37.03131705 ], [ 140.85162955000001, 37.03152692 ], [ 140.85177774, 37.03164315 ], [ 140.85180924, 37.03166781 ], [ 140.85176448000001, 37.03172176 ], [ 140.85169982, 37.03191653 ], [ 140.85171984, 37.03207462 ], [ 140.85177592, 37.0322433 ], [ 140.85202109, 37.03246058 ], [ 140.85217989, 37.03258876 ], [ 140.85223034000001, 37.03267105 ], [ 140.85221821, 37.03277541 ], [ 140.85212659000001, 37.032911 ], [ 140.85203046000001, 37.03280756 ], [ 140.85106572000001, 37.03178858 ], [ 140.85093437, 37.03190176 ], [ 140.85077747, 37.03199496 ], [ 140.85056232, 37.03209872 ], [ 140.85047066000001, 37.0320995 ], [ 140.85035093, 37.03205637 ], [ 140.85027497, 37.03202956 ], [ 140.8501679, 37.0319876 ], [ 140.85000345, 37.03195569 ], [ 140.84962963000001, 37.03192112 ], [ 140.84927391, 37.03190069 ], [ 140.84909857, 37.03190823 ], [ 140.84894018, 37.03190957 ], [ 140.84871630000001, 37.03194469 ], [ 140.84831665, 37.03202142 ], [ 140.84703289000001, 37.03226585 ], [ 140.84665666000001, 37.03233401 ], [ 140.84637245, 37.03237569 ], [ 140.84602371, 37.03238476 ], [ 140.84511379, 37.03237505 ], [ 140.84509043, 37.03237454 ], [ 140.84466014, 37.03236599 ], [ 140.84421261, 37.03232133 ], [ 140.84347109000001, 37.03221648 ], [ 140.84277233, 37.03213163 ], [ 140.84191964, 37.03203377 ], [ 140.84145858, 37.03196203 ], [ 140.84138908, 37.03195178 ], [ 140.84109488000001, 37.03190842 ], [ 140.84060996, 37.03188525 ], [ 140.84020354, 37.0318819 ], [ 140.83987765000001, 37.03190583 ], [ 140.83955007, 37.03194786 ], [ 140.83912962, 37.03202614 ], [ 140.83860494000001, 37.03213044 ], [ 140.83844838, 37.03215702 ], [ 140.83835279, 37.03217338 ], [ 140.8379195, 37.03220263 ], [ 140.83767039, 37.03216959 ], [ 140.83745947, 37.03212264 ], [ 140.83733064, 37.03217468 ], [ 140.83726523000001, 37.0322552 ], [ 140.83718471, 37.03244904 ], [ 140.83704673, 37.03301301 ], [ 140.8368979, 37.03369364 ], [ 140.83689275, 37.03373614 ], [ 140.83688666, 37.03378701 ], [ 140.83689557, 37.0339637 ], [ 140.83698567, 37.0339376 ], [ 140.83712218, 37.03391457 ], [ 140.83745769000001, 37.03390078 ], [ 140.83792936, 37.03391711 ], [ 140.83862138000001, 37.03396278 ], [ 140.83877073, 37.03395477 ], [ 140.83892586, 37.03390624 ], [ 140.83904497, 37.0338428 ], [ 140.83914653, 37.0337272 ], [ 140.83918748, 37.03363576 ], [ 140.83916542, 37.03348157 ], [ 140.83928627, 37.03323079 ], [ 140.83938502000001, 37.03305454 ], [ 140.83946558, 37.03294418 ], [ 140.83959329000001, 37.03280725 ], [ 140.83971403000001, 37.03270831 ], [ 140.83982041, 37.03263836 ], [ 140.83995846, 37.032573 ], [ 140.84026823, 37.03243876 ], [ 140.84067611, 37.0323265 ], [ 140.84101246, 37.03229672 ], [ 140.84116385, 37.03229045 ], [ 140.84134615, 37.0323049 ], [ 140.84172198, 37.0323979 ], [ 140.84188069000001, 37.03246077 ], [ 140.84224294000001, 37.03264322 ], [ 140.84281093000001, 37.03293186 ], [ 140.84274809, 37.03301398 ], [ 140.84253605000001, 37.03308785 ], [ 140.84237821, 37.03314429 ], [ 140.8421079, 37.03328124 ], [ 140.84211783000001, 37.03330143 ], [ 140.84228759000001, 37.03346959 ], [ 140.84307535, 37.03395504 ], [ 140.84336238, 37.03411891 ], [ 140.84348381000001, 37.03419095 ], [ 140.84353212, 37.03420561 ], [ 140.84360770000001, 37.03421673 ], [ 140.84370626, 37.03422604 ], [ 140.84411324000001, 37.03427126 ], [ 140.84434503, 37.03429536 ], [ 140.84447103, 37.03432112 ], [ 140.84461424, 37.03437362 ], [ 140.84479539, 37.03445278 ], [ 140.84485884, 37.03449596 ], [ 140.84475174, 37.03463787 ], [ 140.84468602000001, 37.03473409 ], [ 140.8446496, 37.03483514 ], [ 140.84461844, 37.03492868 ], [ 140.84471527, 37.03496644 ], [ 140.84474305000001, 37.03500816 ], [ 140.84473511, 37.0350385 ], [ 140.84465264, 37.03513662 ], [ 140.84462371000001, 37.03516707 ], [ 140.84473468, 37.03532397 ], [ 140.84478652000001, 37.03535971 ], [ 140.84490141000001, 37.03544125 ], [ 140.84493545000001, 37.03545258 ], [ 140.84497662000001, 37.03546469 ], [ 140.84508708000001, 37.03546376 ], [ 140.84517939, 37.03543898 ], [ 140.84523875, 37.03541222 ], [ 140.84529537, 37.03540449 ], [ 140.84533433, 37.03540896 ], [ 140.84539419000001, 37.03542042 ], [ 140.84543640000001, 37.03545125 ], [ 140.84545479, 37.035487 ], [ 140.84544313000001, 37.03550864 ], [ 140.84541254000001, 37.03556521 ], [ 140.84535702, 37.03565663 ], [ 140.84532152, 37.03568087 ], [ 140.84510161, 37.03577135 ], [ 140.84507512, 37.0358003 ], [ 140.8450844, 37.03582422 ], [ 140.84510853, 37.0358431 ], [ 140.84516861, 37.03586413 ], [ 140.84524928, 37.03586824 ], [ 140.8453925, 37.03585514 ], [ 140.8455146, 37.03582539 ], [ 140.84555030000001, 37.03581544 ], [ 140.84562493000001, 37.03581481 ], [ 140.84569917, 37.03577829 ], [ 140.84581982, 37.03564555 ], [ 140.84586729, 37.03561643 ], [ 140.84591201000001, 37.03561127 ], [ 140.84598381000001, 37.03562263 ], [ 140.84601967, 37.03562479 ], [ 140.84607028, 37.03560747 ], [ 140.84631678, 37.03550247 ], [ 140.8463419, 37.03559568 ], [ 140.84637839000001, 37.03564563 ], [ 140.84641487, 37.03568848 ], [ 140.84650196000001, 37.03572604 ], [ 140.84660675000001, 37.03574191 ], [ 140.84680098000001, 37.03574738 ], [ 140.84726392, 37.03563456 ], [ 140.84719959, 37.03675409 ], [ 140.84711379000001, 37.03678037 ], [ 140.84700559000001, 37.03683218 ], [ 140.8469338, 37.03689481 ], [ 140.84690571, 37.03696876 ], [ 140.84689518, 37.03712739 ], [ 140.84702894, 37.03711605 ], [ 140.84717226000001, 37.03709688 ], [ 140.84725835, 37.03709876 ], [ 140.84744369000001, 37.03712275 ], [ 140.84752017, 37.0371221 ], [ 140.84759938, 37.03708313 ], [ 140.8476978, 37.03700901 ], [ 140.84772703, 37.03708719 ], [ 140.84775232000001, 37.03731183 ], [ 140.84777122, 37.03753167 ], [ 140.84779403, 37.03756977 ], [ 140.84784868, 37.03760507 ], [ 140.84784863, 37.03767364 ], [ 140.84761527000001, 37.03767118 ], [ 140.84736058, 37.03769516 ], [ 140.84700326000001, 37.03775472 ], [ 140.84681985, 37.03783026 ], [ 140.84659367, 37.03795833 ], [ 140.84589419, 37.03839909 ], [ 140.84572221, 37.03852233 ], [ 140.84577869, 37.03855691 ], [ 140.84583097000001, 37.03874402 ], [ 140.84589698, 37.03880182 ], [ 140.84598579, 37.03885028 ], [ 140.84622052, 37.0389099 ], [ 140.84625527, 37.03892798 ], [ 140.84634442000001, 37.03899488 ], [ 140.84641421000001, 37.03905266 ], [ 140.84651797000001, 37.03907029 ], [ 140.84664207, 37.03917069 ], [ 140.84702551000001, 37.03872935 ], [ 140.8470987, 37.03864693 ], [ 140.84753451, 37.03890252 ], [ 140.84721852000001, 37.03933723 ], [ 140.84721199000001, 37.0394274 ], [ 140.84727493, 37.03949832 ], [ 140.84801065, 37.03972201 ], [ 140.84813799, 37.03982815 ], [ 140.84827547, 37.03996384 ], [ 140.84833467000001, 37.04003782 ], [ 140.84838702, 37.04018346 ], [ 140.84835821, 37.04035463 ], [ 140.84824193, 37.04064468 ], [ 140.84786705, 37.04116839 ], [ 140.84777862000001, 37.04153183 ], [ 140.84774206, 37.04168223 ], [ 140.84775103000001, 37.04177544 ], [ 140.84779132, 37.04189316 ], [ 140.84786557000001, 37.04193603 ], [ 140.84801678, 37.04193475 ], [ 140.84813691, 37.04193373 ], [ 140.84820688, 37.0419456 ], [ 140.8482343, 37.04196705 ], [ 140.84828533000001, 37.04201329 ], [ 140.84838309, 37.04208075 ], [ 140.84847866000001, 37.04212197 ], [ 140.84855295, 37.04216794 ], [ 140.84855353, 37.04221144 ], [ 140.84855398, 37.04224558 ], [ 140.84853121, 37.04228308 ], [ 140.84846301, 37.04240482 ], [ 140.84847293000001, 37.04256328 ], [ 140.84860069000001, 37.04284505 ], [ 140.84878096, 37.04313406 ], [ 140.84869979000001, 37.04331026 ], [ 140.84869423000001, 37.04332128 ], [ 140.84867113000001, 37.04351965 ], [ 140.84866625000001, 37.04354835 ], [ 140.84859648, 37.04354584 ], [ 140.84854823000001, 37.04370789 ], [ 140.84837738, 37.04373222 ], [ 140.84832944, 37.0437391 ], [ 140.84828842, 37.04386427 ], [ 140.84826382, 37.04389679 ], [ 140.84809782, 37.04438452 ], [ 140.84798559000001, 37.04465566 ], [ 140.84791866, 37.04467531 ], [ 140.84787138, 37.04481158 ], [ 140.84781849000001, 37.04486927 ], [ 140.84772527000001, 37.04491293 ], [ 140.84723301, 37.04501194 ], [ 140.84714199000001, 37.04510121 ], [ 140.84693823000001, 37.04523353 ], [ 140.84659215, 37.04536853 ], [ 140.84637684, 37.04540443 ], [ 140.84620054000001, 37.0454217 ], [ 140.84594242, 37.04543431 ], [ 140.84573977, 37.0454387 ], [ 140.84519252000001, 37.04547079 ], [ 140.84514036, 37.04552403 ], [ 140.84501116000001, 37.04565643 ], [ 140.84497637000001, 37.04574853 ], [ 140.84495505000001, 37.04586951 ], [ 140.84493027, 37.04597469 ], [ 140.84488349, 37.04615623 ], [ 140.84478766000001, 37.04646012 ], [ 140.84475408, 37.04664416 ], [ 140.84475134, 37.04666255 ], [ 140.84467149, 37.04720532 ], [ 140.84451011, 37.04859585 ], [ 140.84442786, 37.04933604 ], [ 140.84438018, 37.05018683 ], [ 140.84438809, 37.05028652 ], [ 140.84442026, 37.05036805 ], [ 140.84533234, 37.05009892 ], [ 140.84541694000001, 37.05007398 ], [ 140.84638909, 37.0497787 ], [ 140.84653183, 37.0497337 ], [ 140.84679939, 37.04964941 ], [ 140.84683111000001, 37.04963746 ], [ 140.84710027, 37.04953548 ], [ 140.84719655000001, 37.04949031 ], [ 140.84721401, 37.04948207 ], [ 140.84753192, 37.04928808 ], [ 140.84781037, 37.0490786 ], [ 140.84783718, 37.04904732 ], [ 140.84798421, 37.04887535 ], [ 140.84807793, 37.04867138 ], [ 140.84811486000001, 37.04849549 ], [ 140.84815223000001, 37.04773906 ], [ 140.84819848000001, 37.04753162 ], [ 140.84826839, 37.04737896 ], [ 140.8487768, 37.0465518 ], [ 140.85039791, 37.04712718 ], [ 140.85081191, 37.04765278 ], [ 140.85113503, 37.04803547 ], [ 140.85131984, 37.04825432 ], [ 140.85162542, 37.0485985 ], [ 140.85173754, 37.04867428 ], [ 140.85192857000001, 37.04876058 ], [ 140.85199741, 37.04879216 ], [ 140.85221245, 37.04883376 ], [ 140.85235454, 37.04883255 ], [ 140.85249394, 37.04882101 ], [ 140.85345777000001, 37.04873506 ], [ 140.85348215, 37.04901447 ], [ 140.85360956, 37.04907146 ], [ 140.85413902, 37.04906067 ], [ 140.85437112, 37.04922222 ], [ 140.85442296, 37.04923008 ], [ 140.85451574000001, 37.04921275 ], [ 140.85456328000001, 37.04919474 ], [ 140.85542774000001, 37.04911272 ], [ 140.85635355, 37.04889049 ], [ 140.85632464, 37.04904604 ], [ 140.85624632, 37.04917927 ], [ 140.85613948, 37.04930028 ], [ 140.85598916000001, 37.0494611 ], [ 140.85590735, 37.04952396 ], [ 140.85581718, 37.04963751 ], [ 140.85577222000001, 37.04975596 ], [ 140.85573535, 37.04989503 ], [ 140.85572439000001, 37.05004015 ], [ 140.85566277000001, 37.05006961 ], [ 140.85556983000001, 37.05007456 ], [ 140.85549475, 37.05006274 ], [ 140.85537784, 37.05001615 ], [ 140.85523726, 37.04994069 ], [ 140.85512506000001, 37.04985879 ], [ 140.85506685, 37.04975581 ], [ 140.85503023000001, 37.04972296 ], [ 140.85498584000001, 37.04972017 ], [ 140.85466692, 37.04970017 ], [ 140.85463082000001, 37.04970674 ], [ 140.85461567, 37.04972968 ], [ 140.85462395, 37.04977093 ], [ 140.85462426000001, 37.04979374 ], [ 140.85460129000001, 37.04981675 ], [ 140.85454234, 37.0498483 ], [ 140.85447790000001, 37.04986335 ], [ 140.85443665, 37.04986582 ], [ 140.85439252, 37.04984958 ], [ 140.8543378, 37.04981689 ], [ 140.85426785000001, 37.04980714 ], [ 140.85414927, 37.04982681 ], [ 140.85402808000001, 37.04984031 ], [ 140.85396084000001, 37.04983673 ], [ 140.85385187, 37.04980655 ], [ 140.85377104, 37.04975141 ], [ 140.85376547000001, 37.04971619 ], [ 140.85378464, 37.04960627 ], [ 140.85376342000001, 37.04956295 ], [ 140.85372705, 37.04954875 ], [ 140.85356539, 37.04953873 ], [ 140.85345912, 37.04951275 ], [ 140.85339668, 37.04948012 ], [ 140.85334108000001, 37.04938119 ], [ 140.85236306, 37.0492798 ], [ 140.85231493000001, 37.04929978 ], [ 140.85200914000001, 37.04937497 ], [ 140.85177982, 37.04942727 ], [ 140.85164738, 37.0494284 ], [ 140.85145926000001, 37.04943556 ], [ 140.85136370000001, 37.04958725 ], [ 140.85132442, 37.04978308 ], [ 140.85247259, 37.04962241 ], [ 140.85255619, 37.0496217 ], [ 140.8526681, 37.04964869 ], [ 140.85370194000001, 37.05006176 ], [ 140.8547629, 37.0501644 ], [ 140.85510578, 37.05026207 ], [ 140.85522494, 37.05030575 ], [ 140.85542097000001, 37.05037109 ], [ 140.85555348, 37.05037551 ], [ 140.85567883, 37.05036339 ], [ 140.85581096000001, 37.05033994 ], [ 140.85596317, 37.05025472 ], [ 140.85711180000001, 37.0494281 ], [ 140.85947680000001, 37.04845042 ], [ 140.8597754, 37.04836407 ], [ 140.85989129000001, 37.04868718 ], [ 140.85952412, 37.04961046 ], [ 140.85986813, 37.04984367 ], [ 140.86049351, 37.04974872 ], [ 140.86074895, 37.04960762 ], [ 140.86074575000001, 37.04937019 ], [ 140.86101183, 37.04918415 ], [ 140.86126925, 37.0491644 ], [ 140.86194865, 37.04887432 ], [ 140.86185736, 37.04872875 ], [ 140.86188299, 37.04870797 ], [ 140.86218144, 37.04851989 ], [ 140.86232186000001, 37.04847341 ], [ 140.86260907, 37.04849352 ], [ 140.86280652, 37.04848808 ], [ 140.86306084, 37.04851228 ], [ 140.86347197000001, 37.04865578 ], [ 140.86349556, 37.04865923 ], [ 140.86372048000001, 37.04877604 ], [ 140.86406146, 37.04894655 ], [ 140.86420187, 37.04899637 ], [ 140.86479713, 37.04926625 ], [ 140.86470629, 37.04932927 ], [ 140.86446451, 37.04953123 ], [ 140.86411556, 37.04981691 ], [ 140.86390222, 37.05003748 ], [ 140.86379724, 37.05027592 ], [ 140.86357813000001, 37.05059637 ], [ 140.86334726000001, 37.05091122 ], [ 140.86297434, 37.05151002 ], [ 140.86282847000001, 37.05177816 ], [ 140.86277242, 37.05188122 ], [ 140.86230083000001, 37.05266011 ], [ 140.86208283, 37.05306355 ], [ 140.86201291, 37.05317397 ], [ 140.86240384000001, 37.05332272 ], [ 140.86279646, 37.05348518 ], [ 140.86294792000001, 37.05355927 ], [ 140.86311029000001, 37.05373886 ], [ 140.86325333, 37.05370932 ], [ 140.86347759, 37.05359424 ], [ 140.8636647, 37.05351722 ], [ 140.86387785, 37.05328165 ], [ 140.86394331, 37.05325095 ], [ 140.86411314, 37.05328714 ], [ 140.86424514000001, 37.05331239 ], [ 140.86435365, 37.05333405 ], [ 140.86440507, 37.053311 ], [ 140.86453446, 37.05313649 ], [ 140.86473816, 37.05289719 ], [ 140.86476512, 37.05283853 ], [ 140.86481128, 37.05273824 ], [ 140.86493266, 37.05267312 ], [ 140.86500186000001, 37.05257453 ], [ 140.86503367, 37.05249125 ], [ 140.86507003, 37.05240047 ], [ 140.86519077, 37.05223638 ], [ 140.86519707, 37.05222788 ], [ 140.86532697000001, 37.05209102 ], [ 140.86550395, 37.05196129 ], [ 140.86563029000001, 37.05191873 ], [ 140.86577601, 37.05190613 ], [ 140.86595503000001, 37.05192717 ], [ 140.86597077, 37.05187621 ], [ 140.86602035000001, 37.05171738 ], [ 140.86608842000001, 37.05153587 ], [ 140.86636017000001, 37.05145804 ], [ 140.86653873, 37.05144522 ], [ 140.86655095, 37.05143969 ], [ 140.86672572000001, 37.05136073 ], [ 140.86687017, 37.05126141 ], [ 140.86689643, 37.05132581 ], [ 140.86693296000001, 37.05135802 ], [ 140.86699343000001, 37.05138643 ], [ 140.86704465, 37.05139436 ], [ 140.86710016000001, 37.05138782 ], [ 140.86714782000001, 37.05135974 ], [ 140.8677866, 37.05199853 ], [ 140.86791277, 37.05204024 ], [ 140.86801554, 37.05205349 ], [ 140.86808529000001, 37.05207407 ], [ 140.86813549, 37.05211609 ], [ 140.86816919, 37.05216606 ], [ 140.86818992, 37.05222417 ], [ 140.86819418, 37.0522984 ], [ 140.8681925, 37.05253087 ], [ 140.86836895, 37.0525822 ], [ 140.8686182, 37.05267056 ], [ 140.86887052, 37.05275903 ], [ 140.86912333000001, 37.05276809 ], [ 140.86933063000001, 37.05278142 ], [ 140.86947855, 37.0528078 ], [ 140.86957022000001, 37.05285726 ], [ 140.8696436, 37.05294462 ], [ 140.86976897, 37.05316 ], [ 140.86989654000001, 37.05330476 ], [ 140.8700201, 37.05338668 ], [ 140.87016284000001, 37.05361318 ], [ 140.87035793000001, 37.05387821 ], [ 140.87042486000001, 37.05395556 ], [ 140.87045338, 37.05397298 ], [ 140.87055364, 37.05395697 ], [ 140.87091302, 37.0538381 ], [ 140.87127861, 37.0537167 ], [ 140.87143514, 37.05368513 ], [ 140.87166873000001, 37.05366922 ], [ 140.87203577, 37.05364841 ], [ 140.87220817, 37.0536343 ], [ 140.87244332, 37.05360964 ], [ 140.87261912, 37.0536131 ], [ 140.87289917000001, 37.05366097 ], [ 140.87316511, 37.05371771 ], [ 140.87338557000001, 37.05376857 ], [ 140.8735561, 37.05384261 ], [ 140.87383206000001, 37.05405399 ], [ 140.87406642, 37.05420287 ], [ 140.87442652, 37.05436831 ], [ 140.87493175, 37.05458781 ], [ 140.87526793000001, 37.05472453 ], [ 140.87551110000001, 37.05483052 ], [ 140.8757221, 37.054884 ], [ 140.87588217000001, 37.05488006 ], [ 140.87608231, 37.0548255 ], [ 140.87622028000001, 37.05481175 ], [ 140.87635754, 37.05486715 ], [ 140.87610558, 37.05503036 ], [ 140.87566005, 37.05527836 ], [ 140.87554663, 37.05533483 ], [ 140.8738185, 37.05630131 ], [ 140.87270371, 37.05692131 ], [ 140.87205024, 37.0572848 ], [ 140.87129778, 37.05772068 ], [ 140.87125107, 37.05774777 ], [ 140.87124131, 37.05775335 ], [ 140.87026422, 37.05829199 ], [ 140.86944733000001, 37.05873932 ], [ 140.8688846, 37.05900921 ], [ 140.86864617000001, 37.05908437 ], [ 140.86855907, 37.05910653 ], [ 140.86863888, 37.05854827 ], [ 140.86886088, 37.05712224 ], [ 140.86905479000001, 37.05585991 ], [ 140.86890913, 37.0559099 ], [ 140.86887195, 37.05593359 ], [ 140.86883907000001, 37.05596387 ], [ 140.86880021, 37.05601926 ], [ 140.86877549, 37.05603616 ], [ 140.86832846, 37.05610511 ], [ 140.86828492000001, 37.05612055 ], [ 140.86824366, 37.05614759 ], [ 140.86812495000001, 37.05618375 ], [ 140.86773948000001, 37.05629708 ], [ 140.86767291000001, 37.05630427 ], [ 140.86757074, 37.05630354 ], [ 140.86748417000001, 37.05637103 ], [ 140.8674346, 37.05640146 ], [ 140.86730268, 37.05642781 ], [ 140.86663371, 37.05649924 ], [ 140.86645879, 37.05650999 ], [ 140.86638674, 37.05650836 ], [ 140.86626714, 37.05648497 ], [ 140.86611179, 37.05668168 ], [ 140.86605137000001, 37.05672219 ], [ 140.86596028, 37.05675396 ], [ 140.8658524, 37.05677271 ], [ 140.86519639, 37.05684797 ], [ 140.8648869, 37.05684545 ], [ 140.86471499000001, 37.05679935 ], [ 140.86457575, 37.05672664 ], [ 140.8644158, 37.05659082 ], [ 140.86436051000001, 37.05656828 ], [ 140.86417683, 37.05678825 ], [ 140.86392651, 37.05714059 ], [ 140.86386256, 37.05729666 ], [ 140.86380092, 37.05755134 ], [ 140.86375822, 37.057752 ], [ 140.86370446000001, 37.05805701 ], [ 140.86357305000001, 37.05887591 ], [ 140.86336213000001, 37.05885535 ], [ 140.8623208, 37.0587535 ], [ 140.86245216, 37.05792968 ], [ 140.86117194, 37.05780334 ], [ 140.86121715, 37.05747538 ], [ 140.86128401, 37.05693547 ], [ 140.86128817, 37.05682118 ], [ 140.86128123, 37.05672986 ], [ 140.86125072, 37.0565839 ], [ 140.8612144, 37.05642427 ], [ 140.86116191, 37.05634243 ], [ 140.86102395, 37.05622803 ], [ 140.85958045000001, 37.05727363 ], [ 140.85866250000001, 37.05793859 ], [ 140.85820922, 37.05796277 ], [ 140.85807027000001, 37.0579703 ], [ 140.85807515, 37.05801374 ], [ 140.85808269, 37.05807225 ], [ 140.85808019000001, 37.05813715 ], [ 140.85806281000001, 37.05826616 ], [ 140.85804285, 37.05837086 ], [ 140.85803926, 37.05843848 ], [ 140.85804417, 37.05863668 ], [ 140.85807849, 37.05909866 ], [ 140.85794687000001, 37.05917729 ], [ 140.8579435, 37.05934493 ], [ 140.85785993, 37.05940152 ], [ 140.85785349, 37.0595079 ], [ 140.85784019, 37.05960624 ], [ 140.85783072000001, 37.05978859 ], [ 140.8576702, 37.05981147 ], [ 140.85773837, 37.06028918 ], [ 140.85767603, 37.06031091 ], [ 140.85722819, 37.0604348 ], [ 140.85678073, 37.06058642 ], [ 140.85666448000001, 37.06062966 ], [ 140.85658886, 37.06066382 ], [ 140.856667, 37.0607522 ], [ 140.85687742, 37.06095103 ], [ 140.85715242000001, 37.06119626 ], [ 140.85738415, 37.0613992 ], [ 140.85751149000001, 37.06152673 ], [ 140.85957278000001, 37.06011756 ], [ 140.85971863, 37.06001535 ], [ 140.8600788, 37.06034248 ], [ 140.86090203000001, 37.0603526 ], [ 140.8619445, 37.05976967 ], [ 140.86231301000001, 37.05956246 ], [ 140.86314801, 37.06051596 ], [ 140.86261095, 37.06080968 ], [ 140.8623968, 37.06105808 ], [ 140.86185563000001, 37.06129516 ], [ 140.86183258, 37.06130528 ], [ 140.861023, 37.06165022 ], [ 140.86113473, 37.06206595 ], [ 140.86333059, 37.06185767 ], [ 140.86390222, 37.06178766 ], [ 140.86412009, 37.06180161 ], [ 140.86433871, 37.0618711 ], [ 140.86512467, 37.06218296 ], [ 140.86513353000001, 37.06216296 ], [ 140.86645778, 37.06275041 ], [ 140.86677496, 37.06283881 ], [ 140.86717250000001, 37.06286738 ], [ 140.86765339, 37.06284305 ], [ 140.86775435000001, 37.06283788 ], [ 140.86808621, 37.06279782 ], [ 140.86839668, 37.06276033 ], [ 140.86870179, 37.06273627 ], [ 140.86938096, 37.06277089 ], [ 140.86954706, 37.06276944 ], [ 140.86980651, 37.06275337 ], [ 140.86996537, 37.06278113 ], [ 140.87026859, 37.06290203 ], [ 140.87051528000001, 37.06300041 ], [ 140.87149865000001, 37.06350354 ], [ 140.87180405000001, 37.06362949 ], [ 140.87195467000001, 37.0636916 ], [ 140.87214498, 37.06379095 ], [ 140.87242183000001, 37.06392925 ], [ 140.87280277, 37.06421582 ], [ 140.87297598000001, 37.06431687 ], [ 140.87319450000001, 37.06437768 ], [ 140.8735049, 37.06439403 ], [ 140.87352228, 37.06439296 ], [ 140.8736499, 37.06438508 ], [ 140.87394620000001, 37.0642754 ], [ 140.8742676, 37.06411263 ], [ 140.87443423, 37.06400873 ], [ 140.87469855000001, 37.06379683 ], [ 140.8750034, 37.06361203 ], [ 140.87558168000001, 37.0634703 ], [ 140.87606493000001, 37.06336903 ], [ 140.87595938000001, 37.06330815 ], [ 140.87592606000001, 37.06328634 ], [ 140.87592527000001, 37.06322897 ], [ 140.87586457, 37.06321627 ], [ 140.87587464000001, 37.06315001 ], [ 140.87601216, 37.06314 ], [ 140.87604612000001, 37.06280417 ], [ 140.87637072000001, 37.06277928 ], [ 140.87639044, 37.06301304 ], [ 140.87634235, 37.06311942 ], [ 140.87628337000001, 37.06323905 ], [ 140.87628945, 37.06327878 ], [ 140.87637289, 37.06333542 ], [ 140.87639025, 37.063397 ], [ 140.87639116, 37.06346317 ], [ 140.87640268000001, 37.06350285 ], [ 140.87642545, 37.06355566 ], [ 140.87655326000001, 37.06363831 ], [ 140.87681752, 37.06383239 ], [ 140.87728448, 37.06415043 ], [ 140.87771197000001, 37.0644027 ], [ 140.87790468, 37.06447788 ], [ 140.87803319, 37.06452792 ], [ 140.87830992, 37.06463136 ], [ 140.87880745000001, 37.06476376 ], [ 140.87922167, 37.06484838 ], [ 140.87924238, 37.06475119 ], [ 140.8793945, 37.06440334 ], [ 140.87952128000001, 37.06441102 ], [ 140.87959323000001, 37.06443693 ], [ 140.87969863000001, 37.0644933 ], [ 140.87987691000001, 37.06463745 ], [ 140.88002215, 37.06478619 ], [ 140.88022821000001, 37.06495649 ], [ 140.8803839, 37.06506107 ], [ 140.88043369, 37.0650783 ], [ 140.88064293, 37.06547364 ], [ 140.8810227, 37.06605502 ], [ 140.88115383, 37.06620008 ], [ 140.88127997000001, 37.06633962 ], [ 140.88154664000001, 37.06650939 ], [ 140.88197848, 37.06667339 ], [ 140.88244803000001, 37.06686438 ], [ 140.88246772, 37.06687167 ], [ 140.88216618000001, 37.06739163 ], [ 140.88145565, 37.06870559 ], [ 140.88189568000001, 37.0686598 ], [ 140.88215711000001, 37.06863299 ], [ 140.88240515000001, 37.06858532 ], [ 140.88248754, 37.06854615 ], [ 140.88279191000001, 37.0684665 ], [ 140.88317929, 37.06840013 ], [ 140.8835106, 37.06837622 ] ] ] } },
{ "type": "Feature", "properties": { "DIDid": 720402, "行政コード": "07204", "市町村名称": "いわき市", "DID符号": 2, "人口": 39016, "面積": 14.61, "前回人口": 36227, "前回面積": 14.41, "人口割合": 11.1, "面積割合": 1.2, "調査年度": 2015 }, "geometry": { "type": "Polygon", "coordinates": [ [ [ 140.89316492, 36.96705356 ], [ 140.89316753, 36.96693203 ], [ 140.89337398000001, 36.96693849 ], [ 140.89359755000001, 36.96694065 ], [ 140.89363704, 36.96693481 ], [ 140.89375223, 36.96681368 ], [ 140.8938474, 36.96673011 ], [ 140.89392918, 36.96667412 ], [ 140.89408711, 36.96659893 ], [ 140.89415883000001, 36.9665569 ], [ 140.89429326000001, 36.9664577 ], [ 140.89444865, 36.96637634 ], [ 140.89462128, 36.96630447 ], [ 140.89507493, 36.96609401 ], [ 140.89515853, 36.96604912 ], [ 140.89535292, 36.96587012 ], [ 140.89547667, 36.96574074 ], [ 140.89588712, 36.9652882 ], [ 140.89600474, 36.96502738 ], [ 140.89602672000001, 36.9649358 ], [ 140.89605702, 36.96469174 ], [ 140.89608505000001, 36.96465685 ], [ 140.89650281, 36.96436539 ], [ 140.89663573000001, 36.9645233 ], [ 140.89675057, 36.96444737 ], [ 140.8972973, 36.96410541 ], [ 140.89781729000001, 36.96361929 ], [ 140.89799909000001, 36.96345088 ], [ 140.89802029000001, 36.96342302 ], [ 140.89810112000001, 36.96334972 ], [ 140.89811363000001, 36.96332194 ], [ 140.89809741, 36.96324084 ], [ 140.89809703, 36.96321318 ], [ 140.89813535, 36.96318003 ], [ 140.89777776, 36.96278991 ], [ 140.89744878, 36.96244979 ], [ 140.89746909, 36.96235795 ], [ 140.89749201000001, 36.96222715 ], [ 140.89761269, 36.96145519 ], [ 140.89767275, 36.96115545 ], [ 140.89773157, 36.96100067 ], [ 140.89778150000001, 36.96086316 ], [ 140.8978077, 36.96077239 ], [ 140.89786722, 36.96066168 ], [ 140.89854698, 36.96000178 ], [ 140.89858624, 36.9600053 ], [ 140.89858911, 36.9600347 ], [ 140.89854337, 36.96013965 ], [ 140.89853238000001, 36.96018875 ], [ 140.89853231000001, 36.96035398 ], [ 140.89855468, 36.96037934 ], [ 140.89865363000001, 36.96044146 ], [ 140.89872075, 36.96051168 ], [ 140.89885892000001, 36.9609275 ], [ 140.8989494, 36.96091092 ], [ 140.89899309, 36.96105612 ], [ 140.89901259000001, 36.96113367 ], [ 140.8990644, 36.96116263 ], [ 140.89915344, 36.961219 ], [ 140.89920049, 36.96125201 ], [ 140.89926014, 36.96130851 ], [ 140.89930497, 36.96135921 ], [ 140.89932779, 36.96141019 ], [ 140.89934310000001, 36.96145722 ], [ 140.89934753, 36.96156778 ], [ 140.89955304, 36.96160881 ], [ 140.899718, 36.96162339 ], [ 140.89985505000001, 36.96163117 ], [ 140.89983507, 36.96167021 ], [ 140.89983134, 36.96172381 ], [ 140.89981978, 36.96177573 ], [ 140.89979749, 36.96185105 ], [ 140.89976438, 36.96191077 ], [ 140.89974154000001, 36.961953 ], [ 140.89973748, 36.96198246 ], [ 140.89972318, 36.96207735 ], [ 140.89969439000001, 36.96220855 ], [ 140.89965734, 36.96234461 ], [ 140.8996244, 36.96241777 ], [ 140.89954875000001, 36.96257931 ], [ 140.89953148000001, 36.9626241 ], [ 140.89952631, 36.96265013 ], [ 140.89952069, 36.96272523 ], [ 140.89951233, 36.96280527 ], [ 140.8994817, 36.96292347 ], [ 140.89965051, 36.96294385 ], [ 140.89985816000001, 36.96296832 ], [ 140.89999603000001, 36.96299017 ], [ 140.90010352, 36.96304187 ], [ 140.90022169, 36.96312979 ], [ 140.90041614, 36.96330841 ], [ 140.90061360000001, 36.96348292 ], [ 140.90088853, 36.96369539 ], [ 140.90100163, 36.9637842 ], [ 140.90112958, 36.96383078 ], [ 140.90154569000001, 36.96393736 ], [ 140.90195355, 36.96403754 ], [ 140.90209355, 36.96384768 ], [ 140.90215439, 36.9637944 ], [ 140.90231739000001, 36.96370564 ], [ 140.90265321000001, 36.96372325 ], [ 140.90290356, 36.96371438 ], [ 140.90289052, 36.96366008 ], [ 140.90289034, 36.96364691 ], [ 140.90344653, 36.96364529 ], [ 140.90346877, 36.963617 ], [ 140.90348301, 36.96346206 ], [ 140.90351336000001, 36.96343046 ], [ 140.9039119, 36.96308347 ], [ 140.90427405, 36.96295764 ], [ 140.90430158000001, 36.96315761 ], [ 140.90578467, 36.96325069 ], [ 140.90577542, 36.96330392 ], [ 140.90582625, 36.96360682 ], [ 140.90590979000001, 36.96423445 ], [ 140.90592039000001, 36.96437691 ], [ 140.90594418000001, 36.96437149 ], [ 140.90615381000001, 36.96433651 ], [ 140.90662664000001, 36.9643019 ], [ 140.90693412, 36.96413749 ], [ 140.90693778, 36.96413619 ], [ 140.90728668, 36.96401026 ], [ 140.90746545, 36.9639581 ], [ 140.9077749, 36.96391602 ], [ 140.90832903, 36.96382928 ], [ 140.90850171, 36.96380617 ], [ 140.9088981, 36.96395705 ], [ 140.90896001, 36.96401745 ], [ 140.90909414000001, 36.96407854 ], [ 140.90919837000001, 36.96411625 ], [ 140.90930052, 36.96414355 ], [ 140.90944226, 36.96421506 ], [ 140.90981365, 36.96397326 ], [ 140.9100648, 36.96380322 ], [ 140.91007412, 36.96347416 ], [ 140.91115516, 36.96348063 ], [ 140.91107862000001, 36.96343388 ], [ 140.9109149, 36.96324669 ], [ 140.91075685000001, 36.96306248 ], [ 140.91010333, 36.9630565 ], [ 140.90952386000001, 36.96304387 ], [ 140.90892940000001, 36.96302559 ], [ 140.90895637, 36.96260422 ], [ 140.90897845000001, 36.96215318 ], [ 140.91096906000001, 36.96220232 ], [ 140.9108848, 36.96167685 ], [ 140.91067754, 36.96158038 ], [ 140.91053182, 36.96119999 ], [ 140.91043181000001, 36.96117548 ], [ 140.91055392000001, 36.96068192 ], [ 140.91065818000001, 36.96068457 ], [ 140.91072566, 36.96061722 ], [ 140.91079968, 36.96053425 ], [ 140.91084303, 36.9604543 ], [ 140.91087961, 36.96038547 ], [ 140.91101298000001, 36.96038701 ], [ 140.91115198, 36.96030894 ], [ 140.91114235000001, 36.95938206 ], [ 140.9111659, 36.95935981 ], [ 140.91154470000001, 36.95931533 ], [ 140.91156878000001, 36.95928083 ], [ 140.91154342, 36.95922474 ], [ 140.91148446, 36.95916768 ], [ 140.91148365000001, 36.95911011 ], [ 140.91151647000001, 36.9590111 ], [ 140.91150547000001, 36.95895911 ], [ 140.91154198000001, 36.95887915 ], [ 140.9116453, 36.95869729 ], [ 140.91168651000001, 36.95862088 ], [ 140.91175525, 36.95849325 ], [ 140.91172515, 36.95841813 ], [ 140.91166331, 36.95839398 ], [ 140.91152288000001, 36.9583761 ], [ 140.91143371000001, 36.95835501 ], [ 140.91135116000001, 36.95831732 ], [ 140.91128217, 36.95827127 ], [ 140.91123771, 36.95826619 ], [ 140.91115970000001, 36.95830808 ], [ 140.91105416, 36.95833924 ], [ 140.91094479, 36.95833474 ], [ 140.91083864000001, 36.95832197 ], [ 140.91071511000001, 36.95829021 ], [ 140.91058825, 36.95825841 ], [ 140.91057519, 36.95830239 ], [ 140.91035590000001, 36.95826052 ], [ 140.91036442000001, 36.95813703 ], [ 140.91041484, 36.95807898 ], [ 140.91045885, 36.95804564 ], [ 140.91051353, 36.95804796 ], [ 140.91056165000001, 36.95806942 ], [ 140.91057579, 36.95810224 ], [ 140.91058675, 36.95815142 ], [ 140.91059409, 36.95818704 ], [ 140.91062495, 36.95819775 ], [ 140.91071392000001, 36.95820518 ], [ 140.91082326, 36.95820144 ], [ 140.91084348000001, 36.95817929 ], [ 140.91089331000001, 36.95808007 ], [ 140.91095598000001, 36.95792047 ], [ 140.91098681, 36.957923 ], [ 140.91113224, 36.95805876 ], [ 140.91117603000001, 36.95805343 ], [ 140.91131268000001, 36.95788935 ], [ 140.91132648000001, 36.95786072 ], [ 140.91133638, 36.95780353 ], [ 140.91129078, 36.95766793 ], [ 140.91131054, 36.95761284 ], [ 140.91137871000001, 36.95760124 ], [ 140.9114271, 36.95764198 ], [ 140.91149966, 36.95769891 ], [ 140.9115793, 36.95776676 ], [ 140.91167419000001, 36.95783307 ], [ 140.91185263, 36.95790882 ], [ 140.91191145, 36.95804247 ], [ 140.91194081, 36.95807754 ], [ 140.91203684000001, 36.95810673 ], [ 140.91216671000001, 36.95810288 ], [ 140.91224497, 36.95807232 ], [ 140.91227567000001, 36.95804149 ], [ 140.91226492000001, 36.95796935 ], [ 140.91222115, 36.95790118 ], [ 140.91217423000001, 36.9578588 ], [ 140.91204569000001, 36.95776387 ], [ 140.91202122000001, 36.95772023 ], [ 140.91199055000001, 36.95772868 ], [ 140.91191456000001, 36.95767178 ], [ 140.91181075, 36.95758225 ], [ 140.91171324000001, 36.95745424 ], [ 140.91192046, 36.95736182 ], [ 140.91198483, 36.95732287 ], [ 140.91211018000001, 36.95724767 ], [ 140.91216557000001, 36.95729377 ], [ 140.91236515, 36.95739341 ], [ 140.91247725, 36.95734311 ], [ 140.91274597, 36.95749971 ], [ 140.91269843000001, 36.95751936 ], [ 140.91275424, 36.95760108 ], [ 140.91280644, 36.95766369 ], [ 140.91287228, 36.95772898 ], [ 140.91303392, 36.95780151 ], [ 140.91318753, 36.9577892 ], [ 140.91299613000001, 36.95766612 ], [ 140.91293326, 36.95756792 ], [ 140.91283920000001, 36.95744261 ], [ 140.91274557, 36.9573475 ], [ 140.91267247, 36.95725221 ], [ 140.91259718000001, 36.95724459 ], [ 140.91252424000001, 36.95716027 ], [ 140.91245743, 36.95703191 ], [ 140.91266018, 36.95686554 ], [ 140.9128893, 36.95687719 ], [ 140.91296438000001, 36.95711242 ], [ 140.91295477, 36.95715911 ], [ 140.91310351000001, 36.95728667 ], [ 140.9132144, 36.95739267 ], [ 140.91334921000001, 36.95744115 ], [ 140.91337917000001, 36.95754373 ], [ 140.91341922000001, 36.9576156 ], [ 140.91349867, 36.95767528 ], [ 140.91357193, 36.95769468 ], [ 140.91365943, 36.9576848 ], [ 140.91373331, 36.957649 ], [ 140.91375364000001, 36.95758518 ], [ 140.91369418, 36.95748694 ], [ 140.91362115000001, 36.95739714 ], [ 140.91361953000001, 36.95728198 ], [ 140.9133047, 36.95725189 ], [ 140.91323428000001, 36.95710448 ], [ 140.91331925, 36.95707083 ], [ 140.91335965, 36.95704265 ], [ 140.91336994, 36.95701405 ], [ 140.91335129000001, 36.95695416 ], [ 140.91330066, 36.95690323 ], [ 140.91324317, 36.95686377 ], [ 140.9131497, 36.95680463 ], [ 140.91307415, 36.95675393 ], [ 140.91306488000001, 36.95672472 ], [ 140.91308417, 36.95670526 ], [ 140.91312664, 36.95668777 ], [ 140.91323687, 36.95667254 ], [ 140.91330111, 36.95668048 ], [ 140.91344446, 36.95674324 ], [ 140.91351356000001, 36.95679753 ], [ 140.91355361000001, 36.9568506 ], [ 140.91363659000001, 36.95691841 ], [ 140.91372933, 36.95695045 ], [ 140.91381150000001, 36.95696068 ], [ 140.91387003, 36.9569931 ], [ 140.91394605, 36.95705274 ], [ 140.91413203, 36.9571525 ], [ 140.91428322, 36.95721146 ], [ 140.91433135, 36.9572275 ], [ 140.91442918000001, 36.95714163 ], [ 140.91450992, 36.9570448 ], [ 140.91463014000001, 36.95684898 ], [ 140.91469991, 36.95670853 ], [ 140.9148286, 36.95632304 ], [ 140.91489576000001, 36.95601653 ], [ 140.91494063, 36.95582111 ], [ 140.91498981000001, 36.95559517 ], [ 140.91500265, 36.95549184 ], [ 140.91498755000001, 36.95543468 ], [ 140.91495955, 36.95538438 ], [ 140.91487174, 36.95533477 ], [ 140.91475268, 36.95530228 ], [ 140.91459494, 36.95524493 ], [ 140.91441954000001, 36.95517373 ], [ 140.91435612000001, 36.95512397 ], [ 140.91428839, 36.95502377 ], [ 140.91424254, 36.9549823 ], [ 140.91418986, 36.95496039 ], [ 140.91412750000001, 36.95498616 ], [ 140.91402381, 36.95505426 ], [ 140.91389234, 36.95513093 ], [ 140.91367276, 36.95526035 ], [ 140.91362737, 36.95525795 ], [ 140.91349576, 36.95531793 ], [ 140.91335664, 36.95534989 ], [ 140.91327675, 36.95537032 ], [ 140.91319312, 36.95537383 ], [ 140.91314741, 36.95534904 ], [ 140.91308328, 36.95524888 ], [ 140.91292143000001, 36.95490053 ], [ 140.91281683, 36.95465521 ], [ 140.91272728000001, 36.95436351 ], [ 140.91269740000001, 36.9542912 ], [ 140.91258432000001, 36.95409144 ], [ 140.91214165, 36.95347861 ], [ 140.91201011000001, 36.95327613 ], [ 140.91186396000001, 36.95308259 ], [ 140.91175333000001, 36.95293166 ], [ 140.91161832, 36.95274992 ], [ 140.91156579, 36.95267654 ], [ 140.91135732000001, 36.95223575 ], [ 140.91117447, 36.95191462 ], [ 140.91095235, 36.95153266 ], [ 140.91077925, 36.95124312 ], [ 140.91070305, 36.95115743 ], [ 140.91058412000001, 36.9510208 ], [ 140.91074130000001, 36.95095763 ], [ 140.91090004, 36.95086897 ], [ 140.91103438, 36.95079699 ], [ 140.91112159, 36.95072376 ], [ 140.91122558000001, 36.95060841 ], [ 140.91141157000001, 36.95070381 ], [ 140.91157254000001, 36.95062991 ], [ 140.91175352, 36.9506629 ], [ 140.91192407, 36.95068931 ], [ 140.91197792, 36.95072669 ], [ 140.91208193, 36.95075616 ], [ 140.91221782, 36.95079449 ], [ 140.91223653, 36.95080911 ], [ 140.91225323, 36.95083036 ], [ 140.91226954000001, 36.95082366 ], [ 140.91227751, 36.95081042 ], [ 140.91228290000001, 36.9507511 ], [ 140.91238888000001, 36.95070233 ], [ 140.91247019, 36.95065224 ], [ 140.91302107000001, 36.95044807 ], [ 140.91312039, 36.95028828 ], [ 140.91317669, 36.95021208 ], [ 140.91326971000001, 36.9501157 ], [ 140.91330566, 36.95004631 ], [ 140.91335115000001, 36.94992565 ], [ 140.91337413, 36.9498135 ], [ 140.91336588, 36.94952057 ], [ 140.91340822000001, 36.9493194 ], [ 140.91345703, 36.94921603 ], [ 140.91350574000001, 36.94918102 ], [ 140.91371194000001, 36.94911163 ], [ 140.91398781000001, 36.94904336 ], [ 140.91409823000001, 36.94894274 ], [ 140.91416441000001, 36.94884005 ], [ 140.91416892000001, 36.94871815 ], [ 140.91415726, 36.94861955 ], [ 140.91409599, 36.9484917 ], [ 140.9140079, 36.94835909 ], [ 140.91426121000001, 36.94834622 ], [ 140.91448371000001, 36.9483442 ], [ 140.91469275, 36.94835771 ], [ 140.91485816, 36.94840035 ], [ 140.91505408, 36.94846031 ], [ 140.91522271, 36.9485315 ], [ 140.91536657, 36.94860087 ], [ 140.91552053000001, 36.94870198 ], [ 140.91570936, 36.94884359 ], [ 140.91582615, 36.94894616 ], [ 140.91595921000001, 36.94902654 ], [ 140.91610851, 36.94909573 ], [ 140.91621881, 36.94912344 ], [ 140.91637326, 36.94915949 ], [ 140.91652160000001, 36.94916039 ], [ 140.9167084, 36.94915869 ], [ 140.91697484, 36.94914957 ], [ 140.91692181, 36.94908366 ], [ 140.91687765, 36.94906245 ], [ 140.91679971, 36.94904683 ], [ 140.91683329, 36.94879709 ], [ 140.91673801, 36.94862857 ], [ 140.91710681000001, 36.94842717 ], [ 140.91710247, 36.94836216 ], [ 140.91711833, 36.94828619 ], [ 140.9171715, 36.94822601 ], [ 140.91723781, 36.94813867 ], [ 140.91728697, 36.9480298 ], [ 140.91728896000001, 36.94793488 ], [ 140.91723667, 36.94781603 ], [ 140.91717742, 36.94768914 ], [ 140.91708319, 36.94759369 ], [ 140.91715301, 36.9475199 ], [ 140.91718610000001, 36.94746532 ], [ 140.91721506, 36.94736748 ], [ 140.91729611, 36.94736132 ], [ 140.91741712000001, 36.94732227 ], [ 140.91750772, 36.94727808 ], [ 140.91758250000001, 36.94719467 ], [ 140.91767539, 36.94707724 ], [ 140.91770441, 36.94697665 ], [ 140.91772325, 36.94687623 ], [ 140.91771546000001, 36.94680301 ], [ 140.91768515000001, 36.94680596 ], [ 140.91763193, 36.94662763 ], [ 140.91763834, 36.94660314 ], [ 140.91778379, 36.94638216 ], [ 140.91782735000001, 36.94635466 ], [ 140.91786779, 36.94634887 ], [ 140.91811861, 36.94640895 ], [ 140.91830490000001, 36.9464452 ], [ 140.91848095, 36.9464707 ], [ 140.91864498000001, 36.94648405 ], [ 140.91872675, 36.94653491 ], [ 140.918795, 36.94658582 ], [ 140.91886276, 36.94660139 ], [ 140.91894046, 36.94660068 ], [ 140.91901844, 36.94661898 ], [ 140.91909993, 36.94665076 ], [ 140.91924985, 36.94673887 ], [ 140.91940589000001, 36.94678891 ], [ 140.91959886000001, 36.94681967 ], [ 140.91969678000001, 36.9468161 ], [ 140.91972675, 36.9467833 ], [ 140.91977329, 36.94673141 ], [ 140.91976511, 36.94663109 ], [ 140.91973307000001, 36.94651755 ], [ 140.9195766, 36.94631967 ], [ 140.91941874, 36.94614764 ], [ 140.91930981, 36.94608626 ], [ 140.91913956, 36.94598756 ], [ 140.9190543, 36.94593139 ], [ 140.91899252, 36.9458669 ], [ 140.91870165, 36.94571637 ], [ 140.91858903, 36.94563601 ], [ 140.91850707, 36.94557171 ], [ 140.91843175, 36.9455046 ], [ 140.91837082000001, 36.94549424 ], [ 140.91831986, 36.94547577 ], [ 140.91830959000001, 36.94522101 ], [ 140.9182196, 36.94507272 ], [ 140.91814087, 36.94500029 ], [ 140.91827941, 36.94487991 ], [ 140.91809518, 36.94474029 ], [ 140.91772178, 36.94447251 ], [ 140.91741959000001, 36.94428983 ], [ 140.91730328, 36.94418388 ], [ 140.91715868, 36.9440432 ], [ 140.91693695000001, 36.94385669 ], [ 140.91689692, 36.94382312 ], [ 140.91685657, 36.94377266 ], [ 140.91682419, 36.94372213 ], [ 140.91673636, 36.94366991 ], [ 140.91668297000001, 36.94362809 ], [ 140.91664409000001, 36.94358282 ], [ 140.91661924, 36.9435068 ], [ 140.91659225000001, 36.9434646 ], [ 140.91653094, 36.94342073 ], [ 140.91648532, 36.94337025 ], [ 140.91646195000001, 36.94333646 ], [ 140.91661764, 36.94330019 ], [ 140.91692059, 36.94325716 ], [ 140.91703897, 36.94323066 ], [ 140.91711227, 36.9431855 ], [ 140.91725821, 36.94304851 ], [ 140.91739792000001, 36.94294247 ], [ 140.91734099000001, 36.94283697 ], [ 140.91723601000001, 36.94269388 ], [ 140.91707840000001, 36.94256388 ], [ 140.91692708, 36.94249958 ], [ 140.91678767, 36.94242848 ], [ 140.91685509000001, 36.94184233 ], [ 140.91705144, 36.94186595 ], [ 140.91718901, 36.941888 ], [ 140.91741729, 36.94188705 ], [ 140.91770183, 36.94188213 ], [ 140.91758882, 36.9416433 ], [ 140.91756067, 36.9415878 ], [ 140.91752404, 36.94145289 ], [ 140.9174549, 36.94122148 ], [ 140.91743049, 36.94113292 ], [ 140.91742686000001, 36.94106234 ], [ 140.9174429, 36.9410056 ], [ 140.91745079, 36.94096828 ], [ 140.91744308, 36.94094385 ], [ 140.91740154, 36.94090875 ], [ 140.91713645, 36.94075009 ], [ 140.91666874000001, 36.94063361 ], [ 140.91620763, 36.94060055 ], [ 140.91626462, 36.94069289 ], [ 140.91523458, 36.94166172 ], [ 140.91522934, 36.94166667 ], [ 140.91489883, 36.94197753 ], [ 140.91354820000001, 36.94273367 ], [ 140.91327458000001, 36.94288005 ], [ 140.9131482, 36.94295895 ], [ 140.91309903000001, 36.94298144 ], [ 140.91309903000001, 36.94299284 ], [ 140.91307791, 36.94299284 ], [ 140.91295875, 36.94306033 ], [ 140.9129307, 36.94307172 ], [ 140.91276209, 36.94317867 ], [ 140.91264292, 36.94324644 ], [ 140.91256569000001, 36.94329144 ], [ 140.91249542, 36.9433195 ], [ 140.91228489, 36.94344367 ], [ 140.91217961000001, 36.94350561 ], [ 140.912131, 36.94352811 ], [ 140.91206073000001, 36.94357311 ], [ 140.91204655000001, 36.94357895 ], [ 140.91194128000001, 36.94364089 ], [ 140.91189239, 36.94366339 ], [ 140.91177856, 36.9437335 ], [ 140.91130988, 36.94400703 ], [ 140.91083267, 36.94428286 ], [ 140.91076239, 36.94421536 ], [ 140.91034128000001, 36.94370286 ], [ 140.91022905, 36.94377592 ], [ 140.91021489, 36.94377592 ], [ 140.91018683, 36.94379869 ], [ 140.91065017, 36.94438425 ], [ 140.91048183000001, 36.94448008 ], [ 140.91035545, 36.94455341 ], [ 140.91029934, 36.94457592 ], [ 140.91025711, 36.94460953 ], [ 140.91021489, 36.94463231 ], [ 140.91007462, 36.94473369 ], [ 140.90999047, 36.94480675 ], [ 140.90973742, 36.94502975 ], [ 140.90934403, 36.94503384 ], [ 140.90934403, 36.94510656 ], [ 140.90972105, 36.9450852 ], [ 140.90987630000001, 36.94529508 ], [ 140.90956936000001, 36.94547731 ], [ 140.90940798, 36.94548286 ], [ 140.90927019, 36.94545786 ], [ 140.90909936, 36.94542675 ], [ 140.90855737000001, 36.94542789 ], [ 140.90847134000001, 36.94542808 ], [ 140.90835603, 36.94542833 ], [ 140.90833333, 36.94542839 ], [ 140.90808275000001, 36.94542889 ], [ 140.90801267000001, 36.94542905 ], [ 140.9076782, 36.94542975 ], [ 140.90679503000001, 36.9421808 ], [ 140.90671394, 36.94217456 ], [ 140.90612156, 36.942129 ], [ 140.90597791, 36.94166667 ], [ 140.90597639000001, 36.94166175 ], [ 140.9057573, 36.94095641 ], [ 140.90573795, 36.94089411 ], [ 140.9052155, 36.94098972 ], [ 140.90541849, 36.94166175 ], [ 140.90542, 36.94166667 ], [ 140.90586953, 36.94315477 ], [ 140.9047417, 36.94337728 ], [ 140.90498031000001, 36.94438517 ], [ 140.90467481, 36.94473186 ], [ 140.90315669, 36.9446568 ], [ 140.90276945, 36.94468128 ], [ 140.90277094000001, 36.94451227 ], [ 140.90218153000001, 36.94236425 ], [ 140.90198316, 36.94166667 ], [ 140.90198175, 36.94166175 ], [ 140.90188594, 36.9413248 ], [ 140.90105095000001, 36.94111064 ], [ 140.90002261000001, 36.94124508 ], [ 140.9, 36.94124805 ], [ 140.89973672, 36.94128244 ], [ 140.89981750000001, 36.94166175 ], [ 140.89981856, 36.94166667 ], [ 140.9, 36.94251875 ], [ 140.90002263, 36.94262508 ], [ 140.90023183, 36.94360741 ], [ 140.90002267, 36.94371825 ], [ 140.9, 36.94373025 ], [ 140.89995533000001, 36.94375395 ], [ 140.89801073000001, 36.94314277 ], [ 140.89763241, 36.94166667 ], [ 140.89763114, 36.94166175 ], [ 140.89761983, 36.94161759 ], [ 140.8975055, 36.94120177 ], [ 140.89717064000001, 36.93992731 ], [ 140.89512897, 36.93913286 ], [ 140.89510092, 36.93903147 ], [ 140.89486231000001, 36.93907092 ], [ 140.89553136000001, 36.94166177 ], [ 140.89553263, 36.94166667 ], [ 140.89572514, 36.94241205 ], [ 140.89544063, 36.94253595 ], [ 140.89347594, 36.94175705 ], [ 140.893269, 36.94166817 ], [ 140.89326861000001, 36.94166667 ], [ 140.89326733, 36.94166177 ], [ 140.89215394, 36.93740897 ], [ 140.89172156000001, 36.93716203 ], [ 140.89168922, 36.93714386 ], [ 140.89169050000001, 36.9371139 ], [ 140.89115752000001, 36.93684536 ], [ 140.89023117, 36.93782592 ], [ 140.88942992, 36.93868975 ], [ 140.88904525000001, 36.93909689 ], [ 140.88899134, 36.93915392 ], [ 140.88892397000001, 36.93922522 ], [ 140.88925564, 36.93944261 ], [ 140.88905231000001, 36.93966233 ], [ 140.88869425, 36.93946511 ], [ 140.88840647000001, 36.93975817 ], [ 140.88560647, 36.93807059 ], [ 140.88518808000001, 36.93849144 ], [ 140.88498514, 36.9383592 ], [ 140.88539389, 36.93795072 ], [ 140.88514236, 36.93779086 ], [ 140.88830355, 36.93438636 ], [ 140.88652886, 36.93333333 ], [ 140.88652053000001, 36.93332839 ], [ 140.88421341, 36.93195944 ], [ 140.88335581000001, 36.93288461 ], [ 140.88333333, 36.93290886 ], [ 140.88294445, 36.93332839 ], [ 140.88293986, 36.93333333 ], [ 140.88177814, 36.93458659 ], [ 140.87961477, 36.93333333 ], [ 140.87960628, 36.93332839 ], [ 140.87909004, 36.93302935 ], [ 140.87980172, 36.93225941 ], [ 140.88096421, 36.93099695 ], [ 140.88275594000001, 36.92904845 ], [ 140.88144708, 36.92827304 ], [ 140.88128017, 36.92817431 ], [ 140.88049064, 36.92770727 ], [ 140.88004515, 36.92818358 ], [ 140.88004359000001, 36.92818521 ], [ 140.8799104, 36.92832768 ], [ 140.87899604, 36.92932131 ], [ 140.87788056, 36.93054127 ], [ 140.87785612, 36.93056807 ], [ 140.87733420000001, 36.93113885 ], [ 140.87701629, 36.93148924 ], [ 140.87699105, 36.93155477 ], [ 140.87725772, 36.93170117 ], [ 140.87588217000001, 36.93313759 ], [ 140.87586, 36.933142 ], [ 140.87483994, 36.93260788 ], [ 140.87402248000001, 36.93341255 ], [ 140.87362288, 36.93382874 ], [ 140.87342718, 36.93404496 ], [ 140.87324585, 36.93425465 ], [ 140.8730582, 36.93448883 ], [ 140.87292268, 36.93467475 ], [ 140.87280577000001, 36.93482988 ], [ 140.87272901, 36.93496389 ], [ 140.87268533, 36.9349697 ], [ 140.87265020000001, 36.93503125 ], [ 140.87255476000001, 36.93519162 ], [ 140.87243107, 36.93542876 ], [ 140.8723789, 36.9355527 ], [ 140.87234768, 36.93565026 ], [ 140.87232892, 36.93567662 ], [ 140.87167686000001, 36.93526975 ], [ 140.87097731, 36.93483316 ], [ 140.87109145, 36.93464208 ], [ 140.87132744, 36.93432998 ], [ 140.87115238000001, 36.9342504 ], [ 140.87145784000001, 36.93384222 ], [ 140.87162165000001, 36.93362754 ], [ 140.87169170000001, 36.93353562 ], [ 140.87189338, 36.93326168 ], [ 140.87201473, 36.93310384 ], [ 140.87207764, 36.93302219 ], [ 140.87218167, 36.93291406 ], [ 140.87241639000001, 36.93267771 ], [ 140.87273961, 36.93233879 ], [ 140.87319573, 36.93186797 ], [ 140.87342625, 36.93164262 ], [ 140.87345721, 36.9316101 ], [ 140.87373951000001, 36.93131926 ], [ 140.87349303, 36.93116525 ], [ 140.87376248000001, 36.93103538 ], [ 140.87383925, 36.93113392 ], [ 140.87372296000001, 36.93124948 ], [ 140.87370530000001, 36.93124774 ], [ 140.87369696, 36.93126177 ], [ 140.87375677, 36.93130108 ], [ 140.87397333000001, 36.93108682 ], [ 140.87387575, 36.93092895 ], [ 140.8737563, 36.93076561 ], [ 140.87344798000001, 36.93037144 ], [ 140.872571, 36.92919395 ], [ 140.875, 36.92793495 ], [ 140.87469016, 36.92753944 ], [ 140.87465486, 36.92748669 ], [ 140.87450764, 36.92730086 ], [ 140.87452153000001, 36.92728975 ], [ 140.87392542000001, 36.92659669 ], [ 140.87215681000001, 36.92744697 ], [ 140.87164486, 36.92772336 ], [ 140.87142737, 36.92784559 ], [ 140.86889233, 36.92627864 ], [ 140.87134608, 36.925 ], [ 140.87135564, 36.924995 ], [ 140.87164508000001, 36.92484417 ], [ 140.87304148000001, 36.92412889 ], [ 140.87388519000001, 36.92371875 ], [ 140.87222283, 36.92227444 ], [ 140.87164533000001, 36.92256056 ], [ 140.86843703, 36.92421667 ], [ 140.86692864, 36.924995 ], [ 140.86691897, 36.925 ], [ 140.86685703000001, 36.92503195 ], [ 140.86680628, 36.925 ], [ 140.86679834, 36.924995 ], [ 140.86668897000001, 36.92492617 ], [ 140.86666667, 36.92491213 ], [ 140.86272450000001, 36.92243095 ], [ 140.86265031, 36.92238422 ], [ 140.86163111, 36.92174272 ], [ 140.86167047000001, 36.9216493 ], [ 140.86190901000001, 36.9210095 ], [ 140.86211057, 36.92046537 ], [ 140.8623073, 36.91994577 ], [ 140.86231045, 36.91993746 ], [ 140.86352431, 36.92008264 ], [ 140.86352717, 36.9200135 ], [ 140.86234061, 36.91985784 ], [ 140.86237528000001, 36.91977886 ], [ 140.86240083000001, 36.91972331 ], [ 140.86243611, 36.91963164 ], [ 140.86256219000001, 36.91928997 ], [ 140.86270942, 36.91886497 ], [ 140.86282886000001, 36.91855136 ], [ 140.86295497, 36.91820136 ], [ 140.86299691, 36.91808747 ], [ 140.86299691, 36.91804859 ], [ 140.86288494, 36.91794859 ], [ 140.86278661, 36.91787356 ], [ 140.86303910000001, 36.91768189 ], [ 140.86306717, 36.91767077 ], [ 140.86439195, 36.91666667 ], [ 140.86439861, 36.91666161 ], [ 140.86483328, 36.91633217 ], [ 140.8649455, 36.91633217 ], [ 140.8650155, 36.91627384 ], [ 140.86500158000001, 36.91618495 ], [ 140.86495936, 36.91614605 ], [ 140.86486131000001, 36.91613495 ], [ 140.86480519, 36.91616828 ], [ 140.86476326, 36.91621828 ], [ 140.86476328000001, 36.91628495 ], [ 140.86427661, 36.91665995 ], [ 140.86427445000001, 36.91666161 ], [ 140.86426789000001, 36.91666667 ], [ 140.86314411000001, 36.91753189 ], [ 140.86273772000001, 36.91784022 ], [ 140.86270244, 36.91780689 ], [ 140.86268856000001, 36.91780689 ], [ 140.86268161000001, 36.91778467 ], [ 140.86266051000001, 36.91778467 ], [ 140.86141978000001, 36.91666667 ], [ 140.86141416000001, 36.91666161 ], [ 140.86063519000001, 36.91595967 ], [ 140.86057908000001, 36.91600967 ], [ 140.86131233, 36.91666161 ], [ 140.86131803000001, 36.91666667 ], [ 140.86262550000001, 36.91782911 ], [ 140.86116416, 36.91896084 ], [ 140.86068558, 36.91852517 ], [ 140.86062241, 36.91857356 ], [ 140.86109759000001, 36.91901241 ], [ 140.86066025, 36.91935108 ], [ 140.86056136, 36.91942608 ], [ 140.86046803, 36.91950386 ], [ 140.86037469, 36.91957331 ], [ 140.86028109, 36.91962608 ], [ 140.86017942000001, 36.9196322 ], [ 140.8601372, 36.91969553 ], [ 140.86009776, 36.91977886 ], [ 140.86009581, 36.91984025 ], [ 140.85998581000001, 36.91983664 ], [ 140.85992691000001, 36.9198658 ], [ 140.85991358000001, 36.91989275 ], [ 140.85990747, 36.91994192 ], [ 140.8598783, 36.91996831 ], [ 140.85982664, 36.91999108 ], [ 140.85979442, 36.92003441 ], [ 140.85978333, 36.92007803 ], [ 140.85978750000001, 36.92011136 ], [ 140.85974528, 36.92021247 ], [ 140.85960501, 36.92039831 ], [ 140.85944361, 36.92054497 ], [ 140.85928222000001, 36.92064636 ], [ 140.85920087, 36.92067183 ], [ 140.85921964, 36.92077168 ], [ 140.85931017, 36.9213889 ], [ 140.85929136, 36.92156324 ], [ 140.85923220000001, 36.92173652 ], [ 140.85914252000001, 36.92192858 ], [ 140.85893136000001, 36.92222341 ], [ 140.85870572, 36.92258934 ], [ 140.85864108000001, 36.92278576 ], [ 140.85857137, 36.92303009 ], [ 140.85844698, 36.92320999 ], [ 140.85824631, 36.92343081 ], [ 140.85801369000001, 36.92356229 ], [ 140.85760571, 36.92379411 ], [ 140.85720764000001, 36.92404585 ], [ 140.85699273, 36.92435621 ], [ 140.85651326000001, 36.92542603 ], [ 140.85590171000001, 36.92638905 ], [ 140.85555554000001, 36.92664801 ], [ 140.85505469, 36.92682817 ], [ 140.85434652000001, 36.92702547 ], [ 140.85371685000001, 36.92719899 ], [ 140.85377625000001, 36.92733422 ], [ 140.85394872000001, 36.92759182 ], [ 140.85405829000001, 36.92774197 ], [ 140.85426117, 36.92797784 ], [ 140.85451804, 36.9282255 ], [ 140.85470667000001, 36.9283982 ], [ 140.85499776, 36.92862078 ], [ 140.85526519000001, 36.92879745 ], [ 140.85553257000001, 36.92897095 ], [ 140.85583861000001, 36.92916263 ], [ 140.85658475, 36.92965742 ], [ 140.85708462, 36.92997711 ], [ 140.85808677, 36.93065167 ], [ 140.85836578000001, 36.93082823 ], [ 140.85878758000001, 36.93105897 ], [ 140.85921295, 36.93126193 ], [ 140.85969954000001, 36.93145211 ], [ 140.85994853, 36.931541 ], [ 140.86047689, 36.93168752 ], [ 140.86118258, 36.93188193 ], [ 140.86175739000001, 36.93205896 ], [ 140.86135829, 36.93238626 ], [ 140.86201193, 36.93285103 ], [ 140.86181105, 36.9330563 ], [ 140.86189841000001, 36.93326837 ], [ 140.86252364000001, 36.93376585 ], [ 140.86292604, 36.9341248 ], [ 140.86341127, 36.9344938 ], [ 140.86395054, 36.93488395 ], [ 140.86423319, 36.93504195 ], [ 140.86432765000001, 36.93559287 ], [ 140.86436418, 36.93589824 ], [ 140.86429317, 36.93624707 ], [ 140.86347936000001, 36.9359397 ], [ 140.86335416, 36.93619057 ], [ 140.86314358000001, 36.93661487 ], [ 140.86308071, 36.93685168 ], [ 140.86299608, 36.9371726 ], [ 140.8630053, 36.93732487 ], [ 140.86304779, 36.93753768 ], [ 140.86304596, 36.93757811 ], [ 140.86299345, 36.93760559 ], [ 140.86285283000001, 36.93768784 ], [ 140.86275485, 36.93772537 ], [ 140.86238128, 36.93781928 ], [ 140.86208137, 36.93785264 ], [ 140.86210606, 36.93790262 ], [ 140.86221090000001, 36.93810911 ], [ 140.86227087, 36.93827826 ], [ 140.86230216000001, 36.93846702 ], [ 140.86228473, 36.9386003 ], [ 140.86261778, 36.9386177 ], [ 140.86366909, 36.93871462 ], [ 140.86381316000001, 36.93816945 ], [ 140.86471288000001, 36.93816455 ], [ 140.86486386000001, 36.9381362 ], [ 140.86530932, 36.93802822 ], [ 140.86556809000001, 36.93797388 ], [ 140.86546119, 36.93860173 ], [ 140.86544158000001, 36.93884007 ], [ 140.86626429, 36.93891206 ], [ 140.86749931, 36.9390006 ], [ 140.86790713, 36.93904817 ], [ 140.86826607, 36.93911263 ], [ 140.86857471, 36.93919288 ], [ 140.86890555, 36.93931919 ], [ 140.86934981, 36.93956511 ], [ 140.86972017, 36.93981969 ], [ 140.8695407, 36.94003802 ], [ 140.86926649, 36.94026886 ], [ 140.86900583, 36.94041757 ], [ 140.86875902, 36.94051342 ], [ 140.86857701, 36.94054429 ], [ 140.86839675, 36.94057367 ], [ 140.86798495, 36.94060949 ], [ 140.86749636, 36.94062838 ], [ 140.86685092, 36.94065743 ], [ 140.86660518, 36.9406961 ], [ 140.86630325, 36.94076328 ], [ 140.86599047000001, 36.94083914 ], [ 140.86578319, 36.94088783 ], [ 140.86533663, 36.94105278 ], [ 140.86544894, 36.94126562 ], [ 140.86520235, 36.94137899 ], [ 140.86466708, 36.94159307 ], [ 140.86426083000001, 36.94177527 ], [ 140.86377654, 36.94212211 ], [ 140.86336097, 36.94242153 ], [ 140.86317863, 36.94256511 ], [ 140.86257268, 36.94308879 ], [ 140.86191943, 36.94362456 ], [ 140.86174754000001, 36.9437301 ], [ 140.8614618, 36.94391413 ], [ 140.86127636000001, 36.94399712 ], [ 140.861255, 36.94400673 ], [ 140.86104767, 36.94405239 ], [ 140.86077472, 36.94410451 ], [ 140.86054851, 36.94410942 ], [ 140.86020899, 36.94409482 ], [ 140.86005923, 36.94407852 ], [ 140.85993092000001, 36.94403273 ], [ 140.85977155, 36.94398581 ], [ 140.85966598, 36.94427664 ], [ 140.859655, 36.944552 ], [ 140.85969892, 36.94483288 ], [ 140.85975356, 36.94509598 ], [ 140.85984413, 36.94532365 ], [ 140.85995179, 36.94559658 ], [ 140.86023237000001, 36.94557072 ], [ 140.86029864, 36.94561407 ], [ 140.86036147, 36.94567506 ], [ 140.86059856, 36.94593955 ], [ 140.86079142, 36.94617507 ], [ 140.86095249, 36.94635552 ], [ 140.86090792, 36.94644588 ], [ 140.86080315000001, 36.94656055 ], [ 140.86070495000001, 36.94663539 ], [ 140.86039424000001, 36.94672339 ], [ 140.86016118000001, 36.94678799 ], [ 140.85999944, 36.94688611 ], [ 140.85975823000001, 36.94686538 ], [ 140.85951785, 36.946913 ], [ 140.85926381, 36.94698257 ], [ 140.85895115, 36.94668817 ], [ 140.85847096000001, 36.94714949 ], [ 140.85846809, 36.9471843 ], [ 140.85714624, 36.94723047 ], [ 140.85541330000001, 36.94729747 ], [ 140.85546189, 36.94831983 ], [ 140.85552024, 36.94957456 ], [ 140.85464448, 36.94960356 ], [ 140.85310954, 36.94965679 ], [ 140.85159935, 36.94969775 ], [ 140.85141933, 36.95019132 ], [ 140.85129862, 36.95063348 ], [ 140.85112295, 36.95120445 ], [ 140.85104589, 36.95141905 ], [ 140.85087405, 36.95177611 ], [ 140.85072941000001, 36.95217314 ], [ 140.85053635, 36.95256375 ], [ 140.85028901000001, 36.95300164 ], [ 140.85021083000001, 36.95313867 ], [ 140.85005682, 36.95333253 ], [ 140.84987834, 36.95356531 ], [ 140.84977004000001, 36.95368654 ], [ 140.849576, 36.95387806 ], [ 140.84940131, 36.95401324 ], [ 140.84919621, 36.9541246 ], [ 140.84899392, 36.95419588 ], [ 140.84884431, 36.95421848 ], [ 140.84868277000001, 36.95461176 ], [ 140.84738233, 36.95439576 ], [ 140.84704323, 36.95433719 ], [ 140.84575218000001, 36.95411436 ], [ 140.84552544, 36.95407518 ], [ 140.84552003, 36.95398442 ], [ 140.84544510000001, 36.95396317 ], [ 140.84523023, 36.95426482 ], [ 140.84511903000001, 36.95436665 ], [ 140.84494286, 36.95444383 ], [ 140.8448042, 36.95447162 ], [ 140.84451948, 36.95447933 ], [ 140.84416241, 36.9545142 ], [ 140.84405663000001, 36.95452834 ], [ 140.84395764000001, 36.95455847 ], [ 140.84376045, 36.95467159 ], [ 140.84365594, 36.95478138 ], [ 140.8435503, 36.95493222 ], [ 140.84352468, 36.95499883 ], [ 140.84343905, 36.95528353 ], [ 140.84330239, 36.95584357 ], [ 140.84322933000001, 36.95607784 ], [ 140.8431807, 36.9561552 ], [ 140.84310291, 36.95622992 ], [ 140.84320510000001, 36.95623787 ], [ 140.84325354000001, 36.9564096 ], [ 140.84358767000001, 36.95643154 ], [ 140.84353144, 36.95676416 ], [ 140.84349802, 36.9574972 ], [ 140.84346639, 36.9581133 ], [ 140.84346164, 36.9588846 ], [ 140.84344207000001, 36.95941034 ], [ 140.84341879, 36.95965482 ], [ 140.84383840000001, 36.95965694 ], [ 140.84383264, 36.95858056 ], [ 140.84381328000001, 36.95727052 ], [ 140.84428878, 36.95708808 ], [ 140.84427746, 36.95772012 ], [ 140.84430128, 36.95771703 ], [ 140.84431475, 36.95826692 ], [ 140.84432756000001, 36.95923244 ], [ 140.84433732, 36.95965945 ], [ 140.84393502, 36.95966619 ], [ 140.84385103, 36.96013623 ], [ 140.84377307, 36.96058434 ], [ 140.84372844000001, 36.96085215 ], [ 140.84372689, 36.96105392 ], [ 140.84370296, 36.96150818 ], [ 140.8443179, 36.96151385 ], [ 140.84465754, 36.96105275 ], [ 140.84485224, 36.96087616 ], [ 140.84500174, 36.9607707 ], [ 140.84534504000001, 36.96058101 ], [ 140.84550734000001, 36.96048882 ], [ 140.84568932, 36.96029888 ], [ 140.8459321, 36.96011681 ], [ 140.84592606000001, 36.95965935 ], [ 140.84724449000001, 36.95966325 ], [ 140.84725899, 36.95981117 ], [ 140.84726852, 36.95989514 ], [ 140.84753369000001, 36.95998039 ], [ 140.84773992000001, 36.96003918 ], [ 140.84783538, 36.96012749 ], [ 140.84787227000001, 36.96038292 ], [ 140.84793779, 36.96058074 ], [ 140.8479845, 36.96062413 ], [ 140.84828668, 36.96065521 ], [ 140.84870599000001, 36.9606617 ], [ 140.84911258, 36.96066154 ], [ 140.84975788, 36.96064266 ], [ 140.85031131, 36.96064801 ], [ 140.85106351, 36.96063321 ], [ 140.85104822, 36.96010852 ], [ 140.84975311, 36.96012296 ], [ 140.84975701, 36.95963008 ], [ 140.85146921, 36.95961376 ], [ 140.85272877, 36.95960468 ], [ 140.8527188, 36.95917083 ], [ 140.85332238000001, 36.95916897 ], [ 140.85396164, 36.95916519 ], [ 140.85396114, 36.95959574 ], [ 140.85396116000001, 36.95960426 ], [ 140.85395329, 36.96010035 ], [ 140.85396986000001, 36.96010028 ], [ 140.85396318, 36.9605411 ], [ 140.85236828000001, 36.96055299 ], [ 140.85237063, 36.96010229 ], [ 140.85181539000001, 36.9601121 ], [ 140.85181311, 36.96060786 ], [ 140.85180310000001, 36.96150573 ], [ 140.85237710000001, 36.96154721 ], [ 140.85320216, 36.96155521 ], [ 140.85339575, 36.96154103 ], [ 140.85397529, 36.96146496 ], [ 140.85397122000001, 36.96099348 ], [ 140.85468397, 36.96100074 ], [ 140.85468547, 36.96131083 ], [ 140.85479507, 36.9612804 ], [ 140.85504588000001, 36.96121552 ], [ 140.85522112000001, 36.96116699 ], [ 140.8553232, 36.96112493 ], [ 140.85560905, 36.96093811 ], [ 140.85569849000001, 36.96086877 ], [ 140.8558213, 36.96073044 ], [ 140.85591763, 36.96062571 ], [ 140.85594572, 36.96053529 ], [ 140.85611130000001, 36.96030831 ], [ 140.85655716, 36.96032539 ], [ 140.85683832000001, 36.96034656 ], [ 140.85762884, 36.96021868 ], [ 140.85849473, 36.96008001 ], [ 140.85881675, 36.96002 ], [ 140.85902217, 36.96002499 ], [ 140.85922365, 36.96004346 ], [ 140.85957685, 36.96012448 ], [ 140.85983764, 36.96018954 ], [ 140.86014421, 36.96023393 ], [ 140.86047138000001, 36.96025132 ], [ 140.86092092000001, 36.96027477 ], [ 140.86083303000001, 36.96001955 ], [ 140.86076543, 36.95998303 ], [ 140.860501, 36.95982297 ], [ 140.86046961, 36.95980395 ], [ 140.86013431000001, 36.95949399 ], [ 140.85994915000001, 36.95928537 ], [ 140.85952387, 36.95882475 ], [ 140.85900288, 36.95826576 ], [ 140.85852497, 36.95775885 ], [ 140.85816718000001, 36.95783902 ], [ 140.85823543000001, 36.95760964 ], [ 140.85783615, 36.95753233 ], [ 140.85774398000001, 36.95784928 ], [ 140.85761794000001, 36.95783023 ], [ 140.85710408, 36.95745569 ], [ 140.85709097, 36.95744616 ], [ 140.85755818000001, 36.95696118 ], [ 140.85762013, 36.95689666 ], [ 140.85780675000001, 36.95666957 ], [ 140.85789053, 36.95651235 ], [ 140.85849372000001, 36.9568438 ], [ 140.85917783, 36.95726353 ], [ 140.85954950000001, 36.95750054 ], [ 140.85963797, 36.95755694 ], [ 140.85999357, 36.95775874 ], [ 140.86019838000001, 36.95788884 ], [ 140.86028641, 36.95794475 ], [ 140.86123752, 36.95850594 ], [ 140.8619175, 36.95894268 ], [ 140.86187745000001, 36.95823805 ], [ 140.8634485, 36.95809335 ], [ 140.86445865, 36.95801908 ], [ 140.86509104000001, 36.957948 ], [ 140.8656154, 36.95789426 ], [ 140.86543281, 36.95678106 ], [ 140.86510293000001, 36.95425537 ], [ 140.86543655, 36.95422559 ], [ 140.86609512000001, 36.95416047 ], [ 140.86610579000001, 36.95417129 ], [ 140.86658242, 36.95465292 ], [ 140.86731748, 36.95542172 ], [ 140.86774724, 36.95589938 ], [ 140.86779861, 36.95589063 ], [ 140.86805138, 36.95588844 ], [ 140.86823103, 36.95590814 ], [ 140.86839032, 36.95594688 ], [ 140.8687622, 36.95605454 ], [ 140.86901014, 36.95612321 ], [ 140.86918142, 36.95585385 ], [ 140.86927375, 36.95572808 ], [ 140.86935449000001, 36.955607 ], [ 140.86945939, 36.95532061 ], [ 140.86950221000001, 36.95522344 ], [ 140.8696272, 36.95500876 ], [ 140.86967894, 36.95492341 ], [ 140.86970441, 36.95484772 ], [ 140.86971182, 36.9547462 ], [ 140.86971873, 36.95460211 ], [ 140.86974845, 36.95440606 ], [ 140.86974452000001, 36.95433528 ], [ 140.86949731000001, 36.95402766 ], [ 140.86933262, 36.9540046 ], [ 140.86914843, 36.95396015 ], [ 140.86900982, 36.95389377 ], [ 140.8695244, 36.95376659 ], [ 140.86983268, 36.95365331 ], [ 140.87053771000001, 36.95332651 ], [ 140.87089551, 36.95320357 ], [ 140.87116841, 36.95315987 ], [ 140.87125612, 36.95314678 ], [ 140.87173050000001, 36.9531021 ], [ 140.87193326, 36.95324902 ], [ 140.87220287, 36.95343442 ], [ 140.87259636, 36.95369387 ], [ 140.87282773000001, 36.95378886 ], [ 140.87375889, 36.95431113 ], [ 140.87407496, 36.9544681 ], [ 140.87430385, 36.95459979 ], [ 140.87435942, 36.95452581 ], [ 140.8744323, 36.95444062 ], [ 140.87451768, 36.95441023 ], [ 140.87468843, 36.95434925 ], [ 140.87462458, 36.95409785 ], [ 140.87447217, 36.9534208 ], [ 140.87435288, 36.95289066 ], [ 140.87475024, 36.9528653 ], [ 140.87496044, 36.95284156 ], [ 140.87518238000001, 36.95281758 ], [ 140.87533988000001, 36.95278178 ], [ 140.87558556, 36.95271634 ], [ 140.87599887, 36.95256713 ], [ 140.87643243, 36.9523334 ], [ 140.87740112, 36.95179437 ], [ 140.87804415, 36.95232997 ], [ 140.87846653, 36.95270017 ], [ 140.87865641, 36.95286655 ], [ 140.8788578, 36.95304691 ], [ 140.87889178, 36.9530811 ], [ 140.87902847000001, 36.95321895 ], [ 140.87910567, 36.95329677 ], [ 140.87934502, 36.95357197 ], [ 140.87949403, 36.95374427 ], [ 140.87977346, 36.95408924 ], [ 140.88006124, 36.95440929 ], [ 140.88078039000001, 36.95517111 ], [ 140.88109763, 36.95552828 ], [ 140.88156771000001, 36.95615156 ], [ 140.88160336000001, 36.95619883 ], [ 140.88219631000001, 36.95704406 ], [ 140.88254209, 36.95706812 ], [ 140.88352971, 36.957156 ], [ 140.88417586, 36.95777095 ], [ 140.88501284, 36.95887913 ], [ 140.88518355, 36.95900709 ], [ 140.88541236, 36.95889411 ], [ 140.88555085, 36.95891141 ], [ 140.88568985000001, 36.95896565 ], [ 140.88579102, 36.95906332 ], [ 140.88596869, 36.95913574 ], [ 140.88637917, 36.95923932 ], [ 140.88636448, 36.95940257 ], [ 140.88634259, 36.95957166 ], [ 140.88631825, 36.95973485 ], [ 140.88611604, 36.96048881 ], [ 140.8860824, 36.96072291 ], [ 140.88597034, 36.9607327 ], [ 140.88569344000001, 36.96082646 ], [ 140.88598749, 36.96146507 ], [ 140.88605019, 36.96161644 ], [ 140.88611695, 36.96179502 ], [ 140.88623853000001, 36.9621068 ], [ 140.88625424, 36.96214616 ], [ 140.88632848, 36.96232593 ], [ 140.88657333, 36.96291928 ], [ 140.88661661, 36.96304344 ], [ 140.88676125000001, 36.96337318 ], [ 140.88717294, 36.96328773 ], [ 140.88744658, 36.96338429 ], [ 140.88786759000001, 36.96351157 ], [ 140.88819025000001, 36.96357446 ], [ 140.88842599, 36.96357455 ], [ 140.88868936, 36.96361354 ], [ 140.88889676, 36.96376665 ], [ 140.88913907, 36.96384926 ], [ 140.88911986, 36.96397609 ], [ 140.88915968000001, 36.9640203 ], [ 140.88923069000001, 36.96406106 ], [ 140.88932722000001, 36.96408189 ], [ 140.88956173, 36.96408846 ], [ 140.88969662, 36.96409874 ], [ 140.88987782000001, 36.96417105 ], [ 140.89000293000001, 36.96420366 ], [ 140.89013466, 36.9642253 ], [ 140.89020657, 36.96428063 ], [ 140.89027532, 36.96435507 ], [ 140.89034873, 36.96446755 ], [ 140.89037987, 36.96446727 ], [ 140.89048232, 36.9644337 ], [ 140.89078051000001, 36.96434403 ], [ 140.89106319000001, 36.96425619 ], [ 140.8913778, 36.96418053 ], [ 140.89178691000001, 36.96408016 ], [ 140.89196784000001, 36.96403173 ], [ 140.89196946000001, 36.96405354 ], [ 140.89196585, 36.96437023 ], [ 140.89187343, 36.96549028 ], [ 140.89180114000001, 36.96628363 ], [ 140.89175204, 36.96669858 ], [ 140.89161492, 36.96760036 ], [ 140.89149138, 36.96838051 ], [ 140.89145998000001, 36.96857207 ], [ 140.8913629, 36.96919717 ], [ 140.89129843000001, 36.96954116 ], [ 140.89123307, 36.96995421 ], [ 140.89278903, 36.96993508 ], [ 140.89287591, 36.96953098 ], [ 140.89311207, 36.96843282 ], [ 140.89315973000001, 36.96722362 ], [ 140.89316492, 36.96705356 ] ] ] } },
{ "type": "Feature", "properties": { "DIDid": 720403, "行政コード": "07204", "市町村名称": "いわき市", "DID符号": 3, "人口": 12552, "面積": 2.65, "前回人口": 12905, "前回面積": 2.69, "人口割合": 3.6, "面積割合": 0.2, "調査年度": 2015 }, "geometry": { "type": "Polygon", "coordinates": [ [ [ 140.84644705, 37.01500895 ], [ 140.8467856, 37.01403525 ], [ 140.84682532, 37.01391291 ], [ 140.8471989, 37.01276277 ], [ 140.84733801, 37.01237193 ], [ 140.84752288000001, 37.01179159 ], [ 140.84754689, 37.01171613 ], [ 140.84789425, 37.01177493 ], [ 140.84811195, 37.0117954 ], [ 140.84822501, 37.0115379 ], [ 140.84868506000001, 37.01150359 ], [ 140.84875285000001, 37.01157095 ], [ 140.84885945, 37.01161925 ], [ 140.84903305, 37.01167586 ], [ 140.84907805, 37.01170674 ], [ 140.84917048, 37.01194968 ], [ 140.84932842000001, 37.011879 ], [ 140.84956355, 37.01216537 ], [ 140.84966027, 37.01220369 ], [ 140.85010855, 37.01237877 ], [ 140.85030427000001, 37.01242174 ], [ 140.85048842, 37.01243363 ], [ 140.85064268, 37.01244823 ], [ 140.8506157, 37.01238052 ], [ 140.85062208, 37.01224079 ], [ 140.85052849, 37.01206206 ], [ 140.85046683, 37.01178985 ], [ 140.85054587, 37.01150321 ], [ 140.85064265, 37.01129625 ], [ 140.85079905000001, 37.01120846 ], [ 140.850856, 37.01112814 ], [ 140.85080552, 37.01107535 ], [ 140.85070483000001, 37.01098313 ], [ 140.85079017000001, 37.01054344 ], [ 140.8502834, 37.01018757 ], [ 140.85054225, 37.01012672 ], [ 140.85070631, 37.01008717 ], [ 140.85081531, 37.01003344 ], [ 140.85100731, 37.00989691 ], [ 140.85115973000001, 37.0097282 ], [ 140.85128124, 37.00959826 ], [ 140.85129563000001, 37.00947317 ], [ 140.8513107, 37.00933991 ], [ 140.85133994, 37.0090639 ], [ 140.8513557, 37.00887022 ], [ 140.85136909, 37.00878204 ], [ 140.85140101, 37.00856915 ], [ 140.85138608, 37.00827302 ], [ 140.85137381000001, 37.00817639 ], [ 140.85133745, 37.00791846 ], [ 140.85128602, 37.00769516 ], [ 140.85112742000001, 37.00766363 ], [ 140.85105376000001, 37.00762314 ], [ 140.85097124000001, 37.00747142 ], [ 140.85091890000001, 37.00738379 ], [ 140.85083744, 37.00731112 ], [ 140.85077107000001, 37.00727071 ], [ 140.85068601, 37.00719807 ], [ 140.85056405, 37.00706443 ], [ 140.85063114, 37.00694762 ], [ 140.84997401000001, 37.00670855 ], [ 140.84999155, 37.00667468 ], [ 140.85000857, 37.00664736 ], [ 140.8504212, 37.00586372 ], [ 140.85077785, 37.00517454 ], [ 140.85147989000001, 37.0039663 ], [ 140.85143103, 37.00389603 ], [ 140.85141274, 37.00384768 ], [ 140.85138738000001, 37.00364471 ], [ 140.85110184000001, 37.00378844 ], [ 140.85056612, 37.00402842 ], [ 140.8501412, 37.00420606 ], [ 140.85021185, 37.0039882 ], [ 140.85037581, 37.0035865 ], [ 140.8505252, 37.00327728 ], [ 140.85067843, 37.00289425 ], [ 140.85030163, 37.00273658 ], [ 140.85046419, 37.0023622 ], [ 140.8506362, 37.00199372 ], [ 140.85067384000001, 37.00200409 ], [ 140.85115997, 37.00089401 ], [ 140.85050568, 37.00071773 ], [ 140.85023591000001, 37.00133399 ], [ 140.85001466, 37.001272 ], [ 140.84949777, 37.00085698 ], [ 140.84962538, 37.00082978 ], [ 140.8499759, 37.00020781 ], [ 140.85053345, 37.00036867 ], [ 140.85085385, 37.00043692 ], [ 140.8508027, 37.00028753 ], [ 140.85093016, 37.00026279 ], [ 140.85110646000001, 37.00021398 ], [ 140.85115518000001, 37.00018203 ], [ 140.85115429000001, 37.00011508 ], [ 140.85102827, 36.99987959 ], [ 140.85101712, 36.99978105 ], [ 140.85096338, 36.99980516 ], [ 140.85088485, 36.99981372 ], [ 140.85080083, 36.99977894 ], [ 140.85067205, 36.99970513 ], [ 140.85058074, 36.99967633 ], [ 140.85061879, 36.99958139 ], [ 140.85061241, 36.99947105 ], [ 140.85055238000001, 36.9993927 ], [ 140.85041801, 36.99926768 ], [ 140.85032348, 36.99918174 ], [ 140.85031947, 36.99901323 ], [ 140.8503106, 36.99894029 ], [ 140.85025314000001, 36.99883039 ], [ 140.850534, 36.99841536 ], [ 140.85056146, 36.99837535 ], [ 140.85078151, 36.9979883 ], [ 140.85101868000001, 36.99759498 ], [ 140.85118458, 36.99714911 ], [ 140.85127211, 36.99691371 ], [ 140.85132854, 36.99671624 ], [ 140.85141534, 36.99670304 ], [ 140.85145607000001, 36.99673009 ], [ 140.85159717, 36.99682612 ], [ 140.85171869000001, 36.99685008 ], [ 140.85186502, 36.99687129 ], [ 140.85202718, 36.99691469 ], [ 140.85208925000001, 36.99690924 ], [ 140.85213852000001, 36.9968789 ], [ 140.85216875, 36.99681633 ], [ 140.85220244000001, 36.99677613 ], [ 140.85227898, 36.99669078 ], [ 140.85230584000001, 36.99660572 ], [ 140.85228238, 36.99647891 ], [ 140.85228058000001, 36.99634438 ], [ 140.85229123, 36.9962146 ], [ 140.85224396000001, 36.99616516 ], [ 140.85214266, 36.99613737 ], [ 140.85203356, 36.9961109 ], [ 140.85195824, 36.99605663 ], [ 140.85186698000001, 36.99597271 ], [ 140.85178782, 36.99586116 ], [ 140.85170545, 36.99573977 ], [ 140.85167666000001, 36.99568017 ], [ 140.85170303000001, 36.99555787 ], [ 140.85172676, 36.99547537 ], [ 140.85180692, 36.99542484 ], [ 140.85188709, 36.99538177 ], [ 140.85197996, 36.99535613 ], [ 140.85206042, 36.99533546 ], [ 140.85211878000001, 36.99528258 ], [ 140.85220225, 36.99524956 ], [ 140.85226712, 36.99522401 ], [ 140.85234954000001, 36.99522458 ], [ 140.85242478000001, 36.99500949 ], [ 140.85248421, 36.99483966 ], [ 140.8526329, 36.9945791 ], [ 140.85242573, 36.99430051 ], [ 140.85236684, 36.99408416 ], [ 140.85228729, 36.99369494 ], [ 140.85228044, 36.9936612 ], [ 140.85217112000001, 36.99350632 ], [ 140.8518561, 36.99318246 ], [ 140.85157692000001, 36.99298551 ], [ 140.85121481, 36.99285396 ], [ 140.85094999, 36.99279882 ], [ 140.85079578, 36.99277147 ], [ 140.85067454, 36.9927625 ], [ 140.85055399000001, 36.99281097 ], [ 140.85041253, 36.9929168 ], [ 140.85030504, 36.99301747 ], [ 140.85019715000001, 36.99308062 ], [ 140.85006426000001, 36.99313159 ], [ 140.8498645, 36.99329529 ], [ 140.84958311, 36.99351085 ], [ 140.84940802, 36.99366181 ], [ 140.84931039, 36.99379725 ], [ 140.84922859, 36.99395495 ], [ 140.84911013000001, 36.99416034 ], [ 140.84907375, 36.99422302 ], [ 140.84901296000001, 36.99432323 ], [ 140.84896543, 36.99449064 ], [ 140.84892762000001, 36.99468288 ], [ 140.84894832000001, 36.99483971 ], [ 140.84900313, 36.99498872 ], [ 140.84909839, 36.99514245 ], [ 140.84925874000001, 36.99528071 ], [ 140.84939982, 36.99538984 ], [ 140.84952021000001, 36.99550625 ], [ 140.84956904000001, 36.99560736 ], [ 140.84959872, 36.99575313 ], [ 140.84959688000001, 36.99591184 ], [ 140.84958622, 36.99600085 ], [ 140.84954488, 36.99611955 ], [ 140.84948481000001, 36.99627452 ], [ 140.84939187000001, 36.99641366 ], [ 140.84934914, 36.99647386 ], [ 140.84926377, 36.9965942 ], [ 140.84917110000001, 36.99663484 ], [ 140.84901657, 36.99669599 ], [ 140.84876611000001, 36.99679034 ], [ 140.84867103, 36.99688084 ], [ 140.84857303000001, 36.99698883 ], [ 140.84857419, 36.99707605 ], [ 140.84859969, 36.99712568 ], [ 140.84863162, 36.99719025 ], [ 140.84861781000001, 36.99731998 ], [ 140.84859806, 36.99746476 ], [ 140.84857289000001, 36.9975584 ], [ 140.84812234, 36.99756221 ], [ 140.84806671000001, 36.99758261 ], [ 140.84786771, 36.99757437 ], [ 140.84772911, 36.99766524 ], [ 140.84755293000001, 36.99782133 ], [ 140.84740639, 36.99792966 ], [ 140.84720344, 36.99808591 ], [ 140.84711614, 36.99818008 ], [ 140.84713871, 36.9982472 ], [ 140.84721870000001, 36.99842105 ], [ 140.84728615, 36.99858249 ], [ 140.8472878, 36.99870709 ], [ 140.84735553, 36.99889598 ], [ 140.84731404, 36.9990434 ], [ 140.84724916, 36.99918722 ], [ 140.84708139, 36.99942788 ], [ 140.84704521, 36.99950542 ], [ 140.84704941000001, 36.99959022 ], [ 140.84706746000001, 36.99977946 ], [ 140.84706528000001, 36.99984685 ], [ 140.84701298, 36.99988708 ], [ 140.84691295, 36.99996149 ], [ 140.84684313, 37.00008417 ], [ 140.84674986, 37.00019845 ], [ 140.84657009, 37.00022989 ], [ 140.84649881000001, 37.00036132 ], [ 140.84640252, 37.00059891 ], [ 140.84627836000001, 37.00083921 ], [ 140.84626462, 37.00097394 ], [ 140.84637779, 37.00130697 ], [ 140.84629571, 37.00144475 ], [ 140.84513010000001, 37.00158304 ], [ 140.84523567, 37.00160784 ], [ 140.84545771000001, 37.00162608 ], [ 140.84567921, 37.00168939 ], [ 140.84593158000001, 37.00174405 ], [ 140.84625699, 37.00179999 ], [ 140.84645447, 37.00185886 ], [ 140.84652722000001, 37.00182522 ], [ 140.84668382000001, 37.00173398 ], [ 140.84686253000001, 37.00167466 ], [ 140.84696980000001, 37.00166277 ], [ 140.84721519, 37.00171385 ], [ 140.84752253, 37.00177736 ], [ 140.84785122, 37.00181583 ], [ 140.84797045, 37.00183179 ], [ 140.84771108000001, 37.00217376 ], [ 140.84748785, 37.00221156 ], [ 140.84707281, 37.00224063 ], [ 140.84680436, 37.00223776 ], [ 140.84667731, 37.00230044 ], [ 140.84641718, 37.00244107 ], [ 140.8462964, 37.00249336 ], [ 140.84622072, 37.00257088 ], [ 140.84602386, 37.00266486 ], [ 140.84584587000001, 37.0027382 ], [ 140.84577632, 37.00279518 ], [ 140.84571447, 37.00294947 ], [ 140.84567092, 37.00352406 ], [ 140.84565438000001, 37.00371893 ], [ 140.84544705, 37.00369205 ], [ 140.84501303, 37.00378677 ], [ 140.84493494, 37.00379553 ], [ 140.84486673000001, 37.00378802 ], [ 140.84479830000001, 37.00376431 ], [ 140.84472962000001, 37.0037285 ], [ 140.84456884, 37.00357815 ], [ 140.84452834000001, 37.00345557 ], [ 140.84439375, 37.00313575 ], [ 140.84422878000001, 37.00307935 ], [ 140.84407905, 37.00304768 ], [ 140.84382255, 37.00295256 ], [ 140.84354991000001, 37.0029515 ], [ 140.84332433, 37.00291174 ], [ 140.84319694000001, 37.00276364 ], [ 140.84319977000001, 37.00265252 ], [ 140.84317685, 37.00255893 ], [ 140.84309296000001, 37.00242785 ], [ 140.84297545000001, 37.00237675 ], [ 140.84280623000001, 37.00234348 ], [ 140.84271063, 37.00230959 ], [ 140.84278664000001, 37.0021701 ], [ 140.84285423, 37.00204463 ], [ 140.84306402000001, 37.00187965 ], [ 140.84311080000001, 37.00181335 ], [ 140.84318966000001, 37.00172418 ], [ 140.84323728000001, 37.00172723 ], [ 140.84337170000001, 37.00175037 ], [ 140.84344191, 37.00182257 ], [ 140.84350741, 37.00187074 ], [ 140.84359399, 37.00187338 ], [ 140.84367178, 37.00186237 ], [ 140.84377053, 37.00180253 ], [ 140.84384773, 37.00175329 ], [ 140.84393658, 37.00163644 ], [ 140.84410874, 37.00136751 ], [ 140.84421877, 37.00118605 ], [ 140.84394484000001, 37.00108081 ], [ 140.84366931, 37.00086103 ], [ 140.84357025, 37.00089658 ], [ 140.84287180000001, 37.0014093 ], [ 140.84274643000001, 37.00142071 ], [ 140.84264704, 37.00159686 ], [ 140.84253018000001, 37.00159441 ], [ 140.84238323, 37.00160608 ], [ 140.84215184000001, 37.00145182 ], [ 140.84199528, 37.00138718 ], [ 140.84193426, 37.00135306 ], [ 140.84315568, 37.00062934 ], [ 140.84323529, 37.00043779 ], [ 140.84328675, 37.00023438 ], [ 140.84404425, 36.99993286 ], [ 140.84413772, 36.9998002 ], [ 140.84425177, 36.99959097 ], [ 140.84443372000001, 36.99928048 ], [ 140.84499047, 36.99868744 ], [ 140.84516754000001, 36.99845246 ], [ 140.84534738, 36.99819507 ], [ 140.84538025000001, 36.99806638 ], [ 140.84539593, 36.99794479 ], [ 140.84540309, 36.99783019 ], [ 140.84540486, 36.99763916 ], [ 140.84545469, 36.9974792 ], [ 140.84550363, 36.99738394 ], [ 140.84554335000001, 36.99731503 ], [ 140.84558976, 36.99722811 ], [ 140.84564921, 36.99713734 ], [ 140.84571327, 36.99707779 ], [ 140.84577692, 36.99698002 ], [ 140.84583568, 36.9968442 ], [ 140.84587719000001, 36.99671198 ], [ 140.84594422000001, 36.99655173 ], [ 140.84601522, 36.99635328 ], [ 140.84608188000001, 36.99616529 ], [ 140.84615796, 36.99602573 ], [ 140.84623784, 36.99585502 ], [ 140.8463895, 36.99554493 ], [ 140.84654606000001, 36.99527971 ], [ 140.8468306, 36.99471265 ], [ 140.84718212000001, 36.9941805 ], [ 140.84724296, 36.99419513 ], [ 140.84746171, 36.99390813 ], [ 140.84769984, 36.99357394 ], [ 140.84786116000001, 36.99321921 ], [ 140.84809536, 36.99293293 ], [ 140.84830399000001, 36.99271059 ], [ 140.84852411, 36.99256017 ], [ 140.84865013000001, 36.99248694 ], [ 140.84890729, 36.99236325 ], [ 140.84910873000001, 36.99223313 ], [ 140.84930092, 36.99210808 ], [ 140.84954199000001, 36.99193622 ], [ 140.84974102000001, 36.99179035 ], [ 140.84983527, 36.99171739 ], [ 140.85003146, 36.99155661 ], [ 140.85025175000001, 36.99141901 ], [ 140.8504628, 36.991379 ], [ 140.85074562, 36.99140237 ], [ 140.85089185000001, 36.99143057 ], [ 140.85104026, 36.99145057 ], [ 140.85120407, 36.9914406 ], [ 140.85138888, 36.99141362 ], [ 140.85156225, 36.99133147 ], [ 140.85160916000001, 36.99127594 ], [ 140.85177713, 36.99117694 ], [ 140.85189181000001, 36.9910572 ], [ 140.85200193, 36.9909841 ], [ 140.85217992, 36.99084685 ], [ 140.85229021000001, 36.99078643 ], [ 140.85241585, 36.99069208 ], [ 140.85251507000001, 36.99059788 ], [ 140.85256634000001, 36.99047438 ], [ 140.85248633, 36.99042416 ], [ 140.85215824, 36.99041419 ], [ 140.85163971, 36.99039731 ], [ 140.85145639000001, 36.99013583 ], [ 140.8512417, 36.98990432 ], [ 140.8510792, 36.98961711 ], [ 140.85096746, 36.98956292 ], [ 140.85095803, 36.98965214 ], [ 140.85082681, 36.98972956 ], [ 140.8505763, 36.98998204 ], [ 140.85044693, 36.99019104 ], [ 140.85030346, 36.9905402 ], [ 140.85028327000001, 36.99061253 ], [ 140.85003677, 36.99077162 ], [ 140.84951105, 36.99100516 ], [ 140.84915402, 36.99120756 ], [ 140.84865493000001, 36.99145791 ], [ 140.84847141, 36.99158253 ], [ 140.84798623, 36.99228463 ], [ 140.847127, 36.99369178 ], [ 140.84670564000001, 36.99395584 ], [ 140.84661772000001, 36.99389125 ], [ 140.84660862000001, 36.99386042 ], [ 140.8465501, 36.9936635 ], [ 140.84663694, 36.99322525 ], [ 140.84347628, 36.99207793 ], [ 140.84343983, 36.99225461 ], [ 140.84340983000001, 36.9922291 ], [ 140.84336835, 36.99221108 ], [ 140.84331220000001, 36.99222578 ], [ 140.84304732000001, 36.99185342 ], [ 140.84312495, 36.99183072 ], [ 140.84311995, 36.99179767 ], [ 140.84262797, 36.99155877 ], [ 140.84261662, 36.99151036 ], [ 140.84261822, 36.99135932 ], [ 140.84260359000001, 36.99132805 ], [ 140.84301338, 36.99096118 ], [ 140.84339926000001, 36.9905905 ], [ 140.84391376, 36.99023815 ], [ 140.84402993, 36.9901468 ], [ 140.84329206000001, 36.98969126 ], [ 140.84292274000001, 36.98999009 ], [ 140.84284464000001, 36.99001746 ], [ 140.84275450000001, 36.9900335 ], [ 140.84257116000001, 36.9900538 ], [ 140.84191919, 36.99010354 ], [ 140.84171064, 36.9904721 ], [ 140.84172613000001, 36.99090678 ], [ 140.84160362, 36.99099978 ], [ 140.84151329, 36.99110355 ], [ 140.84139932, 36.99115226 ], [ 140.84135885000001, 36.99121146 ], [ 140.84116133000001, 36.99118006 ], [ 140.84113659, 36.99104052 ], [ 140.84107656, 36.99100795 ], [ 140.84107918000001, 36.99086085 ], [ 140.84130707, 36.99075963 ], [ 140.84120455, 36.99063181 ], [ 140.84101673000001, 36.99064439 ], [ 140.84087933000001, 36.99065296 ], [ 140.84082396, 36.99062027 ], [ 140.8408422, 36.9906128 ], [ 140.84086011, 36.99057955 ], [ 140.84091431, 36.99052389 ], [ 140.84096379, 36.9904499 ], [ 140.84095855000001, 36.99039848 ], [ 140.84098951, 36.99031732 ], [ 140.84098883, 36.99026586 ], [ 140.84096932, 36.99017781 ], [ 140.84095490000001, 36.99012281 ], [ 140.84085335, 36.99006848 ], [ 140.84079736000001, 36.98999531 ], [ 140.84069029, 36.98987499 ], [ 140.84057791000001, 36.99003767 ], [ 140.84038409, 36.98994013 ], [ 140.84015785, 36.98982068 ], [ 140.84002539, 36.98985117 ], [ 140.8398435, 36.98995946 ], [ 140.8398176, 36.98998531 ], [ 140.83976795000001, 36.99000002 ], [ 140.83969691, 36.99000352 ], [ 140.83970526, 36.99009743 ], [ 140.83969921, 36.99014452 ], [ 140.83962940000001, 36.99041356 ], [ 140.83951077, 36.99045505 ], [ 140.83941412, 36.99042638 ], [ 140.83919835, 36.99039513 ], [ 140.83914421, 36.99046184 ], [ 140.83919559, 36.99053857 ], [ 140.83917327, 36.9905829 ], [ 140.83921092, 36.99065608 ], [ 140.83919501, 36.99084018 ], [ 140.83924115, 36.99086548 ], [ 140.83921878000001, 36.99090608 ], [ 140.83932465000001, 36.99093468 ], [ 140.83916345, 36.99140114 ], [ 140.83704188, 36.99103502 ], [ 140.83703172, 36.99111663 ], [ 140.83679862, 36.99111558 ], [ 140.83676643000001, 36.99123646 ], [ 140.83660090000001, 36.99122885 ], [ 140.83655687000001, 36.99131061 ], [ 140.83628867, 36.99149692 ], [ 140.83603103, 36.99163175 ], [ 140.83603151, 36.99166793 ], [ 140.83602868, 36.99174033 ], [ 140.83601443000001, 36.99179775 ], [ 140.83596222, 36.99183136 ], [ 140.83580356, 36.99191254 ], [ 140.83590389, 36.99210783 ], [ 140.83596201, 36.992243 ], [ 140.83598651, 36.99239049 ], [ 140.83604840000001, 36.9925257 ], [ 140.83593857, 36.9927498 ], [ 140.83588065000001, 36.99291616 ], [ 140.83582942000001, 36.99302516 ], [ 140.83580675, 36.99315658 ], [ 140.83575377, 36.99341934 ], [ 140.83566551000001, 36.99356786 ], [ 140.83546705000001, 36.99391331 ], [ 140.83537250000001, 36.99444515 ], [ 140.83515686000001, 36.99442494 ], [ 140.83461209000001, 36.99438921 ], [ 140.83399603000001, 36.99431812 ], [ 140.83363383, 36.99391625 ], [ 140.83362277000001, 36.99373478 ], [ 140.83348122000001, 36.99356139 ], [ 140.83315944, 36.99357813 ], [ 140.83270865, 36.99366123 ], [ 140.83249275, 36.99360709 ], [ 140.83234114000001, 36.99355009 ], [ 140.83227109000001, 36.99353498 ], [ 140.83209594, 36.9936037 ], [ 140.83199615000001, 36.99365017 ], [ 140.83185543, 36.99370099 ], [ 140.83167379, 36.99369592 ], [ 140.8312637, 36.99375093 ], [ 140.83098474, 36.99378687 ], [ 140.83092934000001, 36.99404064 ], [ 140.83088514, 36.99439858 ], [ 140.83047815, 36.99469123 ], [ 140.8301874, 36.99489321 ], [ 140.83012573, 36.99506368 ], [ 140.83008491000001, 36.99517645 ], [ 140.83003745, 36.99528562 ], [ 140.82994598, 36.99534462 ], [ 140.82985928, 36.99533866 ], [ 140.82961489, 36.9952466 ], [ 140.82938184, 36.99537185 ], [ 140.82902009, 36.99527846 ], [ 140.82890158000001, 36.99529635 ], [ 140.82857768, 36.99553444 ], [ 140.82839854, 36.99593724 ], [ 140.82831196000001, 36.99626406 ], [ 140.82830824000001, 36.99640982 ], [ 140.82884446, 36.9966367 ], [ 140.82928165000001, 36.99669355 ], [ 140.82997839000001, 36.99677186 ], [ 140.83052354, 36.99655401 ], [ 140.83091175000001, 36.99650207 ], [ 140.83144587000001, 36.9964475 ], [ 140.83178340000001, 36.99641303 ], [ 140.83208674, 36.99642848 ], [ 140.83243459, 36.99645123 ], [ 140.83233176, 36.99680256 ], [ 140.83207324, 36.99767055 ], [ 140.83201613, 36.99786731 ], [ 140.83160009, 36.99779769 ], [ 140.83145093, 36.99834449 ], [ 140.83171242, 36.99843464 ], [ 140.83250954, 36.9985506 ], [ 140.83389862000001, 36.99877693 ], [ 140.834702, 36.99890756 ], [ 140.83551154, 36.99903822 ], [ 140.83599719, 36.99913359 ], [ 140.8360147, 36.99913703 ], [ 140.83635016, 36.99928394 ], [ 140.83658439000001, 36.99940953 ], [ 140.83686269, 36.99962817 ], [ 140.83721907, 36.99973801 ], [ 140.83736477, 36.99979148 ], [ 140.83748303, 37.00006716 ], [ 140.83721253, 37.00010106 ], [ 140.83714964000001, 37.00023113 ], [ 140.83693894000001, 37.00057395 ], [ 140.8367601, 37.00089065 ], [ 140.83553951, 37.00057282 ], [ 140.83568566, 37.00022626 ], [ 140.83524816, 37.00010901 ], [ 140.83458920000001, 36.99992906 ], [ 140.83455837, 37.00004147 ], [ 140.83466826, 37.00020895 ], [ 140.83477164000001, 37.00029446 ], [ 140.83474445, 37.00085178 ], [ 140.83517312000001, 37.00095151 ], [ 140.83608231, 37.00117623 ], [ 140.83635564, 37.00124376 ], [ 140.83697265000001, 37.00150185 ], [ 140.83744058, 37.00148339 ], [ 140.83756592, 37.00155041 ], [ 140.83802014, 37.00172321 ], [ 140.83810661000001, 37.00180421 ], [ 140.83812635000001, 37.00183706 ], [ 140.83812389, 37.0018637 ], [ 140.83807469000001, 37.00188003 ], [ 140.83814343, 37.00201419 ], [ 140.83823105, 37.00210286 ], [ 140.83847317, 37.00221909 ], [ 140.83861686, 37.00228624 ], [ 140.83877675, 37.00238352 ], [ 140.83880442, 37.00244531 ], [ 140.83883226, 37.00250618 ], [ 140.8389684, 37.00277291 ], [ 140.8389164, 37.00292317 ], [ 140.83879049000001, 37.00306617 ], [ 140.83855596000001, 37.00316665 ], [ 140.83814098, 37.00336721 ], [ 140.83784218, 37.00343275 ], [ 140.83766933000001, 37.0033712 ], [ 140.83749983000001, 37.0031834 ], [ 140.83746034000001, 37.00298477 ], [ 140.83740016, 37.00288679 ], [ 140.83704504, 37.00278728 ], [ 140.83662637, 37.00270803 ], [ 140.83651962, 37.00280742 ], [ 140.83635972, 37.00298225 ], [ 140.83614671000001, 37.00285007 ], [ 140.83595372, 37.00274525 ], [ 140.835706, 37.00258971 ], [ 140.83553283000001, 37.00249655 ], [ 140.83536514, 37.00244678 ], [ 140.83518297000001, 37.00241678 ], [ 140.8351018, 37.00259882 ], [ 140.8348159, 37.0025302 ], [ 140.83485336000001, 37.00238802 ], [ 140.83434575000001, 37.00226628 ], [ 140.83413869, 37.00221276 ], [ 140.83400036, 37.00215881 ], [ 140.83388767, 37.00217948 ], [ 140.83374499000001, 37.00216879 ], [ 140.8337918, 37.00236544 ], [ 140.83384265000001, 37.00249505 ], [ 140.83398116000001, 37.00256878 ], [ 140.83409032, 37.00264671 ], [ 140.833889, 37.00265623 ], [ 140.8337517, 37.00268111 ], [ 140.8336745, 37.0027842 ], [ 140.83373451, 37.00286247 ], [ 140.83384782, 37.00288911 ], [ 140.83396075, 37.00288027 ], [ 140.83401969, 37.00288379 ], [ 140.83403609000001, 37.00300967 ], [ 140.83393944, 37.00312876 ], [ 140.83389802, 37.00324337 ], [ 140.83381403000001, 37.0033111 ], [ 140.83370625000001, 37.00333173 ], [ 140.83363218, 37.0033722 ], [ 140.83355115000001, 37.00349855 ], [ 140.83353765000001, 37.00359328 ], [ 140.83367567, 37.00381078 ], [ 140.83352013000001, 37.00393819 ], [ 140.83344775, 37.00404123 ], [ 140.83337103, 37.00418768 ], [ 140.83338461, 37.00429993 ], [ 140.83340331, 37.0044003 ], [ 140.83328067, 37.0045063 ], [ 140.83333439, 37.00458019 ], [ 140.83342305, 37.00466808 ], [ 140.83348085, 37.00483176 ], [ 140.8336862, 37.00517619 ], [ 140.83389436, 37.00557458 ], [ 140.83405768, 37.00577997 ], [ 140.83407051, 37.00582118 ], [ 140.83410559000001, 37.00587221 ], [ 140.83416079, 37.00595841 ], [ 140.83386882, 37.00617757 ], [ 140.834488, 37.00693296 ], [ 140.83482959, 37.0067488 ], [ 140.83513937000001, 37.00714424 ], [ 140.83473884, 37.00732495 ], [ 140.83384950000001, 37.00770283 ], [ 140.83372252000001, 37.00775916 ], [ 140.83363757000001, 37.00765344 ], [ 140.83351008, 37.00748985 ], [ 140.83343547000001, 37.00722957 ], [ 140.83357539, 37.00703528 ], [ 140.83339513000001, 37.00677668 ], [ 140.83321497, 37.00652602 ], [ 140.83298659, 37.0063466 ], [ 140.8328397, 37.00619613 ], [ 140.83272997, 37.00607491 ], [ 140.83260507, 37.0059144 ], [ 140.83251261000001, 37.00572397 ], [ 140.83240695000001, 37.00543073 ], [ 140.83235965, 37.00502266 ], [ 140.83241404, 37.00491963 ], [ 140.83225956000001, 37.00494684 ], [ 140.83212461, 37.00506443 ], [ 140.83201102000001, 37.00527201 ], [ 140.83199807, 37.00544319 ], [ 140.83216339000001, 37.00561386 ], [ 140.83229449000001, 37.0058657 ], [ 140.83239322, 37.00601855 ], [ 140.83240324, 37.0061266 ], [ 140.83274576, 37.00635511 ], [ 140.83296163, 37.00656491 ], [ 140.83310694, 37.00681593 ], [ 140.83319165, 37.00708379 ], [ 140.83341095, 37.00756207 ], [ 140.83315943, 37.00772697 ], [ 140.83376579, 37.00830786 ], [ 140.83301101000001, 37.0087862 ], [ 140.83322661, 37.00896777 ], [ 140.83310771000001, 37.00905847 ], [ 140.83293483, 37.00914293 ], [ 140.83273173000001, 37.00912472 ], [ 140.83245398, 37.00911045 ], [ 140.83248768000001, 37.00915002 ], [ 140.83252147, 37.00920288 ], [ 140.83252242, 37.00927595 ], [ 140.83251921, 37.00934575 ], [ 140.8325203, 37.00942881 ], [ 140.8324896, 37.00961176 ], [ 140.83253701000001, 37.00964621 ], [ 140.83256125, 37.00966663 ], [ 140.83258418, 37.00972226 ], [ 140.83260291, 37.00977828 ], [ 140.83273990000001, 37.00984915 ], [ 140.83283452000001, 37.00988172 ], [ 140.83288003000001, 37.00991787 ], [ 140.8329607, 37.0100047 ], [ 140.83315182000001, 37.01005293 ], [ 140.83317813, 37.01010459 ], [ 140.83330603, 37.0101247 ], [ 140.83332088, 37.01021335 ], [ 140.83327283, 37.01035829 ], [ 140.83318320000001, 37.01047204 ], [ 140.83299593000001, 37.01072439 ], [ 140.83284121, 37.01092162 ], [ 140.83298395, 37.01098934 ], [ 140.83318835, 37.01109891 ], [ 140.83337185, 37.01119543 ], [ 140.83351149000001, 37.01126733 ], [ 140.83370115, 37.01104312 ], [ 140.83378747, 37.01092419 ], [ 140.83389665000001, 37.01078901 ], [ 140.83393938, 37.01073381 ], [ 140.83402246, 37.01074972 ], [ 140.83408456000001, 37.01074595 ], [ 140.83414635, 37.01072544 ], [ 140.83418868000001, 37.01069277 ], [ 140.8342195, 37.01067336 ], [ 140.83425079, 37.01062959 ], [ 140.83429291, 37.01052828 ], [ 140.83434128, 37.01048873 ], [ 140.83439421, 37.01041422 ], [ 140.83438273, 37.01030928 ], [ 140.83439539, 37.01016978 ], [ 140.8345944, 37.00985659 ], [ 140.83461126, 37.00981688 ], [ 140.83461219, 37.00977385 ], [ 140.83459707, 37.00972512 ], [ 140.83456390000001, 37.0096593 ], [ 140.83467495, 37.00958627 ], [ 140.83478917, 37.00952751 ], [ 140.83512702, 37.00939189 ], [ 140.83558199000001, 37.00934491 ], [ 140.83588067, 37.00937555 ], [ 140.83607308000001, 37.0095217 ], [ 140.83612972, 37.00958318 ], [ 140.83622839, 37.00958396 ], [ 140.83637515000001, 37.00956921 ], [ 140.83652086000001, 37.00944196 ], [ 140.83675888, 37.00960547 ], [ 140.8369335, 37.00975353 ], [ 140.83698107000001, 37.00975996 ], [ 140.83702359, 37.00976249 ], [ 140.83706955, 37.00975316 ], [ 140.83711203, 37.00972612 ], [ 140.83717471, 37.00966575 ], [ 140.83721532000001, 37.00961711 ], [ 140.8372484, 37.00956889 ], [ 140.83731629, 37.00950495 ], [ 140.83754222, 37.00938998 ], [ 140.83775516, 37.00928237 ], [ 140.83780770000001, 37.00926552 ], [ 140.83788666000001, 37.00925549 ], [ 140.83795605, 37.00925892 ], [ 140.83801690000001, 37.00928002 ], [ 140.83807811, 37.00932259 ], [ 140.83816394, 37.00945394 ], [ 140.83818283, 37.00949504 ], [ 140.83822431, 37.00953228 ], [ 140.83832458000001, 37.00958071 ], [ 140.83837736000001, 37.00958266 ], [ 140.83843606, 37.00958688 ], [ 140.83854729000001, 37.00958123 ], [ 140.83866126000001, 37.00955682 ], [ 140.83877537000001, 37.00948968 ], [ 140.838842, 37.00947708 ], [ 140.83897143, 37.00946599 ], [ 140.83906235000001, 37.00946494 ], [ 140.83923717, 37.009475 ], [ 140.83930188, 37.00946932 ], [ 140.83935817, 37.00946448 ], [ 140.839445, 37.00943206 ], [ 140.83956478, 37.00936945 ], [ 140.83961127000001, 37.00933364 ], [ 140.83964497, 37.00929893 ], [ 140.83965774000001, 37.0092827 ], [ 140.83968528, 37.00924769 ], [ 140.83979263000001, 37.00914759 ], [ 140.83991083000001, 37.00913778 ], [ 140.84000952, 37.00911266 ], [ 140.84008581000001, 37.00908681 ], [ 140.8401672, 37.00905473 ], [ 140.84025396000001, 37.00899746 ], [ 140.84030296, 37.00894593 ], [ 140.84033557000001, 37.00889581 ], [ 140.84059239000001, 37.00856831 ], [ 140.84060816, 37.00851291 ], [ 140.84061221, 37.00840044 ], [ 140.84060045000001, 37.00806198 ], [ 140.84062774, 37.00790827 ], [ 140.84066268000001, 37.00784842 ], [ 140.84074356, 37.0077253 ], [ 140.84070123000001, 37.00767068 ], [ 140.84060561000001, 37.00758855 ], [ 140.84057115, 37.00749838 ], [ 140.84036641, 37.00739578 ], [ 140.84016253, 37.00715222 ], [ 140.84010280000001, 37.00700967 ], [ 140.84003804, 37.00695777 ], [ 140.83978881, 37.00614413 ], [ 140.83971467000001, 37.00602747 ], [ 140.83962094, 37.00593498 ], [ 140.83958735, 37.00585057 ], [ 140.83955379, 37.00576842 ], [ 140.83949737, 37.0058036 ], [ 140.83937629, 37.00586102 ], [ 140.83926069, 37.00592064 ], [ 140.83907781, 37.0060047 ], [ 140.83869769, 37.00612732 ], [ 140.83851567, 37.00587048 ], [ 140.83868592, 37.00584743 ], [ 140.83877645000001, 37.00583681 ], [ 140.83884687, 37.00563219 ], [ 140.83889484, 37.00557532 ], [ 140.83894793, 37.00550102 ], [ 140.83906987, 37.00550879 ], [ 140.83914956000001, 37.00552149 ], [ 140.83926145000001, 37.00546584 ], [ 140.83938129000001, 37.00531501 ], [ 140.83952819000001, 37.00537241 ], [ 140.83971737, 37.00534695 ], [ 140.83985442, 37.00526982 ], [ 140.8399628, 37.0051809 ], [ 140.84020145, 37.00500745 ], [ 140.84039721, 37.004869 ], [ 140.84034397, 37.00477216 ], [ 140.84033524, 37.00468275 ], [ 140.84034269, 37.0045297 ], [ 140.84036563000001, 37.00442524 ], [ 140.8404018, 37.00429258 ], [ 140.84048229000001, 37.00403352 ], [ 140.84048919, 37.0039444 ], [ 140.84050412, 37.00387923 ], [ 140.84041363, 37.00339401 ], [ 140.84153533, 37.00341631 ], [ 140.84152473, 37.00359692 ], [ 140.84180364, 37.00374718 ], [ 140.84181958, 37.00373099 ], [ 140.84205612, 37.0038631 ], [ 140.84243698, 37.00387021 ], [ 140.8424473, 37.00431789 ], [ 140.84243249, 37.00451239 ], [ 140.84289613000001, 37.00471875 ], [ 140.84293923000001, 37.00472577 ], [ 140.84299127, 37.00471794 ], [ 140.84312671000001, 37.00465209 ], [ 140.84329192000001, 37.00455388 ], [ 140.84355779000001, 37.00434119 ], [ 140.84357231000001, 37.00435775 ], [ 140.84364121, 37.00437068 ], [ 140.84374095000001, 37.00440567 ], [ 140.84382780000001, 37.00444809 ], [ 140.84389459, 37.00450053 ], [ 140.84394833, 37.00462842 ], [ 140.84410295000001, 37.00482381 ], [ 140.84416311000001, 37.00492559 ], [ 140.84415017000001, 37.00505545 ], [ 140.84412742000001, 37.00519336 ], [ 140.84414331, 37.00527974 ], [ 140.84433246, 37.00549054 ], [ 140.84451669000001, 37.00570138 ], [ 140.84457218, 37.00581496 ], [ 140.84459311000001, 37.00591708 ], [ 140.84456072, 37.00606287 ], [ 140.84448466000001, 37.00624446 ], [ 140.8446696, 37.00632349 ], [ 140.84486194, 37.00640444 ], [ 140.84502566, 37.00654463 ], [ 140.84530181, 37.00628665 ], [ 140.84554298, 37.00598566 ], [ 140.84565987, 37.00573882 ], [ 140.84568703, 37.00556948 ], [ 140.84576319000001, 37.00539571 ], [ 140.84585347000001, 37.00517465 ], [ 140.84598666, 37.00523652 ], [ 140.84611006, 37.0052944 ], [ 140.84627216000001, 37.00531266 ], [ 140.84639073, 37.00529842 ], [ 140.84650345, 37.00526007 ], [ 140.84675779, 37.00515202 ], [ 140.84670891, 37.00509971 ], [ 140.84661170000001, 37.00503731 ], [ 140.84649241, 37.00496447 ], [ 140.84640305, 37.00483872 ], [ 140.84637735000001, 37.00471411 ], [ 140.84628831000001, 37.004613 ], [ 140.84625605, 37.00449028 ], [ 140.84620577000001, 37.00433251 ], [ 140.8460404, 37.00408793 ], [ 140.84590668000001, 37.00392039 ], [ 140.84588334, 37.00381512 ], [ 140.84589815000001, 37.00374685 ], [ 140.8463228, 37.00379983 ], [ 140.84633218, 37.00373885 ], [ 140.84651151, 37.00377316 ], [ 140.84678585, 37.00372985 ], [ 140.84690123, 37.00375957 ], [ 140.84703428, 37.00366622 ], [ 140.84713611000001, 37.00363459 ], [ 140.84721907, 37.00362875 ], [ 140.84732166000001, 37.00365358 ], [ 140.84741388, 37.00369152 ], [ 140.84764386000001, 37.00385072 ], [ 140.84786512, 37.00414623 ], [ 140.84799495, 37.00429889 ], [ 140.84814599000001, 37.00435661 ], [ 140.84833174, 37.00439094 ], [ 140.84856995000001, 37.0045222 ], [ 140.84871253, 37.00466968 ], [ 140.84884736000001, 37.00470951 ], [ 140.84901997, 37.00471319 ], [ 140.84915858, 37.00478023 ], [ 140.84909556, 37.00500423 ], [ 140.84906474, 37.00520802 ], [ 140.84904294, 37.0055479 ], [ 140.84903501, 37.00567082 ], [ 140.84899767, 37.00574013 ], [ 140.84889815, 37.00581399 ], [ 140.84864160000001, 37.00595429 ], [ 140.84855618, 37.00601261 ], [ 140.84850777, 37.00604223 ], [ 140.84831654000001, 37.00599169 ], [ 140.84829748000001, 37.0060436 ], [ 140.84814683, 37.00614731 ], [ 140.84810473, 37.00614971 ], [ 140.84796683, 37.00605668 ], [ 140.84779302000001, 37.00604273 ], [ 140.84777783000001, 37.00614839 ], [ 140.84775177, 37.00620803 ], [ 140.8476168, 37.00609801 ], [ 140.84754394000001, 37.00609152 ], [ 140.8474506, 37.00608203 ], [ 140.84740688, 37.00606191 ], [ 140.84734008000001, 37.00602861 ], [ 140.84731929, 37.00600316 ], [ 140.84726267, 37.00596985 ], [ 140.84713563, 37.00592798 ], [ 140.84705188000001, 37.00586145 ], [ 140.84712555, 37.00643088 ], [ 140.8470083, 37.0064392 ], [ 140.84696478000001, 37.00655904 ], [ 140.84687337, 37.00682052 ], [ 140.84679094000001, 37.00707115 ], [ 140.84678412, 37.00723778 ], [ 140.84653173000001, 37.00726885 ], [ 140.84628262000001, 37.00738151 ], [ 140.846476, 37.00766598 ], [ 140.84700242, 37.00820101 ], [ 140.84730144, 37.00842898 ], [ 140.84707264, 37.00869641 ], [ 140.84695258, 37.00877022 ], [ 140.84681202, 37.00885414 ], [ 140.84652141000001, 37.00892947 ], [ 140.84626334000001, 37.00896912 ], [ 140.84617545, 37.00898085 ], [ 140.84573045, 37.00903104 ], [ 140.84558762, 37.0090433 ], [ 140.8455677, 37.00941407 ], [ 140.84519755, 37.00940293 ], [ 140.84504574, 37.00957227 ], [ 140.84494642000001, 37.00974779 ], [ 140.84492445000001, 37.00991096 ], [ 140.84496906000001, 37.0099921 ], [ 140.84495301000001, 37.01024449 ], [ 140.84474225, 37.01022502 ], [ 140.84472471000001, 37.01036485 ], [ 140.84471167000001, 37.01042769 ], [ 140.84467905, 37.01045662 ], [ 140.84461885, 37.01048473 ], [ 140.84456761000001, 37.01050657 ], [ 140.84450999000001, 37.01053635 ], [ 140.84442234, 37.01059996 ], [ 140.84436255, 37.01065214 ], [ 140.84432325, 37.01069331 ], [ 140.84430168, 37.01072876 ], [ 140.84430707000001, 37.01075815 ], [ 140.844349, 37.010861 ], [ 140.84441373000001, 37.01099626 ], [ 140.84446302000001, 37.01106575 ], [ 140.84455676, 37.01119689 ], [ 140.84461072, 37.01125465 ], [ 140.84463567, 37.01130879 ], [ 140.84468413, 37.01131612 ], [ 140.84473722000001, 37.01130793 ], [ 140.84483605, 37.01145846 ], [ 140.84488912, 37.01154833 ], [ 140.84498964, 37.01161478 ], [ 140.8450757, 37.01165044 ], [ 140.84522141, 37.01205281 ], [ 140.84510113, 37.01210431 ], [ 140.84528067, 37.01250259 ], [ 140.84534946, 37.01276397 ], [ 140.84549036000001, 37.01317413 ], [ 140.84552071, 37.01327095 ], [ 140.84514458000001, 37.01327379 ], [ 140.84468851, 37.01328576 ], [ 140.84466395000001, 37.013406 ], [ 140.84458919, 37.01346127 ], [ 140.84449919, 37.01360565 ], [ 140.84443618, 37.01368679 ], [ 140.84435108, 37.01375052 ], [ 140.84423789, 37.01397261 ], [ 140.84420230000001, 37.01407584 ], [ 140.8440957, 37.01419903 ], [ 140.84400042, 37.01431628 ], [ 140.84396315000001, 37.01431251 ], [ 140.84390284, 37.01433189 ], [ 140.84386633, 37.01437261 ], [ 140.84385344, 37.0144132 ], [ 140.84384638, 37.01464241 ], [ 140.84383376, 37.01470996 ], [ 140.84380838000001, 37.01479522 ], [ 140.84359917, 37.01494019 ], [ 140.84394058000001, 37.01494032 ], [ 140.84417838, 37.014959 ], [ 140.84433089000001, 37.01497362 ], [ 140.84448166000001, 37.01498966 ], [ 140.84458708, 37.01500207 ], [ 140.84463867, 37.01501987 ], [ 140.8446828, 37.01504399 ], [ 140.84479786, 37.01512771 ], [ 140.84485335, 37.01512787 ], [ 140.84513423000001, 37.01514499 ], [ 140.84536244, 37.01520127 ], [ 140.84568773000001, 37.01527609 ], [ 140.84624406, 37.01536345 ], [ 140.8463727, 37.01522008 ], [ 140.84642962000001, 37.01505824 ], [ 140.84644705, 37.01500895 ] ] ] } },
{ "type": "Feature", "properties": { "DIDid": 720404, "行政コード": "07204", "市町村名称": "いわき市", "DID符号": 4, "人口": 11259, "面積": 2.91, "前回人口": 11331, "前回面積": 2.97, "人口割合": 3.2, "面積割合": 0.2, "調査年度": 2015 }, "geometry": { "type": "Polygon", "coordinates": [ [ [ 140.78076473, 36.92828475 ], [ 140.78085504000001, 36.92817737 ], [ 140.78094936, 36.92802574 ], [ 140.78100352000001, 36.92795913 ], [ 140.78106655, 36.92782338 ], [ 140.78056874000001, 36.92717112 ], [ 140.78048964000001, 36.92707199 ], [ 140.78047082000001, 36.92703223 ], [ 140.78076007000001, 36.92707885 ], [ 140.78088133, 36.92705648 ], [ 140.78114937000001, 36.927019 ], [ 140.78121728, 36.92697924 ], [ 140.78128057000001, 36.92696304 ], [ 140.78153420000001, 36.9269375 ], [ 140.78170942, 36.92688908 ], [ 140.78188421, 36.92681327 ], [ 140.78191257, 36.92673848 ], [ 140.78205650000001, 36.92654309 ], [ 140.7822689, 36.92633188 ], [ 140.78263212, 36.92608587 ], [ 140.78266160000001, 36.92610134 ], [ 140.78278263000001, 36.926018 ], [ 140.78295741, 36.92573626 ], [ 140.78296515, 36.92557553 ], [ 140.78307411, 36.92530411 ], [ 140.78322535000001, 36.92489914 ], [ 140.78324097000001, 36.9247794 ], [ 140.78335135, 36.92462954 ], [ 140.7834766, 36.92449132 ], [ 140.78361708, 36.92440001 ], [ 140.7837184, 36.92429726 ], [ 140.78375314, 36.92434795 ], [ 140.78378285, 36.92437511 ], [ 140.78381725, 36.92439841 ], [ 140.78385655, 36.92441373 ], [ 140.78388117, 36.92443318 ], [ 140.78390621, 36.92448 ], [ 140.7839067, 36.92451921 ], [ 140.78425747, 36.92445755 ], [ 140.78428344, 36.92457893 ], [ 140.7841595, 36.92482295 ], [ 140.78446114, 36.92473831 ], [ 140.7845538, 36.92472969 ], [ 140.7848032, 36.92475909 ], [ 140.7848765, 36.92475851 ], [ 140.78500272, 36.92469864 ], [ 140.78521641, 36.92460682 ], [ 140.78531798, 36.92453145 ], [ 140.785419, 36.92440525 ], [ 140.78543703, 36.92436681 ], [ 140.78555872000001, 36.92428832 ], [ 140.78587567, 36.92405979 ], [ 140.78597761, 36.92397928 ], [ 140.7863252, 36.92365503 ], [ 140.78628760000001, 36.92357888 ], [ 140.78639003000001, 36.9235663 ], [ 140.78634269, 36.92329218 ], [ 140.78649966, 36.92296164 ], [ 140.78678187, 36.92288102 ], [ 140.7870491, 36.922773 ], [ 140.787121, 36.92266661 ], [ 140.78717318, 36.92254066 ], [ 140.78725358, 36.92233612 ], [ 140.78728965, 36.9222755 ], [ 140.78734228, 36.92210097 ], [ 140.78739947, 36.92203194 ], [ 140.78743647, 36.92198222 ], [ 140.78751427, 36.92192126 ], [ 140.78780829, 36.92166207 ], [ 140.78790786, 36.92153286 ], [ 140.78792651000001, 36.92140345 ], [ 140.78802151, 36.92107623 ], [ 140.78808431, 36.92090837 ], [ 140.78812678, 36.92061579 ], [ 140.78823736000001, 36.92043375 ], [ 140.78829427, 36.92034276 ], [ 140.78836888000001, 36.92029274 ], [ 140.78848439000001, 36.92023971 ], [ 140.78857421000001, 36.92018548 ], [ 140.7889903, 36.91984463 ], [ 140.78915876, 36.92009258 ], [ 140.78938876000001, 36.92041733 ], [ 140.78974292000001, 36.92072743 ], [ 140.79014881000001, 36.92066516 ], [ 140.79044748000001, 36.92060376 ], [ 140.79076901, 36.9205695 ], [ 140.79066459000001, 36.92035258 ], [ 140.79098534, 36.92025474 ], [ 140.79100688, 36.9201684 ], [ 140.79105682, 36.92009541 ], [ 140.79124914, 36.91988751 ], [ 140.7913965, 36.91992716 ], [ 140.79146325, 36.91984495 ], [ 140.79149658, 36.91980385 ], [ 140.79151835, 36.91973566 ], [ 140.79154466, 36.91958127 ], [ 140.79170219, 36.91953009 ], [ 140.79178065, 36.91947961 ], [ 140.79188101, 36.91937897 ], [ 140.79198728, 36.91928743 ], [ 140.79200918000001, 36.91923734 ], [ 140.79215445, 36.91910916 ], [ 140.79262479, 36.91922323 ], [ 140.79260143, 36.91933282 ], [ 140.79257858, 36.919525 ], [ 140.79261571000001, 36.91969627 ], [ 140.7927226, 36.91985142 ], [ 140.79285292, 36.92002194 ], [ 140.79293241, 36.92047378 ], [ 140.79311874000001, 36.92045348 ], [ 140.79336863, 36.92055137 ], [ 140.79374067000001, 36.91969811 ], [ 140.79402822, 36.919078 ], [ 140.79441418, 36.91824497 ], [ 140.79469511, 36.91833634 ], [ 140.79501897, 36.91844594 ], [ 140.79516283000001, 36.91845105 ], [ 140.79526335, 36.91841285 ], [ 140.79539722000001, 36.91824322 ], [ 140.79563811, 36.91766531 ], [ 140.7957327, 36.91735702 ], [ 140.79603193, 36.91795007 ], [ 140.79631581000001, 36.9182976 ], [ 140.79641045, 36.91836956 ], [ 140.79672476, 36.91878085 ], [ 140.79676936000001, 36.91884815 ], [ 140.79692899, 36.91912523 ], [ 140.79679531, 36.91917644 ], [ 140.79687843, 36.91957453 ], [ 140.79689344, 36.92027408 ], [ 140.79746576, 36.92033211 ], [ 140.79744030000001, 36.9205455 ], [ 140.79734888, 36.92109919 ], [ 140.79690777, 36.92105157 ], [ 140.79679805000001, 36.92116109 ], [ 140.79671753, 36.92152826 ], [ 140.79651794, 36.92262957 ], [ 140.79650097000001, 36.92321223 ], [ 140.79645404, 36.92349 ], [ 140.79611691, 36.92345647 ], [ 140.79562211000001, 36.92339394 ], [ 140.79484071, 36.92325058 ], [ 140.79468825000001, 36.92325181 ], [ 140.79450293, 36.92333955 ], [ 140.79440814, 36.92344458 ], [ 140.79433607000001, 36.92354957 ], [ 140.7942431, 36.92379976 ], [ 140.79402655000001, 36.92409636 ], [ 140.79383804, 36.92438365 ], [ 140.79373889, 36.92458855 ], [ 140.79368594, 36.92464565 ], [ 140.79360204, 36.92470983 ], [ 140.79342740000001, 36.92474757 ], [ 140.79296562, 36.92486464 ], [ 140.79282602000001, 36.92499735 ], [ 140.79274835000001, 36.92511132 ], [ 140.79269405, 36.92528418 ], [ 140.79254101000001, 36.92570276 ], [ 140.79234012000001, 36.9258994 ], [ 140.79225109000001, 36.92600896 ], [ 140.79218196, 36.92612519 ], [ 140.79319472, 36.92669771 ], [ 140.79401678, 36.92715145 ], [ 140.7933258, 36.92791456 ], [ 140.79409691000001, 36.92835962 ], [ 140.79429599, 36.92846686 ], [ 140.79435844, 36.92848895 ], [ 140.79451052, 36.92845605 ], [ 140.79464531, 36.92838695 ], [ 140.79472938000001, 36.92833628 ], [ 140.79481796, 36.92819053 ], [ 140.79508975, 36.92824276 ], [ 140.79506539, 36.92809779 ], [ 140.79511993, 36.92794316 ], [ 140.79531554, 36.92777367 ], [ 140.79561753, 36.92764711 ], [ 140.79561103, 36.92768074 ], [ 140.79594009, 36.92762225 ], [ 140.79598097, 36.9275606 ], [ 140.79598023, 36.9275021 ], [ 140.79597177, 36.92737953 ], [ 140.79593284000001, 36.92732401 ], [ 140.79616433000001, 36.92723294 ], [ 140.79665535000001, 36.92679697 ], [ 140.79705688000001, 36.92642854 ], [ 140.79721968000001, 36.92625861 ], [ 140.79731501000001, 36.92611288 ], [ 140.79748577000001, 36.92588578 ], [ 140.79754995, 36.9257458 ], [ 140.79760687000001, 36.92617944 ], [ 140.79762285000001, 36.9262576 ], [ 140.79755106, 36.92651727 ], [ 140.79742780000001, 36.92686183 ], [ 140.79737915000001, 36.92716954 ], [ 140.79746957, 36.92719887 ], [ 140.79769374, 36.92711877 ], [ 140.79800719, 36.92698366 ], [ 140.79834980000001, 36.92677594 ], [ 140.79867856000001, 36.92665887 ], [ 140.79891604, 36.92645208 ], [ 140.79910648000001, 36.9266735 ], [ 140.79981116, 36.92612611 ], [ 140.80003616, 36.92631402 ], [ 140.80041196, 36.92635406 ], [ 140.80059207, 36.92618039 ], [ 140.80103117, 36.9259207 ], [ 140.801151, 36.92607046 ], [ 140.80119933, 36.92607872 ], [ 140.80163892, 36.9260665 ], [ 140.80235429000001, 36.92563819 ], [ 140.80278123, 36.92587423 ], [ 140.80290451, 36.92587323 ], [ 140.80299558, 36.92586383 ], [ 140.8031182, 36.92581123 ], [ 140.80327811000001, 36.92573241 ], [ 140.80340608, 36.92567976 ], [ 140.80355589000001, 36.92564834 ], [ 140.80400153, 36.92506135 ], [ 140.80382848, 36.92494653 ], [ 140.8035828, 36.92480857 ], [ 140.80368652000001, 36.92474541 ], [ 140.80370227, 36.92471508 ], [ 140.80371799, 36.92468919 ], [ 140.8037175, 36.9246504 ], [ 140.80371722000001, 36.92462886 ], [ 140.80363132, 36.92461667 ], [ 140.80358819, 36.92460407 ], [ 140.80354499000001, 36.92457865 ], [ 140.80349623000001, 36.92453596 ], [ 140.80348488000001, 36.92448445 ], [ 140.80348384000001, 36.92440258 ], [ 140.80352465000001, 36.9242387 ], [ 140.80359076, 36.92395402 ], [ 140.80360091, 36.92391092 ], [ 140.80318336, 36.92396592 ], [ 140.80302579, 36.92379929 ], [ 140.8042639, 36.92312841 ], [ 140.80434277000001, 36.92300724 ], [ 140.80460859, 36.92282428 ], [ 140.80481282, 36.92270096 ], [ 140.805, 36.92253286 ], [ 140.80524049, 36.92229561 ], [ 140.80542748, 36.92211315 ], [ 140.80549608000001, 36.92206718 ], [ 140.80587002, 36.92181631 ], [ 140.80617985000001, 36.92171606 ], [ 140.80657952000001, 36.92159333 ], [ 140.8066274, 36.92159406 ], [ 140.80659617000001, 36.92158587 ], [ 140.80653907000001, 36.92157007 ], [ 140.80641102000001, 36.92151233 ], [ 140.80629579000001, 36.92146209 ], [ 140.80661848, 36.92130562 ], [ 140.80714743, 36.92155827 ], [ 140.80731587, 36.92162815 ], [ 140.80758076000001, 36.92149046 ], [ 140.80944636000001, 36.92037972 ], [ 140.80936459, 36.92023769 ], [ 140.80993809, 36.9199047 ], [ 140.81052471000001, 36.91990707 ], [ 140.81051540000001, 36.91987145 ], [ 140.81041384, 36.91957258 ], [ 140.81013384, 36.91922511 ], [ 140.81025707000001, 36.91913138 ], [ 140.81014701000001, 36.91906758 ], [ 140.81017806, 36.91903389 ], [ 140.81038118000001, 36.91857552 ], [ 140.81043953, 36.91837228 ], [ 140.81046559000001, 36.9180699 ], [ 140.81042634, 36.91772764 ], [ 140.81026835, 36.91666536 ], [ 140.81015186, 36.91564632 ], [ 140.80999914, 36.91449451 ], [ 140.81058505, 36.91442325 ], [ 140.81093670000001, 36.91438699 ], [ 140.81124723, 36.91437895 ], [ 140.81231732000001, 36.91437847 ], [ 140.81336191, 36.91440726 ], [ 140.81413861, 36.91441192 ], [ 140.81443705000001, 36.91439707 ], [ 140.81484675, 36.9143133 ], [ 140.81498754, 36.91425673 ], [ 140.81526548, 36.91412694 ], [ 140.81575699000001, 36.91382487 ], [ 140.81614409, 36.9135916 ], [ 140.81658018, 36.91328175 ], [ 140.81689081, 36.9130075 ], [ 140.81705932, 36.91282179 ], [ 140.81709312000001, 36.91276336 ], [ 140.81711436000001, 36.91226431 ], [ 140.81716537, 36.91220834 ], [ 140.81836551000001, 36.9113143 ], [ 140.81841693000001, 36.91128332 ], [ 140.81789177, 36.91100282 ], [ 140.81442129000001, 36.90833633 ], [ 140.81368346, 36.9092791 ], [ 140.813539, 36.90941117 ], [ 140.81289281, 36.90985418 ], [ 140.81203595, 36.91030567 ], [ 140.81089006, 36.91100776 ], [ 140.81034887000001, 36.91043005 ], [ 140.80940612000001, 36.9109748 ], [ 140.80901028, 36.91056064 ], [ 140.80815978000001, 36.91107075 ], [ 140.80774137, 36.91130889 ], [ 140.80720049000001, 36.91163814 ], [ 140.80706386, 36.91171818 ], [ 140.806467, 36.91118609 ], [ 140.80592306, 36.91195946 ], [ 140.80557181, 36.91161031 ], [ 140.80526908, 36.91221325 ], [ 140.80523118, 36.91234943 ], [ 140.80521881000001, 36.91250857 ], [ 140.8051979, 36.91284421 ], [ 140.80520952000001, 36.91291051 ], [ 140.8051821, 36.91289144 ], [ 140.80512407000001, 36.91312755 ], [ 140.80505498, 36.91339135 ], [ 140.80492585, 36.91373224 ], [ 140.80482242, 36.91399019 ], [ 140.80473657, 36.91413473 ], [ 140.80451981, 36.91447935 ], [ 140.80393372, 36.91530601 ], [ 140.80378552, 36.9154985 ], [ 140.80351147, 36.91522222 ], [ 140.80329788, 36.91562384 ], [ 140.80309546000001, 36.91606312 ], [ 140.80288150000001, 36.91643623 ], [ 140.80262158, 36.91675833 ], [ 140.80234708, 36.91672479 ], [ 140.80228739, 36.91671922 ], [ 140.80242854, 36.91660064 ], [ 140.80248067, 36.91651426 ], [ 140.80267032, 36.91587543 ], [ 140.80289537, 36.91531157 ], [ 140.80302302000001, 36.91504018 ], [ 140.80301804000001, 36.91499341 ], [ 140.80292959, 36.91485529 ], [ 140.80356363000001, 36.91395771 ], [ 140.80269057000001, 36.91352718 ], [ 140.80252524, 36.91349403 ], [ 140.80216657, 36.91347962 ], [ 140.80185861000001, 36.91351092 ], [ 140.80142888, 36.91354897 ], [ 140.80114981, 36.91359728 ], [ 140.8009171, 36.91365113 ], [ 140.79997013, 36.91388008 ], [ 140.79905654000001, 36.91409384 ], [ 140.79821176, 36.91430625 ], [ 140.79813557, 36.91431369 ], [ 140.79760397000001, 36.91440177 ], [ 140.79639247, 36.91451928 ], [ 140.79500033, 36.9147683 ], [ 140.7948739, 36.91480333 ], [ 140.7948141, 36.91485225 ], [ 140.79477276, 36.91492531 ], [ 140.7949305, 36.91498226 ], [ 140.79507042, 36.91505871 ], [ 140.79510718, 36.91510213 ], [ 140.7951746, 36.91517917 ], [ 140.79524838, 36.91528038 ], [ 140.79537825, 36.91552673 ], [ 140.79538744000001, 36.91561001 ], [ 140.79539940000001, 36.91588533 ], [ 140.79538065, 36.91608261 ], [ 140.79533759, 36.91636844 ], [ 140.7951632, 36.91631212 ], [ 140.79500534, 36.91622497 ], [ 140.79478711, 36.91605678 ], [ 140.79463073, 36.91588443 ], [ 140.79418259, 36.91507075 ], [ 140.7936751, 36.91522283 ], [ 140.79317019000001, 36.91541348 ], [ 140.79284448000001, 36.91556128 ], [ 140.79266490000001, 36.91565798 ], [ 140.79247435, 36.91578195 ], [ 140.79223361000001, 36.91595173 ], [ 140.79181971, 36.91627702 ], [ 140.79125572000001, 36.91679867 ], [ 140.79110547, 36.91697673 ], [ 140.79070636, 36.9175878 ], [ 140.79013907000001, 36.91852893 ], [ 140.78998366, 36.91874336 ], [ 140.78983840000001, 36.91887154 ], [ 140.78947922, 36.91906493 ], [ 140.78896349, 36.91934006 ], [ 140.7885475, 36.91954778 ], [ 140.78787992, 36.91898632 ], [ 140.78802493000001, 36.91885886 ], [ 140.78842193, 36.91853365 ], [ 140.78977245, 36.91721204 ], [ 140.78999798000001, 36.91627134 ], [ 140.7899096, 36.91622255 ], [ 140.78947596, 36.91659594 ], [ 140.78756844, 36.91682795 ], [ 140.78750226, 36.91692768 ], [ 140.78588617, 36.91710312 ], [ 140.78504374, 36.9171369 ], [ 140.78486763000001, 36.91743611 ], [ 140.78470555000001, 36.91786341 ], [ 140.78440921000001, 36.91774391 ], [ 140.78420446000001, 36.9176724 ], [ 140.78401861, 36.91755371 ], [ 140.78383448, 36.9173915 ], [ 140.78365935, 36.91726061 ], [ 140.7834849, 36.91718541 ], [ 140.78335415000001, 36.91713414 ], [ 140.78333962, 36.9170088 ], [ 140.78322549000001, 36.91694741 ], [ 140.78256730000001, 36.91699068 ], [ 140.78262072000001, 36.91709818 ], [ 140.78252372, 36.91711747 ], [ 140.78220107000001, 36.91718164 ], [ 140.78171242, 36.91730044 ], [ 140.78158661000001, 36.91730144 ], [ 140.78144457, 36.91738621 ], [ 140.78127939000001, 36.91753551 ], [ 140.78117215, 36.91763388 ], [ 140.78094585, 36.91791778 ], [ 140.78079221, 36.91812099 ], [ 140.78071552, 36.91823657 ], [ 140.78067124, 36.91833619 ], [ 140.7805823, 36.91851093 ], [ 140.78049891000001, 36.91877983 ], [ 140.78043524, 36.91889179 ], [ 140.78037212000001, 36.919049 ], [ 140.78028757000001, 36.91923082 ], [ 140.78016417000001, 36.91941985 ], [ 140.78012623000001, 36.91950724 ], [ 140.78001223000001, 36.9196762 ], [ 140.77995251, 36.91975327 ], [ 140.77979605, 36.91995658 ], [ 140.77975359000001, 36.91992615 ], [ 140.77952367, 36.91976119 ], [ 140.77919297, 36.91974284 ], [ 140.77919417000001, 36.9198685 ], [ 140.77924907, 36.91986926 ], [ 140.77919571000001, 36.92002894 ], [ 140.77919653000001, 36.92010954 ], [ 140.77916739, 36.92011386 ], [ 140.77912469, 36.92024163 ], [ 140.77909331000001, 36.9204345 ], [ 140.77909781, 36.92069953 ], [ 140.77906559, 36.92081709 ], [ 140.77898334, 36.9211292 ], [ 140.77894431000001, 36.92137691 ], [ 140.77892080000001, 36.92151819 ], [ 140.77891034000001, 36.92160796 ], [ 140.77887729, 36.92172932 ], [ 140.77883428000001, 36.92193235 ], [ 140.77879545, 36.92208973 ], [ 140.77875894, 36.92221464 ], [ 140.77873155, 36.92231117 ], [ 140.77871949, 36.92235759 ], [ 140.77870123, 36.9224482 ], [ 140.77865493, 36.92263232 ], [ 140.77857003, 36.92281569 ], [ 140.77852325000001, 36.92299651 ], [ 140.77849326, 36.92323837 ], [ 140.7784581, 36.92350843 ], [ 140.77846273, 36.9237627 ], [ 140.77846986, 36.92387155 ], [ 140.77846917, 36.92393612 ], [ 140.77846958000001, 36.92404102 ], [ 140.77849322, 36.9240949 ], [ 140.77850792000001, 36.92412062 ], [ 140.77856890000001, 36.92425918 ], [ 140.77860317, 36.92440704 ], [ 140.77863713, 36.92453701 ], [ 140.77864214, 36.92455922 ], [ 140.77867052, 36.92474155 ], [ 140.77867202, 36.92474921 ], [ 140.77868247000001, 36.92501279 ], [ 140.77869061000001, 36.92540269 ], [ 140.77856359, 36.9259884 ], [ 140.77842386, 36.92646889 ], [ 140.77841756000001, 36.92647689 ], [ 140.77824717, 36.92666791 ], [ 140.77809371000001, 36.92685225 ], [ 140.77808060000001, 36.92686989 ], [ 140.77816854, 36.92695395 ], [ 140.77839807000001, 36.92727042 ], [ 140.77870578, 36.92696552 ], [ 140.77888577, 36.92726084 ], [ 140.77899676000001, 36.92730192 ], [ 140.77925047, 36.92785756 ], [ 140.77889043, 36.92800828 ], [ 140.7787894, 36.92802872 ], [ 140.77881342000001, 36.92810612 ], [ 140.77883287, 36.92818967 ], [ 140.77879999000001, 36.92826139 ], [ 140.77865502, 36.92819601 ], [ 140.77848890000001, 36.92815798 ], [ 140.77828899, 36.92811029 ], [ 140.77818091, 36.928057 ], [ 140.77817894, 36.92814566 ], [ 140.77817344, 36.92844618 ], [ 140.77816864, 36.9285545 ], [ 140.77816421, 36.92869253 ], [ 140.77814102, 36.92879606 ], [ 140.77810504000001, 36.92886527 ], [ 140.77813757000001, 36.92887213 ], [ 140.77837247, 36.9289696 ], [ 140.77851719, 36.92900703 ], [ 140.77870546, 36.92903496 ], [ 140.77883857, 36.92905601 ], [ 140.77907279, 36.92910561 ], [ 140.77918726, 36.92910097 ], [ 140.77947974, 36.92903978 ], [ 140.77975837, 36.92897146 ], [ 140.77988606, 36.92892257 ], [ 140.78006827, 36.92883649 ], [ 140.78030238, 36.92868565 ], [ 140.78042474, 36.92858167 ], [ 140.78064707, 36.92839967 ], [ 140.78076473, 36.92828475 ] ] ] } },
{ "type": "Feature", "properties": { "DIDid": 720405, "行政コード": "07204", "市町村名称": "いわき市", "DID符号": 5, "人口": 9713, "面積": 1.59, "前回人口": 7260, "前回面積": 1.11, "人口割合": 2.8, "面積割合": 0.1, "調査年度": 2015 }, "geometry": { "type": "Polygon", "coordinates": [ [ [ 140.92856036000001, 37.01607302 ], [ 140.92881002, 37.01582291 ], [ 140.92915489000001, 37.01604891 ], [ 140.92963349, 37.01558387 ], [ 140.92976880000001, 37.01543957 ], [ 140.9298861, 37.01528399 ], [ 140.92998762, 37.01514716 ], [ 140.93050331000001, 37.01438402 ], [ 140.9309658, 37.01368756 ], [ 140.93098472, 37.01363875 ], [ 140.93101001, 37.01353552 ], [ 140.93124968000001, 37.01357908 ], [ 140.93164676000001, 37.01363088 ], [ 140.93170943000001, 37.0136272 ], [ 140.93181306, 37.01361132 ], [ 140.93208655000001, 37.01356937 ], [ 140.93255818, 37.01341125 ], [ 140.93309599, 37.01315297 ], [ 140.93324954, 37.01291404 ], [ 140.93344914, 37.01259776 ], [ 140.93354299000001, 37.01245665 ], [ 140.93353808000001, 37.01222945 ], [ 140.93360818, 37.01198077 ], [ 140.93359157, 37.01169052 ], [ 140.93448497, 37.01166534 ], [ 140.93448118000001, 37.01157108 ], [ 140.93447204, 37.01134401 ], [ 140.93491496, 37.011323 ], [ 140.93490259000001, 37.01116597 ], [ 140.93482136, 37.01013516 ], [ 140.9341953, 37.01014097 ], [ 140.93397836, 37.00983363 ], [ 140.93285917, 37.00985294 ], [ 140.93256725000001, 37.00985798 ], [ 140.93256049, 37.00977784 ], [ 140.93250707000001, 37.00965668 ], [ 140.93240545, 37.00954408 ], [ 140.93230554, 37.00947201 ], [ 140.93221401, 37.00943591 ], [ 140.9320845, 37.00941639 ], [ 140.93181592, 37.00941527 ], [ 140.93152196, 37.00941866 ], [ 140.93034765, 37.00943218 ], [ 140.93036199, 37.009703 ], [ 140.93036143, 37.00973831 ], [ 140.93036116, 37.00975532 ], [ 140.93035005, 37.01050905 ], [ 140.93034053, 37.01091979 ], [ 140.92994249, 37.01091391 ], [ 140.92988928, 37.00973449 ], [ 140.9296211, 37.00971245 ], [ 140.92906609, 37.009669 ], [ 140.92880376, 37.0096485 ], [ 140.92877584, 37.00887766 ], [ 140.92899445, 37.00887942 ], [ 140.92950544000001, 37.00887787 ], [ 140.92981302000001, 37.00888784 ], [ 140.93006455, 37.00888869 ], [ 140.93019393, 37.00888749 ], [ 140.93027525, 37.0088892 ], [ 140.93027093000001, 37.00886313 ], [ 140.93016632000001, 37.0083175 ], [ 140.9299289, 37.00764914 ], [ 140.92992724000001, 37.00764345 ], [ 140.92992622, 37.00764008 ], [ 140.9298958, 37.00753821 ], [ 140.92988708, 37.00752372 ], [ 140.93029965, 37.00737974 ], [ 140.93042428000001, 37.00774094 ], [ 140.93047686, 37.00796284 ], [ 140.93055866, 37.00823841 ], [ 140.93094714, 37.00815365 ], [ 140.93084218000001, 37.00801417 ], [ 140.93080406000001, 37.00779684 ], [ 140.93073281, 37.00734976 ], [ 140.93072278, 37.00722538 ], [ 140.93036188, 37.00673176 ], [ 140.93035598, 37.00672471 ], [ 140.93123189, 37.00632786 ], [ 140.93140026, 37.00657988 ], [ 140.93144281, 37.00655984 ], [ 140.93150058000001, 37.00656593 ], [ 140.93161061000001, 37.00658033 ], [ 140.93167087, 37.00657097 ], [ 140.93167897000001, 37.00655991 ], [ 140.93169209000001, 37.00651354 ], [ 140.93168308, 37.00646075 ], [ 140.93145724, 37.00612471 ], [ 140.93098471, 37.00544303 ], [ 140.93084454000001, 37.00524178 ], [ 140.93083257000001, 37.00517142 ], [ 140.93080111, 37.00489201 ], [ 140.93094357000001, 37.00467485 ], [ 140.93108843, 37.00443563 ], [ 140.93120419, 37.00426721 ], [ 140.93126342, 37.00418514 ], [ 140.93141819, 37.00406255 ], [ 140.93159548, 37.00397945 ], [ 140.93170734, 37.00392555 ], [ 140.93192326, 37.00385533 ], [ 140.93207404, 37.00383408 ], [ 140.93259176000001, 37.00383696 ], [ 140.93257641, 37.00420142 ], [ 140.93456786, 37.00424427 ], [ 140.93452825, 37.00416889 ], [ 140.93448657, 37.00407705 ], [ 140.9345646, 37.00392384 ], [ 140.93457919, 37.0038571 ], [ 140.93462034000001, 37.00369621 ], [ 140.93452531, 37.00356889 ], [ 140.93446577, 37.00345589 ], [ 140.93456473000001, 37.00333592 ], [ 140.93465667000001, 37.00313654 ], [ 140.93259732000001, 37.00306349 ], [ 140.93262339, 37.0028041 ], [ 140.932625, 37.00252861 ], [ 140.93351643, 37.00253224 ], [ 140.93481079, 37.0025386 ], [ 140.93478237, 37.00242855 ], [ 140.93485283000001, 37.00239079 ], [ 140.93496196000001, 37.00221406 ], [ 140.93266267000001, 37.00217231 ], [ 140.93155346, 37.00213345 ], [ 140.93145765, 37.00179184 ], [ 140.93137432, 37.00180902 ], [ 140.9309413, 37.00191574 ], [ 140.93064632, 37.00200112 ], [ 140.93050228000001, 37.00205758 ], [ 140.93033823, 37.00213949 ], [ 140.93019023, 37.00223865 ], [ 140.92967798000001, 37.00188667 ], [ 140.92976039000001, 37.0018048 ], [ 140.92829178, 37.0009407 ], [ 140.92771536000001, 37.00157448 ], [ 140.92717353, 37.00126571 ], [ 140.92642071, 37.00145344 ], [ 140.92638102000001, 37.00159432 ], [ 140.92593102000001, 37.00150814 ], [ 140.92573187, 37.00144296 ], [ 140.92558927, 37.00139746 ], [ 140.92519456, 37.00123615 ], [ 140.92498828000001, 37.00113329 ], [ 140.92524878, 37.00076045 ], [ 140.92530435, 37.00068658 ], [ 140.92527443, 37.00057675 ], [ 140.92513195000001, 37.00036145 ], [ 140.92508213, 37.00022906 ], [ 140.92509797, 37.00012057 ], [ 140.92514824, 36.99997684 ], [ 140.92523355, 36.99984673 ], [ 140.92546830000001, 36.99950215 ], [ 140.92507609, 36.99935025 ], [ 140.9247437, 36.99926235 ], [ 140.92444207, 36.99919529 ], [ 140.92415811000001, 36.99914898 ], [ 140.92382219000001, 36.99912067 ], [ 140.92329698, 36.99911677 ], [ 140.92331999000001, 36.99950446 ], [ 140.92263271, 36.99959118 ], [ 140.92218939, 36.99967213 ], [ 140.92145663, 36.99978192 ], [ 140.92154053, 37.00016201 ], [ 140.92113609, 37.00022162 ], [ 140.92129186, 37.00059936 ], [ 140.92106163, 37.0006504 ], [ 140.92085377000001, 37.0007432 ], [ 140.92064669000001, 37.00088491 ], [ 140.92049638, 37.00104356 ], [ 140.92040268, 37.00119459 ], [ 140.9203225, 37.00137709 ], [ 140.92031326, 37.00164624 ], [ 140.92084432, 37.00160645 ], [ 140.9209253, 37.00193595 ], [ 140.9210185, 37.00231454 ], [ 140.92054085000001, 37.00240679 ], [ 140.92050623, 37.00242245 ], [ 140.92048968, 37.00247449 ], [ 140.9204871, 37.00259553 ], [ 140.92046185000001, 37.00264075 ], [ 140.91953944, 37.00327857 ], [ 140.91963607, 37.0036049 ], [ 140.91939414000001, 37.00365499 ], [ 140.91904023000001, 37.00375736 ], [ 140.91869783000001, 37.00389101 ], [ 140.91843965000001, 37.00400883 ], [ 140.91815394, 37.0041721 ], [ 140.91791831, 37.00433244 ], [ 140.91759498, 37.00459777 ], [ 140.91751631, 37.00467762 ], [ 140.91742527, 37.00476997 ], [ 140.91726164, 37.00495035 ], [ 140.916666, 37.00464013 ], [ 140.91605633, 37.00433145 ], [ 140.91635174000001, 37.00397844 ], [ 140.91660644000001, 37.00365235 ], [ 140.91688236, 37.00330572 ], [ 140.91714309, 37.00298436 ], [ 140.91673232, 37.00276129 ], [ 140.91639019, 37.00256737 ], [ 140.91580165, 37.00227567 ], [ 140.91562811, 37.00218961 ], [ 140.91543179000001, 37.00209439 ], [ 140.91501553000001, 37.00189805 ], [ 140.91467447, 37.00177916 ], [ 140.91432652, 37.00171982 ], [ 140.91404139, 37.00169426 ], [ 140.91361448000001, 37.0017059 ], [ 140.91337706, 37.00173933 ], [ 140.91312455, 37.00181048 ], [ 140.91328526000001, 37.00217417 ], [ 140.91345095, 37.00254887 ], [ 140.91329169, 37.00259728 ], [ 140.91298946000001, 37.00274076 ], [ 140.91328211000001, 37.00306059 ], [ 140.91329004, 37.00306925 ], [ 140.91313998000001, 37.00317164 ], [ 140.91296477, 37.00338365 ], [ 140.91277028, 37.00363555 ], [ 140.91249283, 37.00396761 ], [ 140.91226318, 37.00423489 ], [ 140.91192054000001, 37.00404765 ], [ 140.9115594, 37.00385024 ], [ 140.91122917000001, 37.00423719 ], [ 140.91102566000001, 37.00455266 ], [ 140.91096552, 37.00467035 ], [ 140.91089194, 37.00489932 ], [ 140.91090228, 37.00534548 ], [ 140.91097921, 37.0055904 ], [ 140.91145013, 37.00597112 ], [ 140.91150489, 37.00603159 ], [ 140.91161031, 37.00612398 ], [ 140.91168224, 37.00618225 ], [ 140.91178863, 37.00625597 ], [ 140.91191702, 37.00632752 ], [ 140.9120873, 37.00641242 ], [ 140.91232667, 37.00652809 ], [ 140.912572, 37.00672438 ], [ 140.91263267, 37.00676825 ], [ 140.91295943, 37.00700477 ], [ 140.91331948000001, 37.0074288 ], [ 140.91381785, 37.00801772 ], [ 140.91426159, 37.00777298 ], [ 140.91470397000001, 37.00751932 ], [ 140.91507715, 37.00722714 ], [ 140.91545628, 37.00739813 ], [ 140.9156717, 37.00716835 ], [ 140.91574567000001, 37.00708489 ], [ 140.91640257, 37.00742997 ], [ 140.91662317000001, 37.00753461 ], [ 140.91665844, 37.00755139 ], [ 140.91684520000001, 37.00759699 ], [ 140.91701341000001, 37.0076101 ], [ 140.9172496, 37.00761885 ], [ 140.91749426000001, 37.00758747 ], [ 140.91766131, 37.00752406 ], [ 140.91790888, 37.00737614 ], [ 140.91802832, 37.00731134 ], [ 140.91819941, 37.0072115 ], [ 140.91838838000001, 37.00709692 ], [ 140.91856413, 37.00700436 ], [ 140.91874909000001, 37.00692255 ], [ 140.91909711, 37.00681369 ], [ 140.91951359000001, 37.0067335 ], [ 140.91988489, 37.00666821 ], [ 140.92175763, 37.00636169 ], [ 140.92188765, 37.00687512 ], [ 140.92216896, 37.00683452 ], [ 140.92232411000001, 37.00754061 ], [ 140.92234333, 37.00765765 ], [ 140.92262777, 37.00773854 ], [ 140.92251997, 37.00704067 ], [ 140.92432618000001, 37.00784705 ], [ 140.92457908, 37.00750709 ], [ 140.9248015, 37.0071584 ], [ 140.92448469000001, 37.00701798 ], [ 140.92472558, 37.00665961 ], [ 140.92496067, 37.00678938 ], [ 140.92531136, 37.00694772 ], [ 140.92525999, 37.00708871 ], [ 140.92523504, 37.00714329 ], [ 140.92509234, 37.00745492 ], [ 140.92506476, 37.0075034 ], [ 140.92489861000001, 37.00779561 ], [ 140.92488797, 37.00781267 ], [ 140.92487054, 37.00784057 ], [ 140.92469201, 37.0081262 ], [ 140.92466822, 37.00815719 ], [ 140.92461651, 37.00822454 ], [ 140.92451611000001, 37.00836915 ], [ 140.92394854, 37.00812121 ], [ 140.92388265, 37.00810492 ], [ 140.92305127, 37.00786221 ], [ 140.92265684, 37.00828914 ], [ 140.92262124000001, 37.00824885 ], [ 140.922437, 37.00801576 ], [ 140.92217657, 37.00767242 ], [ 140.92210949, 37.00759151 ], [ 140.92210773, 37.00759103 ], [ 140.92188067000001, 37.00752687 ], [ 140.92174629, 37.00749762 ], [ 140.9215303, 37.00745814 ], [ 140.92131449, 37.00742555 ], [ 140.92169102, 37.00775987 ], [ 140.92196755000001, 37.00811158 ], [ 140.92219001000001, 37.00840839 ], [ 140.92231404, 37.00851827 ], [ 140.92240179000001, 37.00857111 ], [ 140.92245359, 37.00860231 ], [ 140.92265692000001, 37.00867732 ], [ 140.92282784, 37.00871412 ], [ 140.92314273, 37.00877529 ], [ 140.92342582000001, 37.00884099 ], [ 140.92361317000001, 37.00891614 ], [ 140.92394878, 37.00911912 ], [ 140.92402831000001, 37.00916225 ], [ 140.92443913, 37.00943169 ], [ 140.92451943, 37.00957168 ], [ 140.92457651000001, 37.00967119 ], [ 140.92468174000001, 37.00985446 ], [ 140.92474955, 37.01001161 ], [ 140.92492131, 37.01040954 ], [ 140.9250731, 37.01076148 ], [ 140.92512212, 37.01087487 ], [ 140.9252377, 37.01115618 ], [ 140.92537693, 37.01149486 ], [ 140.92544057000001, 37.01158699 ], [ 140.92572606, 37.01200014 ], [ 140.92590838000001, 37.01226401 ], [ 140.92634827000001, 37.01266913 ], [ 140.92645502, 37.01276748 ], [ 140.92711359, 37.01324584 ], [ 140.92723911, 37.01333698 ], [ 140.92774294, 37.01370687 ], [ 140.92799464000001, 37.01389168 ], [ 140.92815161, 37.01409368 ], [ 140.92826624, 37.01435206 ], [ 140.92835808000001, 37.0146818 ], [ 140.92837588, 37.01474571 ], [ 140.92833013000001, 37.01532982 ], [ 140.92850712000001, 37.01520696 ], [ 140.92917397, 37.01467584 ], [ 140.92957608, 37.01424086 ], [ 140.92975035000001, 37.01403798 ], [ 140.92990355000001, 37.01385958 ], [ 140.93016605, 37.01344722 ], [ 140.93029722, 37.01312836 ], [ 140.9303142, 37.01308723 ], [ 140.9303577, 37.01282603 ], [ 140.93047259, 37.01284227 ], [ 140.93043568, 37.01285951 ], [ 140.93041354, 37.01288314 ], [ 140.93040069, 37.01292741 ], [ 140.93032455, 37.01318314 ], [ 140.9302619, 37.01336033 ], [ 140.93018470000001, 37.01354127 ], [ 140.93013780000001, 37.01364083 ], [ 140.93006992, 37.01376671 ], [ 140.92995699, 37.0139633 ], [ 140.92980299000001, 37.01419631 ], [ 140.92968722000001, 37.01435237 ], [ 140.92949350000001, 37.0146371 ], [ 140.92946156, 37.01468246 ], [ 140.92931830000001, 37.01488022 ], [ 140.92925320000001, 37.01496462 ], [ 140.92911391000001, 37.01512631 ], [ 140.92895232000001, 37.01529991 ], [ 140.92882063, 37.0154426 ], [ 140.92868771, 37.01557809 ], [ 140.92862131000001, 37.01564989 ], [ 140.92857979, 37.01565388 ], [ 140.92850582, 37.01566717 ], [ 140.92843979, 37.01568671 ], [ 140.92841519000001, 37.01569504 ], [ 140.92846324000001, 37.01575498 ], [ 140.92852768, 37.01586071 ], [ 140.92854752, 37.0159128 ], [ 140.92856477000001, 37.01601897 ], [ 140.92856036000001, 37.01607302 ] ] ] } },
{ "type": "Feature", "properties": { "DIDid": 720406, "行政コード": "07204", "市町村名称": "いわき市", "DID符号": 6, "人口": 8784, "面積": 4.42, "前回人口": 8931, "前回面積": 4.5, "人口割合": 2.5, "面積割合": 0.4, "調査年度": 2015 }, "geometry": { "type": "Polygon", "coordinates": [ [ [ 140.79056574000001, 36.91256661 ], [ 140.79126292000001, 36.91220862 ], [ 140.79131269000001, 36.9122694 ], [ 140.79243894000001, 36.91200955 ], [ 140.79298056, 36.91189542 ], [ 140.79359311, 36.91172601 ], [ 140.79420454000001, 36.91160723 ], [ 140.79413055000001, 36.91115261 ], [ 140.79463534000001, 36.91110192 ], [ 140.79519054, 36.91098775 ], [ 140.795431, 36.91083226 ], [ 140.79554362, 36.91074539 ], [ 140.79593094000001, 36.91052795 ], [ 140.79634784000001, 36.91028599 ], [ 140.79675114, 36.91003598 ], [ 140.79697108, 36.90988065 ], [ 140.79707497000001, 36.90972064 ], [ 140.79715892, 36.90952221 ], [ 140.79726242000001, 36.90926807 ], [ 140.79728694, 36.90921739 ], [ 140.79731161000001, 36.90917157 ], [ 140.79733337, 36.9091312 ], [ 140.79741428, 36.90901903 ], [ 140.79747655, 36.90893736 ], [ 140.7977018, 36.90872356 ], [ 140.79763119, 36.90864394 ], [ 140.79749496, 36.9084915 ], [ 140.79705383000001, 36.90799818 ], [ 140.79567362, 36.9082806 ], [ 140.79443617000001, 36.90852448 ], [ 140.79432004, 36.90803093 ], [ 140.79558921, 36.90782798 ], [ 140.79672993, 36.90763796 ], [ 140.79648536, 36.90736728 ], [ 140.79592561000001, 36.90674708 ], [ 140.79551572, 36.90631067 ], [ 140.79518711, 36.90595147 ], [ 140.79483899, 36.90556117 ], [ 140.79375282000001, 36.90574384 ], [ 140.79277835, 36.90590651 ], [ 140.79278131000001, 36.90591937 ], [ 140.790437, 36.90630315 ], [ 140.79063086, 36.9058915 ], [ 140.79108548, 36.90494983 ], [ 140.79074244, 36.90424133 ], [ 140.7903772, 36.90341791 ], [ 140.78921460000001, 36.90377546 ], [ 140.78842612, 36.90401193 ], [ 140.78797599000001, 36.90363404 ], [ 140.78756337, 36.90330513 ], [ 140.78748827000001, 36.90318746 ], [ 140.78743619, 36.90311593 ], [ 140.78708441000001, 36.90254696 ], [ 140.78671098000001, 36.90190009 ], [ 140.78638063, 36.90128435 ], [ 140.78705082, 36.90108158 ], [ 140.78746504, 36.90096378 ], [ 140.78753728000001, 36.90094328 ], [ 140.78799312000001, 36.90080248 ], [ 140.78904612, 36.90050201 ], [ 140.78881461, 36.90001029 ], [ 140.78950520000001, 36.89980734 ], [ 140.79037656, 36.89954211 ], [ 140.79069222000001, 36.9001172 ], [ 140.79114159, 36.90096775 ], [ 140.79220258000001, 36.90065465 ], [ 140.79282955, 36.90046042 ], [ 140.79291951, 36.90044048 ], [ 140.79337679, 36.9009555 ], [ 140.79352894, 36.90105776 ], [ 140.79379957, 36.9012063 ], [ 140.79390906, 36.90132517 ], [ 140.79455133, 36.90093848 ], [ 140.79506176000001, 36.90068535 ], [ 140.79547592, 36.90051487 ], [ 140.79557568000001, 36.90047393 ], [ 140.79564332000001, 36.90036603 ], [ 140.79575009000001, 36.9003665 ], [ 140.79585064, 36.90033865 ], [ 140.79595849, 36.90028442 ], [ 140.796017, 36.9002529 ], [ 140.79610532000001, 36.90015932 ], [ 140.79621216000001, 36.9000247 ], [ 140.79622741, 36.89996924 ], [ 140.79622215000001, 36.89985003 ], [ 140.79619938, 36.89977523 ], [ 140.79609238, 36.89959616 ], [ 140.79600235000001, 36.89945637 ], [ 140.79590667, 36.89930684 ], [ 140.79579273, 36.89897244 ], [ 140.79571974000001, 36.89875184 ], [ 140.79561998, 36.89847203 ], [ 140.79560354, 36.89820295 ], [ 140.79560467, 36.89806285 ], [ 140.79562680000001, 36.8980093 ], [ 140.79566303, 36.89794889 ], [ 140.79575395000001, 36.89789479 ], [ 140.7960266, 36.89773693 ], [ 140.79605822, 36.89771436 ], [ 140.79600951, 36.89764653 ], [ 140.79566634, 36.89740988 ], [ 140.7956793, 36.89733916 ], [ 140.79568459000001, 36.89729251 ], [ 140.79567726, 36.89724597 ], [ 140.79565249000001, 36.89721442 ], [ 140.79562196000001, 36.89719108 ], [ 140.79558811000001, 36.8971765 ], [ 140.79552415000001, 36.8971716 ], [ 140.79539913, 36.89719824 ], [ 140.79491656, 36.89739158 ], [ 140.79427025000001, 36.89764954 ], [ 140.79375404000001, 36.89679645 ], [ 140.79311113, 36.89706719 ], [ 140.79148526, 36.89756346 ], [ 140.79047264, 36.89538879 ], [ 140.7902102, 36.89542343 ], [ 140.78885985, 36.89557635 ], [ 140.78835944, 36.89563409 ], [ 140.78866354, 36.89619069 ], [ 140.78724844000001, 36.89660094 ], [ 140.78620573000001, 36.8969149 ], [ 140.78567526, 36.89707931 ], [ 140.78611517, 36.89804153 ], [ 140.78476328, 36.89846969 ], [ 140.78430939, 36.89768709 ], [ 140.78374170000001, 36.89668153 ], [ 140.78321153, 36.89577395 ], [ 140.782873, 36.89515058 ], [ 140.78113880000001, 36.89570987 ], [ 140.78157605000001, 36.89648459 ], [ 140.78199341000001, 36.89727347 ], [ 140.78221234, 36.89764611 ], [ 140.78234663000001, 36.89785807 ], [ 140.78236219, 36.89788265 ], [ 140.78282038, 36.89864762 ], [ 140.78254, 36.89874969 ], [ 140.78224401, 36.8982206 ], [ 140.78166704, 36.89842479 ], [ 140.78150937000001, 36.89848328 ], [ 140.78181256, 36.89901336 ], [ 140.78137699000001, 36.89916876 ], [ 140.78183367, 36.90008053 ], [ 140.78153398000001, 36.90019513 ], [ 140.7814846, 36.90013639 ], [ 140.78088808000001, 36.89937069 ], [ 140.78050195, 36.89876051 ], [ 140.78025508, 36.89827658 ], [ 140.78006943, 36.89775203 ], [ 140.77999939, 36.89748936 ], [ 140.77994824000001, 36.89720866 ], [ 140.77989266, 36.89644893 ], [ 140.77911167, 36.89672681 ], [ 140.77847436, 36.89691322 ], [ 140.77790713, 36.8970184 ], [ 140.77753970000001, 36.8970549 ], [ 140.77752885000001, 36.89685019 ], [ 140.77778166, 36.89667359 ], [ 140.77770416000001, 36.89635255 ], [ 140.77855783000001, 36.89604812 ], [ 140.77915983, 36.8958491 ], [ 140.77932656, 36.89580068 ], [ 140.7788722, 36.89552607 ], [ 140.7784787, 36.8952043 ], [ 140.77796214, 36.89461881 ], [ 140.77748862000001, 36.89387662 ], [ 140.77691944, 36.89276657 ], [ 140.77661768, 36.89219 ], [ 140.77617963, 36.89128504 ], [ 140.77611458000001, 36.89112673 ], [ 140.77669581000001, 36.89092416 ], [ 140.77635427000001, 36.89014811 ], [ 140.77666667, 36.89017232 ], [ 140.77822198000001, 36.89028261 ], [ 140.77916223, 36.88979241 ], [ 140.77914173, 36.88974991 ], [ 140.77978196000001, 36.88943013 ], [ 140.77960973, 36.88892477 ], [ 140.77951729, 36.8884294 ], [ 140.77939182, 36.88848911 ], [ 140.77922663000001, 36.88855441 ], [ 140.77910063, 36.8885714 ], [ 140.77882132, 36.88853631 ], [ 140.77843534, 36.88846468 ], [ 140.77833848, 36.88815076 ], [ 140.77805528, 36.88807029 ], [ 140.77794347, 36.88815657 ], [ 140.77782199000001, 36.88824216 ], [ 140.77777394, 36.8882255 ], [ 140.77761121, 36.88817766 ], [ 140.77755486000001, 36.88813544 ], [ 140.77752244000001, 36.88809297 ], [ 140.7774767, 36.88804419 ], [ 140.77738551, 36.88797663 ], [ 140.77725152, 36.8878923 ], [ 140.77709362, 36.88780175 ], [ 140.77690315000001, 36.88766443 ], [ 140.77674472000001, 36.88753116 ], [ 140.7766878, 36.88744199 ], [ 140.77663061000001, 36.88733135 ], [ 140.77659808000001, 36.88728036 ], [ 140.77654107000001, 36.88724758 ], [ 140.77648097, 36.88722138 ], [ 140.77647352, 36.88715744 ], [ 140.77656532, 36.88706069 ], [ 140.77659794, 36.88701242 ], [ 140.77683531, 36.88700842 ], [ 140.77700922, 36.88558074 ], [ 140.77665342, 36.88561771 ], [ 140.77645774000001, 36.88562588 ], [ 140.77622845, 36.88560235 ], [ 140.77604319, 36.88554595 ], [ 140.77594581, 36.88549442 ], [ 140.7758893, 36.88529493 ], [ 140.77559142000001, 36.88528018 ], [ 140.77460384, 36.88474261 ], [ 140.77367992000001, 36.88449465 ], [ 140.77366237000001, 36.88452942 ], [ 140.77363743000001, 36.88454694 ], [ 140.77360175000001, 36.88456736 ], [ 140.77358042, 36.88457907 ], [ 140.77353738, 36.88458519 ], [ 140.77344398, 36.88458015 ], [ 140.77339002, 36.8845748 ], [ 140.77331022000001, 36.88450623 ], [ 140.77325591, 36.88447209 ], [ 140.77318244, 36.8849226 ], [ 140.77314862, 36.88509591 ], [ 140.77307868, 36.88524642 ], [ 140.77296847, 36.88544434 ], [ 140.77139841, 36.88527819 ], [ 140.77122873, 36.88553741 ], [ 140.77116233000001, 36.8856619 ], [ 140.77110226, 36.88579621 ], [ 140.77099941, 36.88596563 ], [ 140.77093215, 36.88602072 ], [ 140.77088889000001, 36.88601613 ], [ 140.77088610000001, 36.88629881 ], [ 140.77062245, 36.8862828 ], [ 140.76995613, 36.88636464 ], [ 140.76904278000001, 36.88651474 ], [ 140.76861189, 36.88662021 ], [ 140.7676445, 36.88677334 ], [ 140.7661871, 36.88713706 ], [ 140.76588404, 36.88729769 ], [ 140.76477588, 36.88815892 ], [ 140.76442574000001, 36.88834758 ], [ 140.76412386000001, 36.88846864 ], [ 140.76397475, 36.88850979 ], [ 140.76356957, 36.8886042 ], [ 140.76322313, 36.88867175 ], [ 140.7629786, 36.88870823 ], [ 140.76263457, 36.88874978 ], [ 140.76238469, 36.8887863 ], [ 140.76179070000001, 36.88885099 ], [ 140.76142042000001, 36.88889661 ], [ 140.76116312, 36.88902935 ], [ 140.76101536, 36.88911765 ], [ 140.76075324000001, 36.88922924 ], [ 140.76050345, 36.88933827 ], [ 140.76017730000001, 36.88954004 ], [ 140.75993045000001, 36.88963904 ], [ 140.75971745000001, 36.88971793 ], [ 140.75941610000001, 36.88978878 ], [ 140.75937947, 36.89022603 ], [ 140.75946314000001, 36.89022291 ], [ 140.7594447, 36.89087418 ], [ 140.75942154000001, 36.89165748 ], [ 140.75811912, 36.89163461 ], [ 140.75688776000001, 36.8916023 ], [ 140.75674616000001, 36.8917447 ], [ 140.75659534, 36.89193679 ], [ 140.75658416, 36.89196138 ], [ 140.75636847000001, 36.89188301 ], [ 140.75616906, 36.89177347 ], [ 140.75588071000001, 36.89158592 ], [ 140.75544170000001, 36.89129731 ], [ 140.75520391000001, 36.89112225 ], [ 140.75488519000001, 36.89080694 ], [ 140.75462182000001, 36.89058188 ], [ 140.75440962, 36.89028264 ], [ 140.75409509, 36.89028684 ], [ 140.75383052000001, 36.89030473 ], [ 140.75353798, 36.89040999 ], [ 140.75324430000001, 36.89051561 ], [ 140.75289752, 36.89060081 ], [ 140.75277103, 36.89059228 ], [ 140.75188036, 36.89030245 ], [ 140.75061914, 36.8899186 ], [ 140.74995037, 36.88983809 ], [ 140.74942484, 36.88983898 ], [ 140.74927604000001, 36.89016502 ], [ 140.74924459, 36.89044488 ], [ 140.74910682000001, 36.89119499 ], [ 140.74887215000001, 36.89237533 ], [ 140.75009621000001, 36.89278546 ], [ 140.75039494000001, 36.89116611 ], [ 140.75160821, 36.89156222 ], [ 140.75241415, 36.89185342 ], [ 140.75254092, 36.89186286 ], [ 140.75283657, 36.89186317 ], [ 140.75297736, 36.8918649 ], [ 140.75355945000001, 36.89187194 ], [ 140.75411179, 36.89188328 ], [ 140.75390506, 36.8929246 ], [ 140.753709, 36.89391234 ], [ 140.75441485, 36.8939472 ], [ 140.75473318, 36.89386378 ], [ 140.75505641000001, 36.89377327 ], [ 140.75523382, 36.8936639 ], [ 140.75552159, 36.89347497 ], [ 140.75561979, 36.89341176 ], [ 140.75586905, 36.89369361 ], [ 140.75602015000001, 36.89379444 ], [ 140.75669516, 36.89373562 ], [ 140.75673822, 36.89406482 ], [ 140.75731101, 36.89403425 ], [ 140.75733497, 36.89440028 ], [ 140.75861548, 36.89431048 ], [ 140.75988402, 36.8942259 ], [ 140.75992528, 36.89422312 ], [ 140.76040205000001, 36.89419716 ], [ 140.76028633000001, 36.89513191 ], [ 140.76021596000001, 36.89555408 ], [ 140.7603072, 36.89563996 ], [ 140.76043069, 36.89576213 ], [ 140.76047559, 36.89577825 ], [ 140.76053676000001, 36.89577066 ], [ 140.76059835000001, 36.89573857 ], [ 140.76072590000001, 36.89565965 ], [ 140.76082869000001, 36.89557099 ], [ 140.76090435, 36.89547057 ], [ 140.76095305000001, 36.8954019 ], [ 140.76102537, 36.89534481 ], [ 140.76112931, 36.89527789 ], [ 140.76121973, 36.89523854 ], [ 140.76132504, 36.89520533 ], [ 140.76144049000001, 36.89518458 ], [ 140.7615081, 36.89517982 ], [ 140.76159678, 36.89517026 ], [ 140.76162938, 36.89516247 ], [ 140.76186305, 36.89504576 ], [ 140.76200061, 36.89497604 ], [ 140.76213787, 36.89493935 ], [ 140.76230202, 36.89490153 ], [ 140.76249296, 36.89486069 ], [ 140.76285042000001, 36.89478172 ], [ 140.76297847000001, 36.89475925 ], [ 140.76323848000001, 36.89473286 ], [ 140.76322640000001, 36.89482855 ], [ 140.76316915000001, 36.89493566 ], [ 140.76309205000001, 36.89501778 ], [ 140.76293529, 36.89513038 ], [ 140.76289722000001, 36.89521537 ], [ 140.76291549000001, 36.89542847 ], [ 140.76296126, 36.89550182 ], [ 140.76313033, 36.89559462 ], [ 140.7633462, 36.89568699 ], [ 140.76345603, 36.89573006 ], [ 140.76358541, 36.89576664 ], [ 140.76380117, 36.89584964 ], [ 140.7640442, 36.89592617 ], [ 140.76413805000001, 36.89593796 ], [ 140.76432915000001, 36.89591767 ], [ 140.76480264, 36.89583709 ], [ 140.76552693, 36.89567146 ], [ 140.76600216, 36.89556742 ], [ 140.76707139000001, 36.89534734 ], [ 140.76711189, 36.8954693 ], [ 140.76717116, 36.8955284 ], [ 140.76752725, 36.89558206 ], [ 140.7673112, 36.89612323 ], [ 140.76700719, 36.89697091 ], [ 140.76693238, 36.8972412 ], [ 140.76689547000001, 36.89742023 ], [ 140.76690033, 36.89765385 ], [ 140.76656274000001, 36.89767375 ], [ 140.76625458000001, 36.89769813 ], [ 140.7660321, 36.89771241 ], [ 140.76588364, 36.8977073 ], [ 140.76538843, 36.89760298 ], [ 140.76515346, 36.89754836 ], [ 140.7650243, 36.89753058 ], [ 140.76481389, 36.89756355 ], [ 140.76455676, 36.89761893 ], [ 140.76408131, 36.89769791 ], [ 140.76416903000001, 36.89784781 ], [ 140.76427243000001, 36.89800378 ], [ 140.76440001, 36.89821602 ], [ 140.76455535, 36.89846261 ], [ 140.76465488, 36.89878328 ], [ 140.76470091, 36.89903699 ], [ 140.76478058000001, 36.89939639 ], [ 140.76542090000001, 36.8994025 ], [ 140.76597152, 36.89942641 ], [ 140.76650483, 36.89943405 ], [ 140.76725615000001, 36.89941964 ], [ 140.76745412, 36.89940105 ], [ 140.76774208, 36.90014904 ], [ 140.76787215, 36.90045672 ], [ 140.76837605, 36.90122124 ], [ 140.76879716, 36.90180943 ], [ 140.76970802, 36.90309958 ], [ 140.76998142, 36.90347745 ], [ 140.77052721000001, 36.90425157 ], [ 140.77059628000001, 36.90429362 ], [ 140.77083992, 36.90438829 ], [ 140.77089468, 36.90442869 ], [ 140.77114891, 36.90470132 ], [ 140.77126179000001, 36.90478484 ], [ 140.77137789, 36.90485193 ], [ 140.77146306, 36.90488385 ], [ 140.77157171, 36.90489391 ], [ 140.77184473, 36.90484677 ], [ 140.77232062, 36.90500092 ], [ 140.77236823000001, 36.90500864 ], [ 140.77241565, 36.90500827 ], [ 140.77245967, 36.9050025 ], [ 140.77248655, 36.90497779 ], [ 140.77272387, 36.90469333 ], [ 140.77315448, 36.90461453 ], [ 140.77358997, 36.90453477 ], [ 140.77392032, 36.90448689 ], [ 140.77440050000001, 36.90446191 ], [ 140.77478059000001, 36.90445327 ], [ 140.77502011000001, 36.90446263 ], [ 140.7751965, 36.90449229 ], [ 140.77544669, 36.90479852 ], [ 140.77570088, 36.90514421 ], [ 140.77585495, 36.90536919 ], [ 140.77650489000001, 36.90619421 ], [ 140.77690815, 36.90671366 ], [ 140.77720373, 36.90708092 ], [ 140.77746597000001, 36.90732531 ], [ 140.77787765, 36.90766631 ], [ 140.77836604000001, 36.90754472 ], [ 140.77892776, 36.90741311 ], [ 140.77940959, 36.90730023 ], [ 140.78071885, 36.90700667 ], [ 140.78216578000001, 36.90665179 ], [ 140.78201616000001, 36.90625776 ], [ 140.78178388000001, 36.90567324 ], [ 140.78191236000001, 36.90563413 ], [ 140.78234161, 36.90544689 ], [ 140.78251418, 36.90535892 ], [ 140.78276354, 36.90519937 ], [ 140.78296929000001, 36.90502236 ], [ 140.78284322, 36.9048311 ], [ 140.78270462, 36.90447718 ], [ 140.78230158, 36.90370162 ], [ 140.78183783, 36.90386379 ], [ 140.78164445, 36.90392088 ], [ 140.78126379, 36.90273569 ], [ 140.78122935, 36.90252385 ], [ 140.78247988000001, 36.90239244 ], [ 140.78259953, 36.90152275 ], [ 140.78284798000001, 36.90180652 ], [ 140.78314817, 36.90214951 ], [ 140.7834811, 36.90256552 ], [ 140.78355865, 36.9026624 ], [ 140.78444258, 36.90376598 ], [ 140.78496576000001, 36.90441568 ], [ 140.7856579, 36.90406461 ], [ 140.78619158000001, 36.90473294 ], [ 140.78568888000001, 36.90499154 ], [ 140.78522770000001, 36.90475425 ], [ 140.78545902, 36.90504738 ], [ 140.78640050000001, 36.90621363 ], [ 140.78695818, 36.90689951 ], [ 140.78699948, 36.90692136 ], [ 140.78733841, 36.9073516 ], [ 140.78799711, 36.90817817 ], [ 140.78869809, 36.90905572 ], [ 140.78912663, 36.9095693 ], [ 140.78741388, 36.90991964 ], [ 140.78672477000001, 36.91005147 ], [ 140.78693409, 36.91074549 ], [ 140.78722668, 36.91169884 ], [ 140.78734693000001, 36.91188578 ], [ 140.78745621, 36.9122486 ], [ 140.78752101000001, 36.91234115 ], [ 140.78765269, 36.91239726 ], [ 140.78779043, 36.91263658 ], [ 140.78796522, 36.91284561 ], [ 140.7885057, 36.91343434 ], [ 140.78851458, 36.91342976 ], [ 140.78852357, 36.91342624 ], [ 140.78898949000001, 36.91326571 ], [ 140.78934783, 36.91308429 ], [ 140.78966606, 36.91292713 ], [ 140.78986821000001, 36.91284045 ], [ 140.79020585000001, 36.91270109 ], [ 140.79054553, 36.91257698 ], [ 140.79056574000001, 36.91256661 ] ] ] } },
{ "type": "Feature", "properties": { "DIDid": 720407, "行政コード": "07204", "市町村名称": "いわき市", "DID符号": 7, "人口": 8230, "面積": 1.68, "前回人口": 8170, "前回面積": 1.68, "人口割合": 2.3, "面積割合": 0.1, "調査年度": 2015 }, "geometry": { "type": "Polygon", "coordinates": [ [ [ 140.95228858, 37.07221648 ], [ 140.95440012, 37.07197848 ], [ 140.95417897, 37.07061045 ], [ 140.95390228, 37.06903723 ], [ 140.95344142, 37.06923974 ], [ 140.95180001, 37.0692676 ], [ 140.95166345000001, 37.0683559 ], [ 140.95054128000001, 37.06834366 ], [ 140.94967688, 37.06833933 ], [ 140.9497353, 37.06932173 ], [ 140.94863223, 37.06934913 ], [ 140.94809672, 37.06936246 ], [ 140.94711625, 37.06855949 ], [ 140.94711747, 37.06905085 ], [ 140.94703512000001, 37.06904184 ], [ 140.94658858, 37.06901167 ], [ 140.94635354, 37.06899691 ], [ 140.94593602, 37.06895653 ], [ 140.94563338, 37.06892016 ], [ 140.94479275, 37.0688118 ], [ 140.94483511000001, 37.06854819 ], [ 140.94485326, 37.06834718 ], [ 140.94482531, 37.06805769 ], [ 140.94473826000001, 37.06751722 ], [ 140.944617, 37.06672118 ], [ 140.94458213, 37.06649223 ], [ 140.94404486, 37.06604108 ], [ 140.94336345, 37.06546886 ], [ 140.94258441, 37.06481018 ], [ 140.94196718000001, 37.06434316 ], [ 140.94141680000001, 37.0638879 ], [ 140.93972125, 37.06399064 ], [ 140.93993595000001, 37.0636468 ], [ 140.93977494000001, 37.06350856 ], [ 140.93972042, 37.06328711 ], [ 140.93975222, 37.06300319 ], [ 140.9395736, 37.06289172 ], [ 140.93962797, 37.06278851 ], [ 140.93926877000001, 37.06261839 ], [ 140.9387567, 37.06240345 ], [ 140.93778996, 37.06206757 ], [ 140.93715254, 37.0618885 ], [ 140.93646644, 37.06175133 ], [ 140.93590961000001, 37.06165365 ], [ 140.93541843, 37.06158218 ], [ 140.93383967, 37.06138126 ], [ 140.93374323, 37.06136983 ], [ 140.93384428, 37.06108668 ], [ 140.93389453, 37.06090509 ], [ 140.93390101, 37.06068532 ], [ 140.9339068, 37.06042319 ], [ 140.93392785, 37.0602149 ], [ 140.93414459, 37.06007218 ], [ 140.93418061, 37.05890025 ], [ 140.93414058, 37.05846509 ], [ 140.93424874, 37.0582907 ], [ 140.93445988, 37.05805264 ], [ 140.93457158000001, 37.05783873 ], [ 140.93461256000001, 37.05768418 ], [ 140.93473618, 37.05758286 ], [ 140.93525615, 37.05737529 ], [ 140.93533925, 37.05733355 ], [ 140.93542146, 37.05725458 ], [ 140.93511334, 37.05723055 ], [ 140.93456218, 37.05735893 ], [ 140.93416961, 37.05747823 ], [ 140.93360095, 37.05772627 ], [ 140.93278209, 37.05812882 ], [ 140.93238622000001, 37.05835992 ], [ 140.93192399, 37.05864935 ], [ 140.93133886000001, 37.05909021 ], [ 140.93104258, 37.05929681 ], [ 140.93092701, 37.05937735 ], [ 140.93055366, 37.05949638 ], [ 140.92984909, 37.05966477 ], [ 140.92964757, 37.05969359 ], [ 140.92906644000001, 37.05974898 ], [ 140.92857892000001, 37.05979014 ], [ 140.92790677, 37.05986185 ], [ 140.9276375, 37.05986433 ], [ 140.92725632, 37.05977526 ], [ 140.92697561, 37.05965457 ], [ 140.92664548, 37.05943782 ], [ 140.92632157, 37.05914597 ], [ 140.92573438, 37.05945209 ], [ 140.92566672000001, 37.05942568 ], [ 140.92536508000001, 37.05951707 ], [ 140.92501959000001, 37.05957036 ], [ 140.92451041000001, 37.0596136 ], [ 140.92432908000001, 37.05991747 ], [ 140.92406742, 37.06033534 ], [ 140.92400014, 37.06037228 ], [ 140.92396676000001, 37.06039047 ], [ 140.92410405000001, 37.06053148 ], [ 140.92369482000001, 37.06048327 ], [ 140.92368614, 37.06057029 ], [ 140.92364449, 37.06100424 ], [ 140.92357431, 37.06102291 ], [ 140.9234792, 37.06107355 ], [ 140.92341548, 37.06114417 ], [ 140.92340237, 37.06121645 ], [ 140.92338616000001, 37.06145827 ], [ 140.9233343, 37.06157842 ], [ 140.92329486, 37.06201432 ], [ 140.92333917, 37.06216379 ], [ 140.92336595, 37.06234714 ], [ 140.92422301, 37.06267805 ], [ 140.92430003000001, 37.06270782 ], [ 140.9272923, 37.06376984 ], [ 140.92831632, 37.06414536 ], [ 140.93052272, 37.06494145 ], [ 140.93183317, 37.0654259 ], [ 140.93276653000001, 37.06577093 ], [ 140.93389347, 37.06618269 ], [ 140.93495311000001, 37.06656175 ], [ 140.93562227000001, 37.06680108 ], [ 140.93640028, 37.06710086 ], [ 140.93757598, 37.06758286 ], [ 140.93807720000001, 37.06780396 ], [ 140.93857293, 37.06803384 ], [ 140.93953785, 37.06859578 ], [ 140.93917723000001, 37.06982319 ], [ 140.93920329, 37.06987553 ], [ 140.93924918, 37.06990749 ], [ 140.93943165, 37.06995035 ], [ 140.94010025, 37.07008175 ], [ 140.94059661, 37.07017829 ], [ 140.94236808, 37.07060492 ], [ 140.94225996, 37.07063634 ], [ 140.94210573000001, 37.07079561 ], [ 140.94205355, 37.07103087 ], [ 140.94202912, 37.07125975 ], [ 140.94154881, 37.07122776 ], [ 140.94162553000001, 37.07163992 ], [ 140.94050139000001, 37.07213607 ], [ 140.94030394000001, 37.0722775 ], [ 140.94022972, 37.07238745 ], [ 140.94055268, 37.07236431 ], [ 140.94087485, 37.07229246 ], [ 140.94129741, 37.0721711 ], [ 140.94151648, 37.07212661 ], [ 140.94175371, 37.0721163 ], [ 140.94186014, 37.07214361 ], [ 140.94199744, 37.07220301 ], [ 140.94216478000001, 37.07225002 ], [ 140.9422304, 37.07224941 ], [ 140.94235156, 37.07224426 ], [ 140.94249269, 37.07222274 ], [ 140.94265891000001, 37.07219282 ], [ 140.94266623, 37.07217051 ], [ 140.94265318000001, 37.07249241 ], [ 140.94258933, 37.07348251 ], [ 140.94466688, 37.07358868 ], [ 140.94706437, 37.07370505 ], [ 140.94717308, 37.07377922 ], [ 140.94726243, 37.07384019 ], [ 140.94852797, 37.07470313 ], [ 140.94976034000001, 37.07554363 ], [ 140.94979802, 37.07551272 ], [ 140.95019355, 37.0751661 ], [ 140.95058064, 37.07485462 ], [ 140.95091976, 37.07480102 ], [ 140.95270443000001, 37.07457922 ], [ 140.9531494, 37.07452392 ], [ 140.95422849, 37.07440864 ], [ 140.95314752, 37.07351882 ], [ 140.95283465, 37.07322413 ], [ 140.95164080000001, 37.07227897 ], [ 140.95228858, 37.07221648 ] ] ] } },
{ "type": "Feature", "properties": { "DIDid": 720408, "行政コード": "07204", "市町村名称": "いわき市", "DID符号": 8, "人口": 7171, "面積": 2.09, "前回人口": 7357, "前回面積": 2.07, "人口割合": 2.0, "面積割合": 0.2, "調査年度": 2015 }, "geometry": { "type": "Polygon", "coordinates": [ [ [ 140.98406219, 37.11497263 ], [ 140.98398267, 37.11494046 ], [ 140.98386286, 37.11496358 ], [ 140.98381767000001, 37.11493375 ], [ 140.98382733, 37.11466135 ], [ 140.98384381, 37.11461712 ], [ 140.98392625, 37.11461083 ], [ 140.9841185, 37.11461171 ], [ 140.9842764, 37.11459645 ], [ 140.98436168000001, 37.1145626 ], [ 140.98442865000001, 37.11445192 ], [ 140.9844172, 37.11437501 ], [ 140.98425455, 37.11429127 ], [ 140.98425041, 37.11425012 ], [ 140.98428761, 37.11421118 ], [ 140.98440049000001, 37.11417707 ], [ 140.98465601000001, 37.11415396 ], [ 140.98471065000001, 37.11413414 ], [ 140.98474456, 37.11410354 ], [ 140.98475292000001, 37.11397695 ], [ 140.98464411, 37.11382123 ], [ 140.98456418000001, 37.11376146 ], [ 140.98463312000001, 37.11354903 ], [ 140.98480685000001, 37.11323364 ], [ 140.98494413, 37.11310446 ], [ 140.9854042, 37.11287914 ], [ 140.98532314, 37.1127335 ], [ 140.98519271000001, 37.11247929 ], [ 140.98535375, 37.11242767 ], [ 140.98539326, 37.11228613 ], [ 140.98542856, 37.11207529 ], [ 140.98552947, 37.11197153 ], [ 140.98564254, 37.11191531 ], [ 140.98594130000001, 37.11175316 ], [ 140.98651836, 37.11144082 ], [ 140.98698893, 37.11118977 ], [ 140.98762788, 37.11084465 ], [ 140.98779343000001, 37.11076603 ], [ 140.98857267, 37.11194579 ], [ 140.98872220000001, 37.11187759 ], [ 140.98913841000001, 37.11246658 ], [ 140.9892214, 37.11245035 ], [ 140.98944225, 37.11243025 ], [ 140.98948043, 37.11240932 ], [ 140.98948328, 37.11238874 ], [ 140.989431, 37.11231483 ], [ 140.98943644, 37.11225065 ], [ 140.98947038, 37.11217062 ], [ 140.98953708, 37.112129 ], [ 140.98966961, 37.112093 ], [ 140.98976133, 37.11201509 ], [ 140.98981801, 37.11194519 ], [ 140.9898579, 37.11183442 ], [ 140.98986264000001, 37.11172399 ], [ 140.98985629000001, 37.11152123 ], [ 140.98986791, 37.11144156 ], [ 140.98991165000001, 37.11136405 ], [ 140.98997822000001, 37.11131982 ], [ 140.99004066000001, 37.1113102 ], [ 140.99009832, 37.1113045 ], [ 140.99014326, 37.11131181 ], [ 140.99015593, 37.1113014 ], [ 140.99014607000001, 37.11128862 ], [ 140.99011978, 37.1112479 ], [ 140.9900874, 37.11122252 ], [ 140.99008685000001, 37.11118655 ], [ 140.99010211000001, 37.11113241 ], [ 140.99013664, 37.1110911 ], [ 140.99024477, 37.11102838 ], [ 140.99010473000001, 37.11088345 ], [ 140.99005959, 37.11086848 ], [ 140.98990551, 37.11085717 ], [ 140.98990105, 37.11066854 ], [ 140.98988439, 37.11062499 ], [ 140.98983264, 37.11059212 ], [ 140.98969690000001, 37.11052671 ], [ 140.98957354000001, 37.11042013 ], [ 140.98953361, 37.11032041 ], [ 140.98949995000001, 37.11025745 ], [ 140.98949398, 37.11024625 ], [ 140.99018749000001, 37.1096927 ], [ 140.99044354, 37.10977369 ], [ 140.9911602, 37.10989757 ], [ 140.99178069000001, 37.10989939 ], [ 140.99268948, 37.10988925 ], [ 140.99361525, 37.10986294 ], [ 140.99397819000001, 37.10985263 ], [ 140.99391508, 37.10915687 ], [ 140.99562031, 37.10903359 ], [ 140.99616734, 37.10903133 ], [ 140.99685629000001, 37.10910708 ], [ 140.99757093, 37.10871917 ], [ 140.99726338, 37.10833333 ], [ 140.99725917000001, 37.10832811 ], [ 140.99691384, 37.10789922 ], [ 140.99687648, 37.10785411 ], [ 140.99676183, 37.10790824 ], [ 140.99663506, 37.10796815 ], [ 140.99654669, 37.10784809 ], [ 140.99678776, 37.10773426 ], [ 140.99673642, 37.10767349 ], [ 140.99733974, 37.10738855 ], [ 140.99786141000001, 37.10789811 ], [ 140.99792425000001, 37.10785284 ], [ 140.99735105, 37.10728841 ], [ 140.99732367, 37.10730569 ], [ 140.99727244, 37.10722339 ], [ 140.99710384, 37.10698117 ], [ 140.99662577000001, 37.10718005 ], [ 140.99611825, 37.10739644 ], [ 140.99476211000001, 37.10561564 ], [ 140.99559073, 37.10521533 ], [ 140.99566489, 37.10528644 ], [ 140.99597934, 37.10515172 ], [ 140.99662572, 37.10516811 ], [ 140.99689992, 37.10516256 ], [ 140.99690297000001, 37.10505228 ], [ 140.99682628, 37.10505325 ], [ 140.99668811000001, 37.10504272 ], [ 140.99659935, 37.10505487 ], [ 140.9958711, 37.10504441 ], [ 140.99576497000001, 37.10509325 ], [ 140.99572202, 37.10508374 ], [ 140.99566782, 37.10506801 ], [ 140.99563388000001, 37.10505574 ], [ 140.99559649, 37.10503632 ], [ 140.99551343, 37.10497857 ], [ 140.99544067, 37.10492789 ], [ 140.99538055, 37.10489335 ], [ 140.99531579000001, 37.10485435 ], [ 140.99525666, 37.10481522 ], [ 140.99520431, 37.1047716 ], [ 140.99510265000001, 37.10467621 ], [ 140.99502583, 37.10465261 ], [ 140.99498956, 37.10463762 ], [ 140.99495446, 37.10461818 ], [ 140.99489643000001, 37.10457637 ], [ 140.99485308000001, 37.10454075 ], [ 140.99481423, 37.10450058 ], [ 140.99477756, 37.10445321 ], [ 140.99474874000001, 37.10440752 ], [ 140.9947302, 37.10437349 ], [ 140.99470840000001, 37.10434484 ], [ 140.99466504, 37.1043083 ], [ 140.99461166, 37.10427187 ], [ 140.9945525, 37.10423105 ], [ 140.99447843, 37.1041687 ], [ 140.99432617, 37.10399447 ], [ 140.99432424, 37.10385771 ], [ 140.99407964, 37.10398777 ], [ 140.99399808000001, 37.10404317 ], [ 140.99376348000001, 37.10420736 ], [ 140.99370092000001, 37.10422604 ], [ 140.99357706000001, 37.10426305 ], [ 140.99354587, 37.10427031 ], [ 140.99351625, 37.10427721 ], [ 140.99334872, 37.1043162 ], [ 140.99326448, 37.10453108 ], [ 140.993357, 37.10455271 ], [ 140.99327471000001, 37.10483285 ], [ 140.99319708, 37.10483178 ], [ 140.99312702, 37.10481353 ], [ 140.99305804, 37.10479167 ], [ 140.99302868000001, 37.1047857 ], [ 140.99300402, 37.1047877 ], [ 140.9929828, 37.10479692 ], [ 140.99294487, 37.10482256 ], [ 140.99292241000001, 37.10482545 ], [ 140.99289765, 37.10482119 ], [ 140.99286939000001, 37.10481246 ], [ 140.99280369, 37.10478606 ], [ 140.99273367000001, 37.10476514 ], [ 140.99269536, 37.10476009 ], [ 140.99265369, 37.10475958 ], [ 140.99256041000001, 37.10476324 ], [ 140.99251871000001, 37.1047609 ], [ 140.99248479, 37.10474955 ], [ 140.99245752, 37.10473087 ], [ 140.99240825000001, 37.10467553 ], [ 140.99237714, 37.10464725 ], [ 140.99237295, 37.10464342 ], [ 140.99231514, 37.10461604 ], [ 140.99222813, 37.10459344 ], [ 140.99211980000001, 37.10457289 ], [ 140.99200357000001, 37.10454699 ], [ 140.99188604, 37.10451118 ], [ 140.99177061, 37.10446908 ], [ 140.99155438, 37.104382 ], [ 140.99135405000001, 37.10429919 ], [ 140.99125889000001, 37.10425507 ], [ 140.99108881000001, 37.10416753 ], [ 140.99101724, 37.10412592 ], [ 140.99095138000001, 37.10408327 ], [ 140.99088536, 37.10403618 ], [ 140.99073625, 37.10391774 ], [ 140.99062525, 37.10382583 ], [ 140.99058350000001, 37.10379132 ], [ 140.99044224, 37.10367464 ], [ 140.99031347, 37.10356417 ], [ 140.99025068, 37.10350438 ], [ 140.99018547, 37.10343567 ], [ 140.99012026, 37.10336056 ], [ 140.98998942, 37.10319513 ], [ 140.98984702000001, 37.1030037 ], [ 140.98968164, 37.10278003 ], [ 140.98961257, 37.10267708 ], [ 140.98956398000001, 37.10259103 ], [ 140.98953031, 37.10252111 ], [ 140.98950574, 37.1024601 ], [ 140.98945564, 37.10234429 ], [ 140.98943451, 37.10228416 ], [ 140.9894177, 37.10221942 ], [ 140.98938666000001, 37.10209716 ], [ 140.98936557, 37.10204513 ], [ 140.98933895, 37.101994 ], [ 140.98927611, 37.10185494 ], [ 140.98922886, 37.10174776 ], [ 140.98920501000001, 37.10169343 ], [ 140.98916921, 37.10163345 ], [ 140.98913621, 37.10160766 ], [ 140.98910409000001, 37.10157009 ], [ 140.98907427, 37.101528 ], [ 140.98898681, 37.10140003 ], [ 140.98888875, 37.1012397 ], [ 140.98879375000001, 37.10106132 ], [ 140.98873227000001, 37.10093661 ], [ 140.98871706, 37.10090163 ], [ 140.98871, 37.1008765 ], [ 140.98870706, 37.10083323 ], [ 140.98870902, 37.10081251 ], [ 140.98870266, 37.10076393 ], [ 140.98869426, 37.10073156 ], [ 140.98865913, 37.10064088 ], [ 140.98861501, 37.10054852 ], [ 140.9885698, 37.10046512 ], [ 140.98852229, 37.10036921 ], [ 140.98847662, 37.10025518 ], [ 140.98845094000001, 37.10019059 ], [ 140.98841731, 37.10012334 ], [ 140.98837125, 37.10005346 ], [ 140.98831847, 37.09998639 ], [ 140.98822002, 37.09987563 ], [ 140.98817999, 37.09983188 ], [ 140.98814443000001, 37.09978808 ], [ 140.98811223000001, 37.09973968 ], [ 140.98808218, 37.09968774 ], [ 140.98802423000001, 37.09957567 ], [ 140.98799527, 37.09952097 ], [ 140.98796528, 37.09947353 ], [ 140.98793438000001, 37.09943504 ], [ 140.98787612000001, 37.09937795 ], [ 140.98782248000001, 37.09932983 ], [ 140.98778362, 37.09928782 ], [ 140.9877698, 37.09926909 ], [ 140.98775231, 37.09922871 ], [ 140.98773919000001, 37.09917477 ], [ 140.98772004, 37.09910013 ], [ 140.98770487, 37.09906782 ], [ 140.98768316, 37.09904466 ], [ 140.9876162, 37.09900476 ], [ 140.98751158, 37.09893278 ], [ 140.9874171, 37.0988571 ], [ 140.98733836, 37.09878219 ], [ 140.98723556, 37.09867956 ], [ 140.98718170000001, 37.09861701 ], [ 140.98713115000001, 37.09854626 ], [ 140.98709486000001, 37.09846601 ], [ 140.98705155, 37.09841461 ], [ 140.98699604000001, 37.09831871 ], [ 140.98697156, 37.09826945 ], [ 140.98645849, 37.09830415 ], [ 140.98618771, 37.09829199 ], [ 140.985859, 37.09824422 ], [ 140.98573757, 37.09821104 ], [ 140.98560263, 37.09823136 ], [ 140.98540511, 37.09768952 ], [ 140.98536205, 37.09753316 ], [ 140.98531934, 37.09754463 ], [ 140.98474433000001, 37.09774282 ], [ 140.98434286, 37.09710327 ], [ 140.98407168, 37.09660628 ], [ 140.98402871, 37.09625795 ], [ 140.98394232000001, 37.09607765 ], [ 140.98333763, 37.09512124 ], [ 140.98304762000001, 37.09463281 ], [ 140.98292227, 37.09436912 ], [ 140.98287346000001, 37.09419184 ], [ 140.98201503000001, 37.09458071 ], [ 140.98147669, 37.0948257 ], [ 140.98083930000001, 37.09392317 ], [ 140.98042113, 37.0927016 ], [ 140.98032216, 37.0923857 ], [ 140.98032048, 37.0923151 ], [ 140.98025799000001, 37.09223855 ], [ 140.97935618, 37.0916303 ], [ 140.97742651, 37.09250783 ], [ 140.97690707000001, 37.0927424 ], [ 140.97698712, 37.09282935 ], [ 140.97727427000001, 37.09300884 ], [ 140.97799616, 37.09343926 ], [ 140.97913936, 37.09416761 ], [ 140.97968507, 37.09455135 ], [ 140.97978259000001, 37.09463088 ], [ 140.97985323, 37.0948749 ], [ 140.97997422, 37.09526444 ], [ 140.97986291000001, 37.09565108 ], [ 140.98014193, 37.09611111 ], [ 140.98044216, 37.09673025 ], [ 140.98067381000001, 37.09738194 ], [ 140.98079883, 37.09775792 ], [ 140.98078240000001, 37.09781644 ], [ 140.97987122000001, 37.09707628 ], [ 140.97832329, 37.09581898 ], [ 140.97638065000001, 37.09420885 ], [ 140.97612499, 37.09427206 ], [ 140.97595572, 37.09428883 ], [ 140.97562548, 37.09431875 ], [ 140.97540526, 37.09442492 ], [ 140.97512168, 37.09450142 ], [ 140.97498028000001, 37.09455974 ], [ 140.9748976, 37.094631 ], [ 140.97485061, 37.09470354 ], [ 140.9745501, 37.0946242 ], [ 140.97360778000001, 37.09430809 ], [ 140.97343532, 37.09453439 ], [ 140.97317082000001, 37.09476487 ], [ 140.97295357, 37.09488755 ], [ 140.97429355, 37.09612838 ], [ 140.97475778, 37.09656433 ], [ 140.9755702, 37.09732716 ], [ 140.97493, 37.09777452 ], [ 140.97389007000001, 37.09850119 ], [ 140.97462454000001, 37.09916972 ], [ 140.97539354, 37.09894173 ], [ 140.97587311000001, 37.09882308 ], [ 140.97604768, 37.09881795 ], [ 140.9762078, 37.09881324 ], [ 140.97697505, 37.09888963 ], [ 140.97726404, 37.09889691 ], [ 140.97853647, 37.10008324 ], [ 140.97872845000001, 37.10026611 ], [ 140.97892382000001, 37.10044684 ], [ 140.97898309000001, 37.1005016 ], [ 140.97942109, 37.10093089 ], [ 140.98001876000001, 37.1015102 ], [ 140.98036517, 37.10183906 ], [ 140.980453, 37.10192248 ], [ 140.98083874, 37.10228848 ], [ 140.98123406, 37.10269551 ], [ 140.98155451, 37.10306193 ], [ 140.98178179000001, 37.1029452 ], [ 140.98176495000001, 37.10292466 ], [ 140.98190172, 37.10285548 ], [ 140.98171436000001, 37.1026242 ], [ 140.98346023, 37.10278183 ], [ 140.98350106000001, 37.10278552 ], [ 140.98388862, 37.10327047 ], [ 140.98432038000001, 37.10374796 ], [ 140.98413761, 37.10382626 ], [ 140.98380031, 37.10409444 ], [ 140.98294938000001, 37.10478696 ], [ 140.98327761, 37.1053179 ], [ 140.9833515, 37.10546052 ], [ 140.98248679, 37.10570902 ], [ 140.9824339, 37.1056178 ], [ 140.9822543, 37.10566769 ], [ 140.98215605, 37.10541866 ], [ 140.98138328, 37.10553968 ], [ 140.98136241, 37.10548483 ], [ 140.98110145000001, 37.10451492 ], [ 140.98088488, 37.10457897 ], [ 140.98078288, 37.10465105 ], [ 140.98067545000001, 37.1047484 ], [ 140.98056237, 37.10502926 ], [ 140.98049805, 37.10513541 ], [ 140.98024053, 37.10533283 ], [ 140.97905615, 37.1054945 ], [ 140.97856319, 37.10547356 ], [ 140.9786287, 37.10526032 ], [ 140.97871778000001, 37.10475145 ], [ 140.97864392, 37.10444099 ], [ 140.978578, 37.10434814 ], [ 140.97831542, 37.10423993 ], [ 140.97814501, 37.10414815 ], [ 140.97822981, 37.10407102 ], [ 140.97858674, 37.10390277 ], [ 140.97867460000001, 37.10383054 ], [ 140.97873729, 37.10370448 ], [ 140.97870903, 37.10336402 ], [ 140.97859101, 37.10327174 ], [ 140.97817697, 37.10311578 ], [ 140.97775742, 37.1029667 ], [ 140.97768927000001, 37.10292343 ], [ 140.97766407, 37.10284905 ], [ 140.97761128, 37.1026937 ], [ 140.97728259, 37.10312158 ], [ 140.97704072, 37.10302239 ], [ 140.97675546, 37.10299557 ], [ 140.97658281, 37.10287643 ], [ 140.97631247000001, 37.1027314 ], [ 140.97600126, 37.10276664 ], [ 140.97574438000001, 37.10283887 ], [ 140.97554618000001, 37.10302592 ], [ 140.97541293, 37.10308366 ], [ 140.97534271000001, 37.10308969 ], [ 140.97526861, 37.10306618 ], [ 140.97524101, 37.10301281 ], [ 140.97514732, 37.10279632 ], [ 140.97506582, 37.10272466 ], [ 140.97491304, 37.10259998 ], [ 140.97481632, 37.10252671 ], [ 140.97488340000001, 37.10283264 ], [ 140.97491825, 37.1030057 ], [ 140.97488250000001, 37.10328158 ], [ 140.97483586000001, 37.10375555 ], [ 140.97487620000001, 37.10378473 ], [ 140.97495419000001, 37.10386276 ], [ 140.97506875, 37.10392311 ], [ 140.97526928, 37.10398511 ], [ 140.97541397000001, 37.10400984 ], [ 140.97538086, 37.1040814 ], [ 140.97513002, 37.1045712 ], [ 140.97529045, 37.10465463 ], [ 140.97569659000001, 37.10484623 ], [ 140.97581429, 37.10490521 ], [ 140.97599063000001, 37.10498279 ], [ 140.97664113, 37.10493077 ], [ 140.97730641000001, 37.10459489 ], [ 140.97764643, 37.10441168 ], [ 140.97810209, 37.10419834 ], [ 140.97786968, 37.10444149 ], [ 140.97758339000001, 37.10465474 ], [ 140.97708182, 37.10498904 ], [ 140.97700341000001, 37.10508132 ], [ 140.97694403, 37.10518869 ], [ 140.97696711, 37.10623454 ], [ 140.97697995, 37.1068174 ], [ 140.97690348, 37.10679385 ], [ 140.97667522, 37.10681126 ], [ 140.97659912, 37.10681811 ], [ 140.97637422, 37.10680803 ], [ 140.97624118, 37.10682156 ], [ 140.97615715000001, 37.10680399 ], [ 140.97606907, 37.10677436 ], [ 140.97601932000001, 37.10676259 ], [ 140.97597749, 37.10676299 ], [ 140.97592834, 37.10679092 ], [ 140.9759134, 37.10683211 ], [ 140.97590664000001, 37.10689117 ], [ 140.97588716000001, 37.10691599 ], [ 140.97585039000001, 37.10692613 ], [ 140.97579327, 37.10690951 ], [ 140.97568176, 37.10684658 ], [ 140.97563698, 37.1068323 ], [ 140.97558007000001, 37.10682419 ], [ 140.97549125, 37.10683856 ], [ 140.97542861, 37.10685768 ], [ 140.9753441, 37.10686089 ], [ 140.97523047000001, 37.10686198 ], [ 140.97513696, 37.106874 ], [ 140.97510502, 37.10688909 ], [ 140.97511742, 37.10700084 ], [ 140.9751604, 37.10728646 ], [ 140.97532008, 37.10724374 ], [ 140.97544889, 37.10719984 ], [ 140.9755553, 37.10718051 ], [ 140.97565444, 37.10719167 ], [ 140.97578812, 37.10721481 ], [ 140.9758914, 37.10724437 ], [ 140.97596742, 37.10723751 ], [ 140.97612257, 37.10716893 ], [ 140.97622549, 37.10717406 ], [ 140.97637797, 37.10718471 ], [ 140.9765075, 37.10717747 ], [ 140.97671930000001, 37.10720437 ], [ 140.9768066, 37.10718825 ], [ 140.97695899000001, 37.10719291 ], [ 140.9770432, 37.10722258 ], [ 140.97718472, 37.10725783 ], [ 140.97729901, 37.10726588 ], [ 140.97739169, 37.10728554 ], [ 140.97744137000001, 37.10729886 ], [ 140.97748992000001, 37.10735323 ], [ 140.97757059, 37.10739829 ], [ 140.9776355, 37.10741287 ], [ 140.97770095000001, 37.10745187 ], [ 140.97774910000001, 37.10749119 ], [ 140.97785743, 37.1073718 ], [ 140.97884473, 37.10808022 ], [ 140.97949222, 37.10829868 ], [ 140.98014434000001, 37.1085321 ], [ 140.98095324, 37.10928678 ], [ 140.98125071000001, 37.11021789 ], [ 140.98100321000001, 37.11023627 ], [ 140.98088153, 37.1102806 ], [ 140.98077123, 37.11042669 ], [ 140.981693, 37.11102342 ], [ 140.98149704, 37.111335 ], [ 140.98155729000001, 37.11143636 ], [ 140.98170490000001, 37.11148977 ], [ 140.98173866, 37.11145023 ], [ 140.98229568, 37.11171144 ], [ 140.98244260000001, 37.11171396 ], [ 140.98260523, 37.11179074 ], [ 140.98273036000001, 37.11197384 ], [ 140.98272557000001, 37.11197656 ], [ 140.98329252, 37.11285156 ], [ 140.98356592, 37.11324181 ], [ 140.98380560000001, 37.11357072 ], [ 140.98373691, 37.11401983 ], [ 140.98377946, 37.11433305 ], [ 140.98369371000001, 37.11456775 ], [ 140.9836612, 37.11480594 ], [ 140.98365116, 37.11505371 ], [ 140.98349493000001, 37.11539357 ], [ 140.98362928, 37.11541972 ], [ 140.98368443000001, 37.11543298 ], [ 140.98373978000001, 37.11545448 ], [ 140.98405473, 37.11539081 ], [ 140.9841534, 37.11532389 ], [ 140.98418287000001, 37.1152273 ], [ 140.98406219, 37.11497263 ] ] ] } },
{ "type": "Feature", "properties": { "DIDid": 720409, "行政コード": "07204", "市町村名称": "いわき市", "DID符号": 9, "人口": 6751, "面積": 1.14, "前回人口": 6482, "前回面積": 1.13, "人口割合": 1.9, "面積割合": 0.1, "調査年度": 2015 }, "geometry": { "type": "Polygon", "coordinates": [ [ [ 140.87638717, 37.0887102 ], [ 140.87685593, 37.08850803 ], [ 140.87759406000001, 37.08859685 ], [ 140.87785516, 37.08860567 ], [ 140.87812471000001, 37.0885702 ], [ 140.87835379000001, 37.0885829 ], [ 140.8783547, 37.08864885 ], [ 140.87898981000001, 37.08856257 ], [ 140.87922707000001, 37.08850549 ], [ 140.87975187000001, 37.08855767 ], [ 140.87982382000001, 37.08812794 ], [ 140.87966802, 37.08811468 ], [ 140.87987771, 37.08638183 ], [ 140.87997849000001, 37.08555579 ], [ 140.88007541, 37.0847811 ], [ 140.88061824, 37.08481115 ], [ 140.88068408000001, 37.08426961 ], [ 140.88075237000001, 37.08366301 ], [ 140.88087648000001, 37.08364684 ], [ 140.88128568, 37.08349383 ], [ 140.8814979, 37.0833734 ], [ 140.88157266, 37.08323208 ], [ 140.8817417, 37.08316026 ], [ 140.88187718, 37.08304494 ], [ 140.88204507, 37.08288963 ], [ 140.88235007, 37.08273747 ], [ 140.88254049, 37.08263039 ], [ 140.88261075, 37.08255071 ], [ 140.88262591, 37.08245828 ], [ 140.88283699, 37.08245416 ], [ 140.88294372, 37.08242681 ], [ 140.88311969, 37.08238033 ], [ 140.88302846, 37.0822823 ], [ 140.88294498, 37.08216118 ], [ 140.88289642000001, 37.0820351 ], [ 140.88291173, 37.08187107 ], [ 140.88284072, 37.08180609 ], [ 140.882711, 37.08172755 ], [ 140.88260324000001, 37.08154589 ], [ 140.88250246000001, 37.08144365 ], [ 140.88238959, 37.08131821 ], [ 140.88224245000001, 37.08124453 ], [ 140.88206678, 37.08122272 ], [ 140.88206144, 37.08105183 ], [ 140.88203085000001, 37.08094897 ], [ 140.88182367, 37.0807634 ], [ 140.88144283, 37.08049271 ], [ 140.88129938, 37.08026447 ], [ 140.8818086, 37.07988523 ], [ 140.88270774, 37.07937137 ], [ 140.88340245000001, 37.07891021 ], [ 140.88337383000001, 37.07888653 ], [ 140.88364175000001, 37.07860164 ], [ 140.88390181, 37.07861376 ], [ 140.8842005, 37.07861111 ], [ 140.88419654, 37.07854715 ], [ 140.88438392, 37.07846861 ], [ 140.88441548, 37.07841271 ], [ 140.88444221, 37.07833081 ], [ 140.88448631, 37.07834344 ], [ 140.88450485000001, 37.07834328 ], [ 140.88452336, 37.07834121 ], [ 140.88457714, 37.07821458 ], [ 140.88457473, 37.07820538 ], [ 140.88455819000001, 37.07818511 ], [ 140.88455097, 37.07816476 ], [ 140.88454597, 37.07813326 ], [ 140.88455425000001, 37.07806455 ], [ 140.88458261, 37.07793638 ], [ 140.88460338, 37.07793239 ], [ 140.88462425, 37.07793601 ], [ 140.8846663, 37.07796528 ], [ 140.88470834, 37.07798715 ], [ 140.88473373, 37.07798692 ], [ 140.88474741, 37.07797195 ], [ 140.88483914, 37.07773734 ], [ 140.88468090000001, 37.07759069 ], [ 140.88453578, 37.07746512 ], [ 140.88443246, 37.07737649 ], [ 140.88428983, 37.07727202 ], [ 140.88424228, 37.07718156 ], [ 140.88418458000001, 37.07702993 ], [ 140.88425077, 37.07704512 ], [ 140.88436013, 37.0766611 ], [ 140.88442727, 37.0766624 ], [ 140.88449805, 37.07625916 ], [ 140.88453620000001, 37.07591654 ], [ 140.88428066, 37.07585573 ], [ 140.88433399, 37.07569017 ], [ 140.88393545, 37.07566963 ], [ 140.88388534000001, 37.07543241 ], [ 140.88392039, 37.07543773 ], [ 140.88380007000001, 37.0749441 ], [ 140.88377812, 37.07476661 ], [ 140.88384717, 37.07462667 ], [ 140.88399748, 37.0744661 ], [ 140.88412336, 37.07433136 ], [ 140.88424352000001, 37.07415056 ], [ 140.88424498000001, 37.07414837 ], [ 140.88442786, 37.07402446 ], [ 140.88456143, 37.07393795 ], [ 140.8846351, 37.0738776 ], [ 140.88466981, 37.07382047 ], [ 140.88469646, 37.07369514 ], [ 140.88481880000001, 37.07343104 ], [ 140.88504507, 37.07311631 ], [ 140.88528893, 37.07279002 ], [ 140.88463060000001, 37.07276166 ], [ 140.8847226, 37.07262969 ], [ 140.88534839, 37.07239385 ], [ 140.88587738000001, 37.07219829 ], [ 140.8856439, 37.07177473 ], [ 140.88502342000001, 37.07180862 ], [ 140.88464793, 37.07210764 ], [ 140.88456828, 37.07225055 ], [ 140.88426161000001, 37.0723926 ], [ 140.88408870000001, 37.07254486 ], [ 140.88407501, 37.07269824 ], [ 140.883871, 37.07264007 ], [ 140.88330594000001, 37.0724379 ], [ 140.88382249, 37.07212356 ], [ 140.88392422000001, 37.0720657 ], [ 140.8840023, 37.07200017 ], [ 140.88401862000001, 37.07182691 ], [ 140.88362915, 37.07176877 ], [ 140.88369732000001, 37.07155781 ], [ 140.88330538, 37.07146653 ], [ 140.88291986, 37.0714786 ], [ 140.88285244, 37.07131003 ], [ 140.88295745, 37.07119695 ], [ 140.88316381000001, 37.07099899 ], [ 140.88337361000001, 37.07083352 ], [ 140.8836141, 37.07067644 ], [ 140.8838452, 37.0705526 ], [ 140.88404664000001, 37.07046978 ], [ 140.88413357, 37.07043466 ], [ 140.88324080000001, 37.06999357 ], [ 140.88307307, 37.07009403 ], [ 140.88291267, 37.07022943 ], [ 140.8827373, 37.07054708 ], [ 140.88261946, 37.07069223 ], [ 140.88256644000001, 37.07082871 ], [ 140.88232637, 37.07116298 ], [ 140.88219489, 37.07140815 ], [ 140.88193718, 37.07172449 ], [ 140.88202975, 37.07184996 ], [ 140.88013687, 37.07330287 ], [ 140.87959455000001, 37.07371915 ], [ 140.87929556, 37.0739163 ], [ 140.87900171000001, 37.07408476 ], [ 140.87876164, 37.07422205 ], [ 140.87859347, 37.07432364 ], [ 140.87851637, 37.07441563 ], [ 140.87841542000001, 37.07445411 ], [ 140.87812711000001, 37.07455916 ], [ 140.87865069, 37.0752339 ], [ 140.87821471000001, 37.07544951 ], [ 140.87782696, 37.07563857 ], [ 140.87739485, 37.07583563 ], [ 140.87720082000001, 37.0759226 ], [ 140.87684614, 37.07604428 ], [ 140.87667948000001, 37.07608996 ], [ 140.87607459, 37.07625101 ], [ 140.87569283, 37.07635315 ], [ 140.87550101, 37.07640869 ], [ 140.87525183, 37.07648523 ], [ 140.87478361000001, 37.07663726 ], [ 140.87458855, 37.07671993 ], [ 140.87456997000001, 37.07675579 ], [ 140.87421392, 37.07694457 ], [ 140.87390169, 37.07718414 ], [ 140.87370327, 37.07747712 ], [ 140.87361878, 37.07764675 ], [ 140.87360861, 37.07780904 ], [ 140.87363148, 37.07797104 ], [ 140.87366039, 37.07803626 ], [ 140.87368261, 37.07808647 ], [ 140.87380102, 37.07828403 ], [ 140.87396847, 37.07844476 ], [ 140.87419405, 37.07862814 ], [ 140.87452174000001, 37.07857394 ], [ 140.87522692, 37.07847839 ], [ 140.8753803, 37.07911923 ], [ 140.87559708000001, 37.07926298 ], [ 140.87594515000001, 37.07903477 ], [ 140.87634659, 37.07938873 ], [ 140.87627353, 37.07978333 ], [ 140.87623817, 37.08022392 ], [ 140.87624986, 37.0806227 ], [ 140.87624840000001, 37.08081807 ], [ 140.87621413, 37.08103021 ], [ 140.87610436, 37.08146476 ], [ 140.87474778000001, 37.08152655 ], [ 140.8744514, 37.08213769 ], [ 140.87435885, 37.08232851 ], [ 140.87412359000001, 37.08261492 ], [ 140.87396692, 37.08284024 ], [ 140.87352507, 37.0832033 ], [ 140.87425242, 37.08451648 ], [ 140.8734925, 37.08476519 ], [ 140.87259319, 37.08506363 ], [ 140.87285360000001, 37.08549972 ], [ 140.87350789000001, 37.08543019 ], [ 140.87353695, 37.08592435 ], [ 140.87317411000001, 37.08590973 ], [ 140.87295589, 37.08588736 ], [ 140.87270206, 37.08581194 ], [ 140.87236884000001, 37.08563647 ], [ 140.87201122, 37.0853925 ], [ 140.87174794000001, 37.08556511 ], [ 140.87154384, 37.08572199 ], [ 140.87140843, 37.0858123 ], [ 140.87114677, 37.0861045 ], [ 140.8711577, 37.08616523 ], [ 140.87118657, 37.08623995 ], [ 140.8713077, 37.08663686 ], [ 140.87191486, 37.0865629 ], [ 140.87229186, 37.0865265 ], [ 140.87232012000001, 37.08673013 ], [ 140.87307744, 37.08663056 ], [ 140.87309883, 37.08671752 ], [ 140.87314005, 37.08691153 ], [ 140.87317523, 37.0871584 ], [ 140.87319072, 37.08724366 ], [ 140.87352597, 37.0872198 ], [ 140.87362475, 37.08734945 ], [ 140.87366302000001, 37.08735926 ], [ 140.87372663, 37.0873587 ], [ 140.87391076, 37.08732906 ], [ 140.87381977000001, 37.08683678 ], [ 140.8750743, 37.08670086 ], [ 140.87542587, 37.08666151 ], [ 140.87539437000001, 37.08674226 ], [ 140.8753385, 37.0868399 ], [ 140.87531039000001, 37.08712984 ], [ 140.8753046, 37.08734947 ], [ 140.87530134, 37.08747101 ], [ 140.87531288, 37.08764698 ], [ 140.87536006, 37.0877492 ], [ 140.87565721000001, 37.08805473 ], [ 140.8758613, 37.08825097 ], [ 140.8763037, 37.08863392 ], [ 140.87638717, 37.0887102 ] ] ] } },
{ "type": "Feature", "properties": { "DIDid": 720501, "行政コード": "07205", "市町村名称": "白河市", "DID符号": 1, "人口": 21512, "面積": 6.14, "前回人口": 19490, "前回面積": 5.34, "人口割合": 34.7, "面積割合": 2.0, "調査年度": 2015 }, "geometry": { "type": "Polygon", "coordinates": [ [ [ 140.19225006, 37.12187548 ], [ 140.19203387, 37.12127455 ], [ 140.19344533, 37.12097887 ], [ 140.19455235000001, 37.1207431 ], [ 140.19462634000001, 37.1205221 ], [ 140.19486561, 37.11980742 ], [ 140.19504018000001, 37.11931647 ], [ 140.19536527, 37.11843285 ], [ 140.19560951, 37.11781587 ], [ 140.19592801, 37.11823295 ], [ 140.19693140000001, 37.11960749 ], [ 140.19723864, 37.12004747 ], [ 140.19755429, 37.12048947 ], [ 140.19962306, 37.11954139 ], [ 140.19959466, 37.11950125 ], [ 140.20058813, 37.11907795 ], [ 140.20060952, 37.11906787 ], [ 140.20063621, 37.11904704 ], [ 140.20066107, 37.11901549 ], [ 140.20067693, 37.11897109 ], [ 140.20082814, 37.11847769 ], [ 140.20106496, 37.11848386 ], [ 140.20125752000001, 37.1184998 ], [ 140.20135863, 37.11852751 ], [ 140.20079068000001, 37.11913825 ], [ 140.20079748000001, 37.11924566 ], [ 140.20066041000001, 37.11942476 ], [ 140.20061537000001, 37.11943701 ], [ 140.20052265000001, 37.11945138 ], [ 140.20044275000001, 37.11952794 ], [ 140.20044041, 37.11956202 ], [ 140.20099069, 37.11978321 ], [ 140.20114932000001, 37.11966324 ], [ 140.20138429, 37.1195039 ], [ 140.20145387, 37.1194123 ], [ 140.20152551000001, 37.11941004 ], [ 140.20158316000001, 37.11940591 ], [ 140.20162335000001, 37.11941783 ], [ 140.20166114, 37.11945178 ], [ 140.20167151000001, 37.11952413 ], [ 140.201662, 37.11962849 ], [ 140.20163721, 37.11969291 ], [ 140.20175308, 37.11980097 ], [ 140.20184411, 37.11995332 ], [ 140.20200731, 37.1205111 ], [ 140.20217798, 37.12121444 ], [ 140.20332997, 37.12123591 ], [ 140.20404310000001, 37.12124417 ], [ 140.20401112, 37.12157171 ], [ 140.20397591, 37.12217629 ], [ 140.20394604000001, 37.12268552 ], [ 140.20393809000001, 37.1229485 ], [ 140.20337628, 37.12295392 ], [ 140.20338933, 37.12326118 ], [ 140.20338763000001, 37.12338897 ], [ 140.20337643, 37.12346306 ], [ 140.20337682, 37.12354459 ], [ 140.20338664, 37.12365551 ], [ 140.20338021000001, 37.1237612 ], [ 140.20279978, 37.12374633 ], [ 140.20265526, 37.12374207 ], [ 140.20252591, 37.12376472 ], [ 140.20238505, 37.12380775 ], [ 140.20226968, 37.12384704 ], [ 140.20211427000001, 37.12375488 ], [ 140.20190905000001, 37.12362499 ], [ 140.20183363000001, 37.12356503 ], [ 140.20178027, 37.12353007 ], [ 140.20170391, 37.12351925 ], [ 140.20162066, 37.12351388 ], [ 140.20157725000001, 37.12348198 ], [ 140.20135595, 37.12330835 ], [ 140.20116202, 37.12316724 ], [ 140.20095706000001, 37.12299792 ], [ 140.20068128, 37.1228113 ], [ 140.20041647, 37.12264865 ], [ 140.20021320000001, 37.1225479 ], [ 140.20001793, 37.12247339 ], [ 140.19988221, 37.12246064 ], [ 140.19974242000001, 37.12245115 ], [ 140.19958215, 37.12246157 ], [ 140.19936438, 37.12248196 ], [ 140.19897806, 37.12250617 ], [ 140.19878546000001, 37.12250332 ], [ 140.19855401000001, 37.12248003 ], [ 140.19846672, 37.12244115 ], [ 140.19831379, 37.12233264 ], [ 140.19811699, 37.12215886 ], [ 140.19794761, 37.12202421 ], [ 140.19768411000001, 37.12184958 ], [ 140.19744662, 37.12170219 ], [ 140.19729374, 37.12160234 ], [ 140.19711611, 37.12145694 ], [ 140.1968892, 37.12124178 ], [ 140.19651060000001, 37.12089967 ], [ 140.19613746, 37.12055979 ], [ 140.1959718, 37.12063217 ], [ 140.19617968, 37.12084739 ], [ 140.19594229, 37.12090979 ], [ 140.19521494, 37.12107155 ], [ 140.19516246000001, 37.12111388 ], [ 140.19463779, 37.12121517 ], [ 140.19465865000001, 37.12133028 ], [ 140.19433149, 37.12139605 ], [ 140.19373681, 37.1215336 ], [ 140.19258972, 37.12179462 ], [ 140.19225006, 37.12187548 ], [ 140.19242987000001, 37.12236902 ], [ 140.19259007, 37.12283614 ], [ 140.19274819, 37.12334727 ], [ 140.19215557000001, 37.1234389 ], [ 140.19067195, 37.12372479 ], [ 140.18983111, 37.12386398 ], [ 140.18987787, 37.12394719 ], [ 140.18958907000001, 37.12425037 ], [ 140.19013041, 37.12479668 ], [ 140.19094766000001, 37.1256227 ], [ 140.19130861, 37.12602142 ], [ 140.19244001000001, 37.12715942 ], [ 140.19265675, 37.12702077 ], [ 140.19284499, 37.12692206 ], [ 140.19292432, 37.12689535 ], [ 140.19302369, 37.12690293 ], [ 140.19309669, 37.12693988 ], [ 140.19321271000001, 37.12696874 ], [ 140.19333189, 37.12696838 ], [ 140.19348403000001, 37.1269387 ], [ 140.19362621, 37.12689849 ], [ 140.19378792000001, 37.12679725 ], [ 140.19397611, 37.12668805 ], [ 140.19404805, 37.12665023 ], [ 140.19411813, 37.12661334 ], [ 140.19421727, 37.12657861 ], [ 140.19429985, 37.12653591 ], [ 140.19446193, 37.12650633 ], [ 140.19454780000001, 37.1264689 ], [ 140.19465347, 37.12641029 ], [ 140.19474596000001, 37.12636755 ], [ 140.19485173000001, 37.12633012 ], [ 140.19491438, 37.12627692 ], [ 140.19499346000001, 37.1261998 ], [ 140.19512352000001, 37.12604966 ], [ 140.19522553, 37.12591938 ], [ 140.19531435, 37.12580253 ], [ 140.19535719000001, 37.12576262 ], [ 140.1954963, 37.1257755 ], [ 140.19573808000001, 37.12579588 ], [ 140.19584420000001, 37.12583801 ], [ 140.19589076, 37.12588024 ], [ 140.19596060000001, 37.12594635 ], [ 140.19604694, 37.12600177 ], [ 140.19615965, 37.12603325 ], [ 140.19640815, 37.1260748 ], [ 140.19662329, 37.12606885 ], [ 140.19680528000001, 37.1260445 ], [ 140.1969706, 37.12600414 ], [ 140.19710288, 37.12597192 ], [ 140.19723852000001, 37.12595298 ], [ 140.19775367, 37.1268945 ], [ 140.19729744, 37.12675045 ], [ 140.19717678000001, 37.12682996 ], [ 140.19703841, 37.12687248 ], [ 140.19701798, 37.12692985 ], [ 140.19698328000001, 37.12699888 ], [ 140.19695822, 37.12708569 ], [ 140.19689827, 37.12720831 ], [ 140.19678734, 37.12732601 ], [ 140.19672079, 37.12739506 ], [ 140.19667135, 37.12738628 ], [ 140.19653080000001, 37.12729737 ], [ 140.19641896, 37.12722886 ], [ 140.1963424, 37.12720614 ], [ 140.1962692, 37.12721918 ], [ 140.19589054, 37.12730194 ], [ 140.19558496, 37.12734878 ], [ 140.19541293, 37.12734677 ], [ 140.19528869000001, 37.12734715 ], [ 140.19518682, 37.12735767 ], [ 140.19506439, 37.12740514 ], [ 140.19469720000001, 37.12755298 ], [ 140.19430932, 37.12771483 ], [ 140.19413131, 37.1277919 ], [ 140.19408693, 37.12783801 ], [ 140.19405515, 37.12785338 ], [ 140.19375260000001, 37.12786704 ], [ 140.19347870000001, 37.12787809 ], [ 140.19316188, 37.12790841 ], [ 140.19346281, 37.12822684 ], [ 140.19375921, 37.12853831 ], [ 140.19415489, 37.12897035 ], [ 140.19450031, 37.12933778 ], [ 140.19468315, 37.12952675 ], [ 140.19487198, 37.12972231 ], [ 140.19528071, 37.13014755 ], [ 140.19406629, 37.13056143 ], [ 140.19356102, 37.13070053 ], [ 140.19300878000001, 37.13081958 ], [ 140.19235422, 37.1308995 ], [ 140.19208273000001, 37.13092349 ], [ 140.19158655000001, 37.13095097 ], [ 140.19128919, 37.13097222 ], [ 140.19113003000001, 37.13098974 ], [ 140.19101851, 37.13028423 ], [ 140.19103126, 37.13004088 ], [ 140.19106164, 37.12974179 ], [ 140.1911005, 37.12956031 ], [ 140.19114329000001, 37.12936616 ], [ 140.19097636000001, 37.12934758 ], [ 140.19063064, 37.12932005 ], [ 140.19040811, 37.12930481 ], [ 140.19034136, 37.12842231 ], [ 140.19016532000001, 37.12841798 ], [ 140.19002266000001, 37.12841356 ], [ 140.18992541, 37.12838949 ], [ 140.18987050000001, 37.1283289 ], [ 140.18983064, 37.12824158 ], [ 140.18971149000001, 37.12807664 ], [ 140.18941233000001, 37.12775319 ], [ 140.18924731000001, 37.1275598 ], [ 140.18912445000001, 37.1274683 ], [ 140.18896255000001, 37.1273917 ], [ 140.18884776, 37.12735241 ], [ 140.18881895000001, 37.12732116 ], [ 140.18877017, 37.12719719 ], [ 140.18870398000001, 37.1269721 ], [ 140.18863762000001, 37.12670745 ], [ 140.18848589000001, 37.12639366 ], [ 140.18839766, 37.12634597 ], [ 140.18841433, 37.12644236 ], [ 140.18846044, 37.12653013 ], [ 140.18841017, 37.12656792 ], [ 140.18836211000001, 37.12657403 ], [ 140.18822183, 37.12655736 ], [ 140.18814655, 37.12654264 ], [ 140.18807545000001, 37.12651125 ], [ 140.18805044000001, 37.12646959 ], [ 140.18804183, 37.12642764 ], [ 140.18803822000001, 37.1263968 ], [ 140.18803572, 37.12637513 ], [ 140.18789961, 37.12629764 ], [ 140.18775934000001, 37.12635431 ], [ 140.18770267, 37.12644847 ], [ 140.18766711000001, 37.12653236 ], [ 140.18765462, 37.12663264 ], [ 140.18765683000001, 37.12672069 ], [ 140.18767766, 37.12681069 ], [ 140.18771545000001, 37.12689459 ], [ 140.187751, 37.12702208 ], [ 140.18771961, 37.1271268 ], [ 140.18754683, 37.12713431 ], [ 140.18738766000001, 37.12712986 ], [ 140.18728934000001, 37.12711959 ], [ 140.18725377000001, 37.12709653 ], [ 140.18723267, 37.12703986 ], [ 140.18721183, 37.12692996 ], [ 140.18719708, 37.1268368 ], [ 140.18718652000001, 37.12672597 ], [ 140.18716375, 37.12659625 ], [ 140.18719097, 37.12646847 ], [ 140.1871993, 37.1263218 ], [ 140.18718875, 37.12629459 ], [ 140.18709041, 37.12629041 ], [ 140.18698764000001, 37.12629459 ], [ 140.18697097, 37.12631347 ], [ 140.18696263000001, 37.12636569 ], [ 140.18695209000001, 37.12646431 ], [ 140.18694375000001, 37.12657513 ], [ 140.18695431, 37.1266882 ], [ 140.18689036000001, 37.12677208 ], [ 140.18679514, 37.12678875 ], [ 140.18670097, 37.12677625 ], [ 140.18667153000001, 37.12675736 ], [ 140.18666124000001, 37.12671541 ], [ 140.18665292, 37.12655013 ], [ 140.18664014000001, 37.12647264 ], [ 140.18657958, 37.12646847 ], [ 140.1864398, 37.12651403 ], [ 140.18623930000001, 37.12658041 ], [ 140.18615764, 37.12665569 ], [ 140.18595875, 37.12675013 ], [ 140.18571597, 37.12677097 ], [ 140.18552319, 37.12680431 ], [ 140.18545847, 37.12682541 ], [ 140.1853318, 37.12686403 ], [ 140.18518737, 37.12689347 ], [ 140.18503236000001, 37.12696264 ], [ 140.18494014000001, 37.12698347 ], [ 140.18489209000001, 37.1270168 ], [ 140.18484375, 37.1270882 ], [ 140.18478514, 37.12719292 ], [ 140.18472652, 37.1272618 ], [ 140.18465958, 37.12730597 ], [ 140.18452791000001, 37.12731208 ], [ 140.18438153, 37.1273582 ], [ 140.18422348000001, 37.12741792 ], [ 140.18416486000001, 37.12745569 ], [ 140.1841293, 37.12750792 ], [ 140.18409569, 37.12761459 ], [ 140.18405791000001, 37.12774653 ], [ 140.18401180000001, 37.1278782 ], [ 140.18397263, 37.12799431 ], [ 140.18394708, 37.12807069 ], [ 140.18387375, 37.1282132 ], [ 140.18387652000001, 37.12835513 ], [ 140.18387903000001, 37.12849069 ], [ 140.18384958, 37.12859513 ], [ 140.18382875, 37.12865403 ], [ 140.18379737000001, 37.12869792 ], [ 140.18375764000001, 37.12872513 ], [ 140.18373041000001, 37.12872097 ], [ 140.18370319, 37.12870208 ], [ 140.18364875, 37.128631 ], [ 140.18359209, 37.12853656 ], [ 140.18356903, 37.12849489 ], [ 140.1835482, 37.12840684 ], [ 140.18353569000001, 37.12828044 ], [ 140.18352097, 37.12813461 ], [ 140.18350209, 37.12806156 ], [ 140.18349744, 37.12797286 ], [ 140.18336698, 37.12794663 ], [ 140.18328332, 37.12801869 ], [ 140.18320445000001, 37.12814621 ], [ 140.18312033000001, 37.12811914 ], [ 140.18298386000001, 37.12805964 ], [ 140.18305523000001, 37.12837961 ], [ 140.18311463000001, 37.12858015 ], [ 140.18321162000001, 37.12875883 ], [ 140.18343601000001, 37.12896007 ], [ 140.18377993, 37.12914836 ], [ 140.18398293000001, 37.1292164 ], [ 140.18418822000001, 37.1292505 ], [ 140.18475408, 37.12923235 ], [ 140.18587626, 37.12918592 ], [ 140.18603805000001, 37.12919212 ], [ 140.1863345, 37.12920356 ], [ 140.18683274, 37.12930366 ], [ 140.18752227, 37.12956595 ], [ 140.18734202, 37.12995758 ], [ 140.18726729, 37.13025638 ], [ 140.18711235000001, 37.1309094 ], [ 140.18704487, 37.13110933 ], [ 140.18722615, 37.13114582 ], [ 140.1873862, 37.1311685 ], [ 140.18756157000001, 37.1311772 ], [ 140.18769836000001, 37.13117679 ], [ 140.18791225000001, 37.13117615 ], [ 140.18828612, 37.13119509 ], [ 140.18845297, 37.13120569 ], [ 140.18877353, 37.13120403 ], [ 140.18882575000001, 37.13120403 ], [ 140.18890686, 37.13109097 ], [ 140.18896436, 37.13101041 ], [ 140.1891063, 37.13081236 ], [ 140.18911270000001, 37.13069513 ], [ 140.18912102, 37.13058208 ], [ 140.18912519, 37.1304732 ], [ 140.18919852, 37.13047541 ], [ 140.1892727, 37.13047597 ], [ 140.18937547, 37.13047653 ], [ 140.18959686, 37.13057903 ], [ 140.18973297, 37.1306668 ], [ 140.18989575000001, 37.13075653 ], [ 140.18990464000001, 37.13076125 ], [ 140.18993881, 37.13081431 ], [ 140.19003769, 37.13096764 ], [ 140.19018519, 37.13119653 ], [ 140.19027742, 37.1313768 ], [ 140.19033492, 37.13148625 ], [ 140.19041464, 37.13160569 ], [ 140.19046270000001, 37.13173959 ], [ 140.19049409, 37.1318568 ], [ 140.19051713, 37.13194486 ], [ 140.19059659000001, 37.1321082 ], [ 140.19071603, 37.13227986 ], [ 140.19083217, 37.13241069 ], [ 140.19094939, 37.13252792 ], [ 140.19105827000001, 37.13262431 ], [ 140.19121134, 37.13274153 ], [ 140.19133272, 37.13283153 ], [ 140.19148966, 37.13292347 ], [ 140.19166667, 37.13301908 ], [ 140.19167577, 37.13302403 ], [ 140.19168189000001, 37.13302672 ], [ 140.19182856, 37.13309095 ], [ 140.19184328, 37.13309733 ], [ 140.19195744000001, 37.13321567 ], [ 140.19208525, 37.1333315 ], [ 140.19208725, 37.13333333 ], [ 140.19213523, 37.13337677 ], [ 140.1923091, 37.13353817 ], [ 140.19237606, 37.13360095 ], [ 140.19237772, 37.13360372 ], [ 140.19246494000001, 37.133739 ], [ 140.192603, 37.13395289 ], [ 140.19262633, 37.13398928 ], [ 140.19268494, 37.13411289 ], [ 140.1927455, 37.13422595 ], [ 140.19278523, 37.13428456 ], [ 140.19283134, 37.13433039 ], [ 140.19290883, 37.134389 ], [ 140.19304302, 37.13444372 ], [ 140.19307859, 37.13445817 ], [ 140.19324803000001, 37.13446872 ], [ 140.19343581000001, 37.13444344 ], [ 140.19344886, 37.13444177 ], [ 140.19357469, 37.13442484 ], [ 140.19368136, 37.13444344 ], [ 140.19378192, 37.13447289 ], [ 140.19383442, 37.13448539 ], [ 140.19388664, 37.13449372 ], [ 140.19394747000001, 37.13449372 ], [ 140.19410830000001, 37.1345565 ], [ 140.19423914000001, 37.13462456 ], [ 140.19438581, 37.13467484 ], [ 140.19451331, 37.13473733 ], [ 140.19463914, 37.13482539 ], [ 140.19473109, 37.13491956 ], [ 140.19477525, 37.134999 ], [ 140.19481635, 37.13512122 ], [ 140.19482109, 37.13513511 ], [ 140.19486942, 37.13526095 ], [ 140.19486942, 37.13540956 ], [ 140.19485664000001, 37.13547428 ], [ 140.19483469, 37.13563456 ], [ 140.19500829, 37.13586911 ], [ 140.19516413, 37.13577739 ], [ 140.19564746, 37.13552838 ], [ 140.19625781, 37.13519512 ], [ 140.19702449, 37.13476493 ], [ 140.19754745, 37.13446756 ], [ 140.19791189, 37.13425017 ], [ 140.19809806000001, 37.13413505 ], [ 140.19822486000001, 37.13406475 ], [ 140.19838121000001, 37.1339481 ], [ 140.19853942, 37.13380132 ], [ 140.19892573000001, 37.13317285 ], [ 140.19847714, 37.13298717 ], [ 140.19811821, 37.13282227 ], [ 140.19808276000001, 37.1328523 ], [ 140.19816899, 37.13299594 ], [ 140.19819853000001, 37.13306336 ], [ 140.19816947000001, 37.13309725 ], [ 140.19787177000001, 37.13325396 ], [ 140.19746724000001, 37.13345529 ], [ 140.19729899000001, 37.13354923 ], [ 140.19712758, 37.13365628 ], [ 140.19698532000001, 37.13376063 ], [ 140.19685611, 37.13387529 ], [ 140.19670122, 37.13404719 ], [ 140.19661089, 37.13415131 ], [ 140.19657726, 37.13420337 ], [ 140.19655054, 37.13414178 ], [ 140.19639397, 37.13356891 ], [ 140.19630334, 37.133215 ], [ 140.19568613000001, 37.133317 ], [ 140.19504488000001, 37.13341901 ], [ 140.19490417, 37.13289319 ], [ 140.19479385, 37.13244309 ], [ 140.19473777, 37.13227585 ], [ 140.19465198, 37.13192016 ], [ 140.19446112, 37.13121067 ], [ 140.19443041, 37.13106735 ], [ 140.19485513000001, 37.13110548 ], [ 140.19498688, 37.13106656 ], [ 140.19512659, 37.13104657 ], [ 140.19534719000001, 37.1310435 ], [ 140.1955358, 37.13101764 ], [ 140.19567732, 37.1310075 ], [ 140.19575244000001, 37.13100586 ], [ 140.1958137, 37.13102665 ], [ 140.19588907, 37.13107112 ], [ 140.19592499000001, 37.13109551 ], [ 140.19596087, 37.13110448 ], [ 140.19617469, 37.13107806 ], [ 140.19632769, 37.13123536 ], [ 140.19650331, 37.13132839 ], [ 140.19678301, 37.13147558 ], [ 140.19720888000001, 37.13166647 ], [ 140.19745271, 37.13177738 ], [ 140.197794, 37.13191657 ], [ 140.19818717000001, 37.13205306 ], [ 140.19843897000001, 37.13213409 ], [ 140.19891317, 37.1322521 ], [ 140.19947793, 37.13235124 ], [ 140.19989931000001, 37.13241026 ], [ 140.20023710000001, 37.13243787 ], [ 140.20074566, 37.13245227 ], [ 140.20095819, 37.13245316 ], [ 140.20123217, 37.13242359 ], [ 140.20151017000001, 37.13240688 ], [ 140.20183177000001, 37.13237096 ], [ 140.20206593, 37.13232567 ], [ 140.20219667000001, 37.1323047 ], [ 140.20204022, 37.13172022 ], [ 140.20226209, 37.13169059 ], [ 140.20283128, 37.13159511 ], [ 140.20321129000001, 37.13152922 ], [ 140.2033205, 37.13151156 ], [ 140.20389143, 37.13141333 ], [ 140.20466889, 37.13127755 ], [ 140.20454025000001, 37.13139475 ], [ 140.20436579, 37.13152885 ], [ 140.20423298, 37.13164599 ], [ 140.20428145, 37.13174933 ], [ 140.20435925000001, 37.13189094 ], [ 140.20390259000001, 37.13198087 ], [ 140.20314421, 37.13212623 ], [ 140.2031264, 37.13268718 ], [ 140.20310929, 37.13297362 ], [ 140.20310548, 37.13321138 ], [ 140.2020926, 37.13318293 ], [ 140.20182223, 37.13317758 ], [ 140.20166355000001, 37.13317646 ], [ 140.20162254, 37.13320489 ], [ 140.20150733, 37.13328213 ], [ 140.20140380000001, 37.13333884 ], [ 140.20130798, 37.13337997 ], [ 140.20123372, 37.1334147 ], [ 140.20117902000001, 37.13344155 ], [ 140.20114209, 37.13350439 ], [ 140.20109248, 37.13357425 ], [ 140.20097364, 37.13370958 ], [ 140.2008314, 37.13387159 ], [ 140.20071441, 37.13398952 ], [ 140.20115062, 37.13418544 ], [ 140.20420401000001, 37.13553859 ], [ 140.20498119000001, 37.13589422 ], [ 140.20540865000001, 37.13605705 ], [ 140.20548674, 37.13608637 ], [ 140.20597895, 37.13605856 ], [ 140.20646704000001, 37.13603407 ], [ 140.20674595, 37.13601341 ], [ 140.20696942000001, 37.13599137 ], [ 140.20725647, 37.13596413 ], [ 140.20751479, 37.13593051 ], [ 140.20790033, 37.13590303 ], [ 140.20803158000001, 37.13589599 ], [ 140.20801644, 37.13615885 ], [ 140.20847610000001, 37.13618365 ], [ 140.20905574, 37.13620469 ], [ 140.20954546, 37.13621827 ], [ 140.20958072, 37.13623548 ], [ 140.2095893, 37.13633296 ], [ 140.20980044000001, 37.1363539 ], [ 140.2099953, 37.13637067 ], [ 140.21009258000001, 37.13634867 ], [ 140.21022229, 37.13631362 ], [ 140.21019983, 37.13615557 ], [ 140.21019671, 37.13606898 ], [ 140.21015059000001, 37.1360409 ], [ 140.21002049000001, 37.13599809 ], [ 140.20979556, 37.13591862 ], [ 140.20991504, 37.13573738 ], [ 140.20971460000001, 37.13568381 ], [ 140.2098111, 37.13550601 ], [ 140.21007438000001, 37.13503799 ], [ 140.21169059, 37.13535393 ], [ 140.21196256, 37.13538756 ], [ 140.21257728, 37.13546274 ], [ 140.21298393000001, 37.13547123 ], [ 140.21341983, 37.1354732 ], [ 140.21377528, 37.13546213 ], [ 140.21426729000001, 37.13539486 ], [ 140.21471410000001, 37.13532112 ], [ 140.2153875, 37.13522623 ], [ 140.21596761000001, 37.13514057 ], [ 140.21654855, 37.13502126 ], [ 140.21670935, 37.13498772 ], [ 140.2168443, 37.13496567 ], [ 140.21719447000001, 37.13490849 ], [ 140.21774976, 37.13477764 ], [ 140.21825735, 37.13463793 ], [ 140.21890927000001, 37.13431611 ], [ 140.21928043, 37.13412594 ], [ 140.21985127, 37.13393146 ], [ 140.22065723, 37.13356548 ], [ 140.22106929, 37.13337876 ], [ 140.22132282000001, 37.13370319 ], [ 140.22135353, 37.13375821 ], [ 140.22121885000001, 37.1338237 ], [ 140.22119357, 37.13384244 ], [ 140.22116324000001, 37.13386929 ], [ 140.22109931, 37.1339292 ], [ 140.22098508, 37.1339959 ], [ 140.22089247, 37.13407794 ], [ 140.22079783000001, 37.13421088 ], [ 140.22067498000001, 37.13437384 ], [ 140.22063524000001, 37.13444409 ], [ 140.22045546000001, 37.13445074 ], [ 140.22043799, 37.13462173 ], [ 140.22041636, 37.13482716 ], [ 140.22041262, 37.13499064 ], [ 140.22043835, 37.13513953 ], [ 140.2206329, 37.1352433 ], [ 140.22088082, 37.13535337 ], [ 140.22115801000001, 37.13542694 ], [ 140.22121015, 37.13540861 ], [ 140.22125751, 37.13535938 ], [ 140.22140871, 37.13519358 ], [ 140.22163248000001, 37.13501846 ], [ 140.22177269, 37.13492535 ], [ 140.22189484, 37.13484864 ], [ 140.22202846, 37.13479906 ], [ 140.22204921, 37.13485904 ], [ 140.22206329, 37.13495524 ], [ 140.22199819, 37.13509541 ], [ 140.22190031, 37.13503209 ], [ 140.22179399000001, 37.13509967 ], [ 140.22169901000001, 37.13515806 ], [ 140.22169235000001, 37.13518899 ], [ 140.22169253000001, 37.13522356 ], [ 140.22170184000001, 37.13527252 ], [ 140.22173056, 37.13534424 ], [ 140.22178785, 37.13544578 ], [ 140.2219111, 37.13558526 ], [ 140.22197503000001, 37.1356632 ], [ 140.22203188, 37.13569019 ], [ 140.22214104, 37.13572982 ], [ 140.22221837000001, 37.13576413 ], [ 140.22227532, 37.13580752 ], [ 140.22232542, 37.13584741 ], [ 140.22238250000001, 37.1359089 ], [ 140.22242465, 37.13594966 ], [ 140.2224838, 37.13597671 ], [ 140.22249979, 37.13599116 ], [ 140.2225047, 37.13606746 ], [ 140.22270437, 37.13606138 ], [ 140.22268668000001, 37.13615233 ], [ 140.22266182000001, 37.13617416 ], [ 140.22265538, 37.13624684 ], [ 140.22248074000001, 37.13626375 ], [ 140.22244192, 37.13621305 ], [ 140.22242829000001, 37.13621309 ], [ 140.22240333, 37.13621493 ], [ 140.22237164000001, 37.13622595 ], [ 140.22238770000001, 37.13626405 ], [ 140.22240388, 37.13632398 ], [ 140.22245406, 37.13636747 ], [ 140.22252676, 37.13638905 ], [ 140.22261312000001, 37.13640862 ], [ 140.22267442, 37.13641933 ], [ 140.22270176000001, 37.13643388 ], [ 140.22272014000001, 37.1364774 ], [ 140.22274313, 37.13653724 ], [ 140.22279940000001, 37.13667243 ], [ 140.22289563000001, 37.13685016 ], [ 140.22296419, 37.13694618 ], [ 140.22304842, 37.13699497 ], [ 140.22310527, 37.13702027 ], [ 140.22315297, 37.13702919 ], [ 140.22320065, 37.13703262 ], [ 140.22325264, 37.13699429 ], [ 140.22330242000001, 37.13696872 ], [ 140.22329255, 37.1368107 ], [ 140.22326914000001, 37.13667088 ], [ 140.22325899000001, 37.13656032 ], [ 140.22330281000001, 37.13655658 ], [ 140.22333244000001, 37.13654705 ], [ 140.22335606, 37.13652445 ], [ 140.22338564, 37.13650534 ], [ 140.22341226, 37.13649216 ], [ 140.22344341, 37.13648614 ], [ 140.22347454000001, 37.13648716 ], [ 140.22357694, 37.1364952 ], [ 140.22364521, 37.13649258 ], [ 140.22368371, 37.13648183 ], [ 140.22370887, 37.13646745 ], [ 140.22372062, 37.13644249 ], [ 140.22372251, 37.13638257 ], [ 140.22372801, 37.13629828 ], [ 140.22373665000001, 37.1362425 ], [ 140.22375562, 37.13618654 ], [ 140.22377918000001, 37.13615203 ], [ 140.22380428, 37.13612463 ], [ 140.22381456, 37.13610566 ], [ 140.22381297000001, 37.13608785 ], [ 140.22380703, 37.13607844 ], [ 140.22378317, 37.13605585 ], [ 140.22375779000001, 37.13602749 ], [ 140.22371812, 37.13581163 ], [ 140.22369394, 37.13572737 ], [ 140.22368176000001, 37.13566806 ], [ 140.22369045, 37.13563002 ], [ 140.22370842000001, 37.13560117 ], [ 140.22378995, 37.13556999 ], [ 140.22379871000001, 37.13551364 ], [ 140.22391217000001, 37.1355096 ], [ 140.2238662, 37.13539352 ], [ 140.22382046000001, 37.13533003 ], [ 140.22382484, 37.13529376 ], [ 140.22383369, 37.13525367 ], [ 140.22391307000001, 37.13524074 ], [ 140.22392656, 37.1352207 ], [ 140.22396575, 37.13511433 ], [ 140.22394703000001, 37.13500351 ], [ 140.22393543000001, 37.13495455 ], [ 140.22386252000001, 37.13490023 ], [ 140.22381915, 37.13485497 ], [ 140.22378929000001, 37.13478424 ], [ 140.22378427000001, 37.13468971 ], [ 140.22377252000001, 37.13460984 ], [ 140.22377213, 37.13453353 ], [ 140.22379111000001, 37.13447264 ], [ 140.22380193000001, 37.13437087 ], [ 140.22377664000001, 37.13430922 ], [ 140.22373776000001, 37.1342457 ], [ 140.22368301, 37.13419322 ], [ 140.22362364, 37.13412076 ], [ 140.22357546000001, 37.13402095 ], [ 140.22352825, 37.1338858 ], [ 140.22359843000001, 37.13385283 ], [ 140.22367533, 37.13380168 ], [ 140.22373211, 37.1338143 ], [ 140.22374106000001, 37.13378513 ], [ 140.22377279, 37.13378326 ], [ 140.22383637, 37.13379213 ], [ 140.22387268, 37.13379201 ], [ 140.22389765, 37.1337901 ], [ 140.22394517000001, 37.1337627 ], [ 140.22401308, 37.13373523 ], [ 140.22409012, 37.13371139 ], [ 140.2241717, 37.13369106 ], [ 140.22417384, 37.13366197 ], [ 140.22410312, 37.13358955 ], [ 140.22409583000001, 37.13349693 ], [ 140.22411604000001, 37.13346046 ], [ 140.2240133, 37.13333366 ], [ 140.22395909, 37.13338474 ], [ 140.22381899000001, 37.13349967 ], [ 140.22379631000001, 37.13349975 ], [ 140.22368066000001, 37.13351287 ], [ 140.22365563, 37.13350204 ], [ 140.22362828000001, 37.13347672 ], [ 140.22365987000001, 37.13344571 ], [ 140.22376135, 37.13337117 ], [ 140.22378999, 37.13334805 ], [ 140.22379286, 37.13331657 ], [ 140.22376231000001, 37.13325845 ], [ 140.22367436, 37.13322967 ], [ 140.22358029, 37.13318147 ], [ 140.22355572000001, 37.13311369 ], [ 140.22355823000001, 37.13301195 ], [ 140.22354246, 37.13289563 ], [ 140.22349667, 37.13281348 ], [ 140.22343593, 37.13277482 ], [ 140.22342916, 37.13263911 ], [ 140.22340267000001, 37.13248769 ], [ 140.22336535, 37.132294 ], [ 140.22339762, 37.13209754 ], [ 140.22348467, 37.13195913 ], [ 140.2236053, 37.13186418 ], [ 140.2237955, 37.13177147 ], [ 140.22399492, 37.13170294 ], [ 140.22413394, 37.1316613 ], [ 140.22438349000001, 37.13162049 ], [ 140.22448937, 37.13161289 ], [ 140.22453774, 37.13159815 ], [ 140.22459202, 37.13156164 ], [ 140.22464035, 37.13153727 ], [ 140.2247338, 37.1314667 ], [ 140.22474937000001, 37.13144172 ], [ 140.22476731, 37.13139196 ], [ 140.22476978, 37.13128262 ], [ 140.2248745, 37.13128959 ], [ 140.22491092000001, 37.13128461 ], [ 140.22494265, 37.13126508 ], [ 140.22500025, 37.13119069 ], [ 140.22515682, 37.13103021 ], [ 140.22527996, 37.13084317 ], [ 140.22540330000001, 37.13069499 ], [ 140.22549464, 37.13063034 ], [ 140.22556374000001, 37.13060336 ], [ 140.22573779000001, 37.13058659 ], [ 140.22582711000001, 37.1305827 ], [ 140.22598999, 37.13056435 ], [ 140.22610809, 37.13051573 ], [ 140.22629489, 37.13043021 ], [ 140.2264036, 37.13038627 ], [ 140.2262208, 37.13015659 ], [ 140.22605034, 37.1299682 ], [ 140.22550707, 37.13044078 ], [ 140.22519123000001, 37.1306707 ], [ 140.22464504000001, 37.13104881 ], [ 140.22410439000001, 37.13142062 ], [ 140.22405035, 37.13133322 ], [ 140.22403661000001, 37.13126892 ], [ 140.22405406, 37.13119199 ], [ 140.224178, 37.13080803 ], [ 140.22437640000001, 37.13026219 ], [ 140.22449194000001, 37.12993732 ], [ 140.22458091, 37.12969682 ], [ 140.22463157000001, 37.12954635 ], [ 140.22472116, 37.12930612 ], [ 140.22479334, 37.12921859 ], [ 140.22485351, 37.12914812 ], [ 140.22494998, 37.12907515 ], [ 140.22514607, 37.12895088 ], [ 140.22531203, 37.12884846 ], [ 140.22537214, 37.12876589 ], [ 140.22387286, 37.12886413 ], [ 140.22327679, 37.1289025 ], [ 140.22239615000001, 37.12895975 ], [ 140.22135367000001, 37.1290297 ], [ 140.22127187000001, 37.12903272 ], [ 140.22037993000001, 37.12908119 ], [ 140.22029808, 37.12893636 ], [ 140.22080818000001, 37.12876368 ], [ 140.22191474, 37.12839861 ], [ 140.22236155, 37.1282726 ], [ 140.22269308, 37.12813782 ], [ 140.22287560000001, 37.12819445 ], [ 140.22307132, 37.12781055 ], [ 140.22314005000001, 37.12773598 ], [ 140.22331026000001, 37.12749528 ], [ 140.2234819, 37.127284 ], [ 140.22355054, 37.12720182 ], [ 140.22357403000001, 37.12713501 ], [ 140.22358080000001, 37.12706634 ], [ 140.22356622000001, 37.12701113 ], [ 140.22354462000001, 37.12697311 ], [ 140.22361296, 37.12695993 ], [ 140.22415415, 37.12670012 ], [ 140.22435681, 37.12675929 ], [ 140.22453742, 37.12680453 ], [ 140.22467738, 37.12664911 ], [ 140.22490909000001, 37.12636646 ], [ 140.22516736, 37.12611906 ], [ 140.22520889, 37.12608224 ], [ 140.22460146, 37.12587312 ], [ 140.22359439, 37.12546115 ], [ 140.22376498, 37.12501283 ], [ 140.22375112, 37.12494361 ], [ 140.22370445000001, 37.12480014 ], [ 140.22402849, 37.12446129 ], [ 140.22435929, 37.12458889 ], [ 140.22477807000001, 37.12476998 ], [ 140.22504157, 37.12487211 ], [ 140.22519675000001, 37.12493242 ], [ 140.2252519, 37.12485972 ], [ 140.22549736, 37.12458399 ], [ 140.22566603000001, 37.12443129 ], [ 140.22582314, 37.12430208 ], [ 140.22615251, 37.1241359 ], [ 140.22638280000001, 37.12407458 ], [ 140.227146, 37.12396574 ], [ 140.22801628, 37.12386519 ], [ 140.22811949000001, 37.12384718 ], [ 140.22814939, 37.12391508 ], [ 140.22820538, 37.12403894 ], [ 140.2283924, 37.12453169 ], [ 140.22868533, 37.12445249 ], [ 140.22939459, 37.12425955 ], [ 140.23019043, 37.12403814 ], [ 140.23060302, 37.12390982 ], [ 140.2308682, 37.12382022 ], [ 140.23104134, 37.12376649 ], [ 140.2314466, 37.12364692 ], [ 140.23191991, 37.12348728 ], [ 140.2319794, 37.1234621 ], [ 140.23239849000001, 37.12328474 ], [ 140.23293217, 37.12302886 ], [ 140.23327224, 37.12279573 ], [ 140.23352199000001, 37.12258221 ], [ 140.23365413, 37.12244877 ], [ 140.23373868, 37.12238646 ], [ 140.23378253000001, 37.12230662 ], [ 140.2338595, 37.1222147 ], [ 140.23407197, 37.1219185 ], [ 140.23424781, 37.12167861 ], [ 140.23437964, 37.12149498 ], [ 140.23444364, 37.12138691 ], [ 140.23457485, 37.12107916 ], [ 140.23460897000001, 37.12090621 ], [ 140.23424423, 37.121002 ], [ 140.23413612, 37.12079848 ], [ 140.23396867, 37.12053026 ], [ 140.23384763000001, 37.12031637 ], [ 140.23370992, 37.12008641 ], [ 140.23342505, 37.11958949 ], [ 140.23298936, 37.11882289 ], [ 140.23288328000001, 37.11865337 ], [ 140.23136792, 37.11920057 ], [ 140.23099966000001, 37.11932888 ], [ 140.23126038000001, 37.11980075 ], [ 140.23067103, 37.11999176 ], [ 140.23041407, 37.11953171 ], [ 140.23015446, 37.11962572 ], [ 140.22907541000001, 37.12000753 ], [ 140.22860062000001, 37.11917149 ], [ 140.22833179, 37.11926693 ], [ 140.22800773, 37.11938326 ], [ 140.22817325, 37.11964115 ], [ 140.22747271, 37.11989623 ], [ 140.2274589, 37.11992134 ], [ 140.22699641, 37.11966282 ], [ 140.22710271, 37.11952955 ], [ 140.22722348, 37.11933997 ], [ 140.22736242, 37.11910029 ], [ 140.22748671, 37.11887529 ], [ 140.22769501, 37.11849345 ], [ 140.22784108, 37.11819755 ], [ 140.22806164, 37.11768711 ], [ 140.22811168000001, 37.11737669 ], [ 140.22815139, 37.11721111 ], [ 140.22785266, 37.11671127 ], [ 140.22803951, 37.1166501 ], [ 140.22830164000001, 37.116528 ], [ 140.22860325, 37.11633254 ], [ 140.22880928000001, 37.11613092 ], [ 140.22900351000001, 37.11596131 ], [ 140.22923148000001, 37.11577074 ], [ 140.2296003, 37.11548248 ], [ 140.22989524, 37.11528127 ], [ 140.22954033, 37.1149729 ], [ 140.22948306000001, 37.11499971 ], [ 140.22898569, 37.11517308 ], [ 140.22889218, 37.11519515 ], [ 140.22875628, 37.1151956 ], [ 140.22867673, 37.11519587 ], [ 140.22865967000001, 37.11519593 ], [ 140.22853579, 37.11522781 ], [ 140.22846756000001, 37.11512279 ], [ 140.2285191, 37.11507798 ], [ 140.22855856000001, 37.11500766 ], [ 140.22854606000001, 37.11490252 ], [ 140.22854182, 37.11485783 ], [ 140.22851371, 37.11481012 ], [ 140.22842586, 37.11476261 ], [ 140.22838580000001, 37.11471804 ], [ 140.22833667, 37.11467773 ], [ 140.22845675, 37.11464241 ], [ 140.22843972000001, 37.11453834 ], [ 140.22850715000001, 37.11453023 ], [ 140.22853768, 37.11451788 ], [ 140.22854008, 37.11452308 ], [ 140.22868714000001, 37.11437707 ], [ 140.22864231, 37.1142676 ], [ 140.22858557000001, 37.11408278 ], [ 140.22844617000001, 37.11368949 ], [ 140.22835396, 37.1135654 ], [ 140.22826989000001, 37.11348281 ], [ 140.22814239, 37.11346726 ], [ 140.22791956, 37.11349666 ], [ 140.227725, 37.11360256 ], [ 140.22756312000001, 37.11386464 ], [ 140.22752695, 37.1138328 ], [ 140.22716611000001, 37.1140923 ], [ 140.22731351, 37.11459532 ], [ 140.22732253000001, 37.1146897 ], [ 140.2274536, 37.11480007 ], [ 140.22768779, 37.11472453 ], [ 140.22774584000001, 37.11482332 ], [ 140.22788005000001, 37.11495297 ], [ 140.22798488000001, 37.11495213 ], [ 140.22811641000001, 37.11498049 ], [ 140.22830925, 37.11530502 ], [ 140.2277794, 37.11549631 ], [ 140.22744485000001, 37.11562077 ], [ 140.22674238, 37.11585537 ], [ 140.22689837, 37.11593821 ], [ 140.22703764, 37.1160104 ], [ 140.2271195, 37.1160706 ], [ 140.22715306000001, 37.11613568 ], [ 140.22716244, 37.11619858 ], [ 140.22714472000001, 37.11627362 ], [ 140.22713275000001, 37.11629535 ], [ 140.22716874, 37.11641308 ], [ 140.22726598, 37.11650751 ], [ 140.22734702, 37.11658898 ], [ 140.22744403, 37.11664033 ], [ 140.22749267, 37.11668748 ], [ 140.22757916, 37.11678624 ], [ 140.22763336, 37.11687216 ], [ 140.22754267, 37.11700588 ], [ 140.22741318000001, 37.11709142 ], [ 140.22751893, 37.11738479 ], [ 140.22620548, 37.11773385 ], [ 140.22583457, 37.1178342 ], [ 140.22582518, 37.11777136 ], [ 140.22560817, 37.11726907 ], [ 140.22581563, 37.11719889 ], [ 140.22577247000001, 37.11716454 ], [ 140.22556758, 37.11704469 ], [ 140.22543252, 37.11691173 ], [ 140.2253666, 37.11688829 ], [ 140.22514911, 37.11682938 ], [ 140.22501244, 37.11680999 ], [ 140.22493096, 37.11665122 ], [ 140.224664, 37.11603341 ], [ 140.22452506, 37.11552227 ], [ 140.22423496, 37.11554899 ], [ 140.22403633, 37.1156014 ], [ 140.22400936, 37.11560395 ], [ 140.22396815, 37.11584662 ], [ 140.22377643, 37.1158324 ], [ 140.22368055000001, 37.11582032 ], [ 140.22348886, 37.11582096 ], [ 140.22342907000001, 37.11581038 ], [ 140.22342172, 37.11581625 ], [ 140.2232474, 37.11572375 ], [ 140.22313256000001, 37.1157273 ], [ 140.22308164, 37.11572331 ], [ 140.22303461000001, 37.11571615 ], [ 140.22299537000001, 37.11569952 ], [ 140.22296779000001, 37.11567145 ], [ 140.22293903, 37.11565902 ], [ 140.22288404, 37.11563413 ], [ 140.22284993, 37.11559975 ], [ 140.2228092, 37.11554244 ], [ 140.22273953000001, 37.11556815 ], [ 140.22257502, 37.11546006 ], [ 140.22252182, 37.11532655 ], [ 140.22239876, 37.11536398 ], [ 140.22239605, 37.11535906 ], [ 140.22234586, 37.11536873 ], [ 140.22231062, 37.11537089 ], [ 140.22227338, 37.11536109 ], [ 140.22223740000001, 37.11534762 ], [ 140.22219567, 37.11535353 ], [ 140.22216825000001, 37.11535418 ], [ 140.22213126, 37.11534923 ], [ 140.22212579000001, 37.11543042 ], [ 140.22210518, 37.11564669 ], [ 140.2220875, 37.11583311 ], [ 140.22207883, 37.11595993 ], [ 140.22206679000001, 37.11602952 ], [ 140.22204563, 37.11613893 ], [ 140.22202423, 37.11619863 ], [ 140.22194948000001, 37.11625393 ], [ 140.2218146, 37.11630999 ], [ 140.22171813, 37.11632889 ], [ 140.22157493, 37.11627057 ], [ 140.22138162, 37.11622798 ], [ 140.22126646000001, 37.11636747 ], [ 140.22126277000001, 37.11640156 ], [ 140.22103904, 37.11645481 ], [ 140.22103072, 37.11633114 ], [ 140.22100311, 37.11622605 ], [ 140.22098335000001, 37.11613643 ], [ 140.22095997, 37.11609328 ], [ 140.22087466, 37.11602548 ], [ 140.22083769, 37.11597456 ], [ 140.22069479000001, 37.11597503 ], [ 140.22046709, 37.11600675 ], [ 140.22037683, 37.11598543 ], [ 140.22021777, 37.11590083 ], [ 140.22020793, 37.11665402 ], [ 140.22022325, 37.116657 ], [ 140.22035473, 37.11669367 ], [ 140.22052491, 37.11673331 ], [ 140.2206022, 37.11674545 ], [ 140.22080316, 37.11676957 ], [ 140.22093462000001, 37.11680315 ], [ 140.22096635, 37.11696384 ], [ 140.22102856000001, 37.1170441 ], [ 140.22116067, 37.11720447 ], [ 140.22123075, 37.11730935 ], [ 140.22136283, 37.11746359 ], [ 140.22147917000001, 37.11755599 ], [ 140.22158784000001, 37.11766082 ], [ 140.22153807000001, 37.11774448 ], [ 140.22126403, 37.11810182 ], [ 140.22106526, 37.11836802 ], [ 140.22116194, 37.11842382 ], [ 140.22123523, 37.11847046 ], [ 140.22126170000001, 37.11850544 ], [ 140.22127661, 37.11856854 ], [ 140.22129156, 37.11862931 ], [ 140.22130924000001, 37.11865742 ], [ 140.22139124, 37.11869453 ], [ 140.22144103, 37.11872717 ], [ 140.22144196, 37.11890965 ], [ 140.22150056000001, 37.11893516 ], [ 140.22152985, 37.11895611 ], [ 140.22154469, 37.11899584 ], [ 140.2215946, 37.11904249 ], [ 140.22164745000001, 37.1190961 ], [ 140.22170304, 37.11911 ], [ 140.22182278, 37.11910257 ], [ 140.22193367, 37.11907412 ], [ 140.22204886, 37.11903516 ], [ 140.22217427000001, 37.11899257 ], [ 140.22225579, 37.11893612 ], [ 140.22231691, 37.11888918 ], [ 140.22236337000001, 37.1188282 ], [ 140.22241824, 37.11871108 ], [ 140.22245022000001, 37.11867345 ], [ 140.22256658000001, 37.11857957 ], [ 140.22265387, 37.11850903 ], [ 140.22265042000001, 37.11840146 ], [ 140.22279053, 37.11837995 ], [ 140.22293642, 37.11834667 ], [ 140.22313495, 37.1183156 ], [ 140.22349528000001, 37.11875597 ], [ 140.22311386000001, 37.11893436 ], [ 140.22232509, 37.11934542 ], [ 140.22184143000001, 37.11960201 ], [ 140.22143052000001, 37.11980928 ], [ 140.22127614, 37.11990335 ], [ 140.22115678, 37.11998561 ], [ 140.2209763, 37.12011722 ], [ 140.22082196, 37.12022065 ], [ 140.22051621, 37.12042286 ], [ 140.22037701, 37.12005371 ], [ 140.22027882, 37.11970301 ], [ 140.22010998, 37.11982296 ], [ 140.21995856000001, 37.11992167 ], [ 140.21981612, 37.12006491 ], [ 140.21964878, 37.12019527 ], [ 140.21950344000001, 37.12033845 ], [ 140.21931444000001, 37.12052394 ], [ 140.21907027, 37.12077037 ], [ 140.21867925000001, 37.12115652 ], [ 140.2185513, 37.12127155 ], [ 140.21847267000001, 37.12132567 ], [ 140.21836778, 37.1213774 ], [ 140.21820443, 37.12142954 ], [ 140.21810819000001, 37.12146956 ], [ 140.21809992, 37.12156322 ], [ 140.2178927, 37.12160831 ], [ 140.21772633, 37.12164391 ], [ 140.21760962, 37.12167942 ], [ 140.2175748, 37.12172164 ], [ 140.21756932, 37.12179417 ], [ 140.21759299000001, 37.12185963 ], [ 140.21765468000001, 37.12192258 ], [ 140.21771942000001, 37.12200664 ], [ 140.21782487, 37.12206713 ], [ 140.21793032, 37.12211825 ], [ 140.21802999, 37.12218107 ], [ 140.21812679000001, 37.12226031 ], [ 140.21816809000001, 37.12233276 ], [ 140.21815237000001, 37.12240645 ], [ 140.21811485000001, 37.12249782 ], [ 140.21809483000001, 37.12257983 ], [ 140.21808071000001, 37.12267337 ], [ 140.21806381, 37.12279979 ], [ 140.21807329000001, 37.12294486 ], [ 140.21805044000001, 37.12304082 ], [ 140.21797791, 37.12314638 ], [ 140.21793457000001, 37.1232424 ], [ 140.21792775, 37.12333719 ], [ 140.21789296, 37.12339348 ], [ 140.21782023, 37.12345919 ], [ 140.21769205000001, 37.12352987 ], [ 140.21756672000001, 37.1235911 ], [ 140.21737597000001, 37.12365769 ], [ 140.21712209, 37.12372546 ], [ 140.21681414, 37.12377623 ], [ 140.21656035000001, 37.12383331 ], [ 140.2164267, 37.12386739 ], [ 140.21627297000001, 37.12394568 ], [ 140.21611939, 37.12404361 ], [ 140.21597668000001, 37.12415454 ], [ 140.21581768, 37.12425896 ], [ 140.21558060000001, 37.12441553 ], [ 140.21544583, 37.12449608 ], [ 140.21536040000001, 37.12444116 ], [ 140.21530893, 37.12442619 ], [ 140.21519264, 37.12441354 ], [ 140.21507345000001, 37.12437528 ], [ 140.21500287000001, 37.12431024 ], [ 140.21489422, 37.1242002 ], [ 140.21475802, 37.12399718 ], [ 140.21453438, 37.1236083 ], [ 140.21446595, 37.12343745 ], [ 140.21444139, 37.12339641 ], [ 140.2143386, 37.12338379 ], [ 140.21422765, 37.12335809 ], [ 140.21418026000001, 37.12333987 ], [ 140.21415295, 37.12328589 ], [ 140.21441357, 37.12321254 ], [ 140.21498108, 37.12307125 ], [ 140.21544414, 37.12295669 ], [ 140.21569846, 37.12289849 ], [ 140.21566718, 37.12284114 ], [ 140.2156393, 37.12272528 ], [ 140.21560718000001, 37.12259761 ], [ 140.21558393000001, 37.1225641 ], [ 140.21552692, 37.12250198 ], [ 140.21545105000001, 37.12244175 ], [ 140.21539349, 37.12240476 ], [ 140.21531122, 37.12239158 ], [ 140.21519469, 37.12238302 ], [ 140.21516685, 37.12240669 ], [ 140.21520065000001, 37.12256344 ], [ 140.21520754, 37.12264874 ], [ 140.2151594, 37.1227005 ], [ 140.21510137000001, 37.12270843 ], [ 140.21500130000001, 37.12270362 ], [ 140.2146109, 37.12273078 ], [ 140.21448822, 37.12272343 ], [ 140.2144299, 37.12267448 ], [ 140.21421237000001, 37.12241674 ], [ 140.21408941000001, 37.12220346 ], [ 140.21407794000001, 37.12216999 ], [ 140.21407382000001, 37.12214656 ], [ 140.21408027000001, 37.12210922 ], [ 140.21385857000001, 37.12193964 ], [ 140.21379356, 37.12197596 ], [ 140.21367488000001, 37.12192319 ], [ 140.21351371, 37.12177939 ], [ 140.21342449, 37.12166006 ], [ 140.21334350000001, 37.12150769 ], [ 140.21329751, 37.12133915 ], [ 140.21331204000001, 37.12123871 ], [ 140.21344235000001, 37.12121415 ], [ 140.21359243000001, 37.12113728 ], [ 140.21376248000001, 37.12103634 ], [ 140.21385225, 37.12093165 ], [ 140.21385679, 37.12083927 ], [ 140.21383111, 37.12072284 ], [ 140.21386076, 37.12063037 ], [ 140.21385009, 37.12050193 ], [ 140.2136089, 37.12041428 ], [ 140.21342947, 37.12039774 ], [ 140.21333211000001, 37.12048845 ], [ 140.21330571, 37.12047347 ], [ 140.21314745000001, 37.11992766 ], [ 140.21313677000001, 37.1197952 ], [ 140.21315767, 37.11971178 ], [ 140.21324754, 37.11962715 ], [ 140.21340517, 37.11954829 ], [ 140.21355281000001, 37.11948558 ], [ 140.21370178000001, 37.11943181 ], [ 140.21388949000001, 37.11935489 ], [ 140.21413221, 37.11924766 ], [ 140.21423497000001, 37.11922924 ], [ 140.21438554, 37.11924889 ], [ 140.21451719000001, 37.11924945 ], [ 140.21464763, 37.11924305 ], [ 140.21470448, 37.11933424 ], [ 140.21477003000001, 37.11939634 ], [ 140.21484801, 37.11944825 ], [ 140.21495602, 37.11947797 ], [ 140.21514438, 37.11952967 ], [ 140.21526749, 37.11957144 ], [ 140.21542082, 37.11964121 ], [ 140.21548619000001, 37.11967711 ], [ 140.21572950000001, 37.1196783 ], [ 140.21580554, 37.11983476 ], [ 140.21618403, 37.11979341 ], [ 140.21644858, 37.11977946 ], [ 140.2165991, 37.11978904 ], [ 140.21666207000001, 37.11984706 ], [ 140.21667493000001, 37.11990327 ], [ 140.21676289000001, 37.11994713 ], [ 140.21682321, 37.11996706 ], [ 140.21683589, 37.11999716 ], [ 140.21680415, 37.12016995 ], [ 140.21675937000001, 37.12029569 ], [ 140.21676427, 37.12031581 ], [ 140.21677643000001, 37.12033894 ], [ 140.21680048, 37.12035033 ], [ 140.21683173, 37.12034925 ], [ 140.21688205000001, 37.12032895 ], [ 140.21696098000001, 37.12026421 ], [ 140.21711383, 37.12031764 ], [ 140.21712586000001, 37.12032429 ], [ 140.21712828, 37.12033385 ], [ 140.21711776000001, 37.12038296 ], [ 140.21719235, 37.12040764 ], [ 140.21721636000001, 37.12040855 ], [ 140.21723075, 37.1204028 ], [ 140.21725527000001, 37.12035027 ], [ 140.21729023, 37.12031805 ], [ 140.21734007000001, 37.12025558 ], [ 140.2173875, 37.12021129 ], [ 140.21747776000001, 37.12020698 ], [ 140.21777643, 37.1202441 ], [ 140.21791951, 37.12026975 ], [ 140.21804004000001, 37.12030555 ], [ 140.21806536, 37.12034764 ], [ 140.21809576000001, 37.12040583 ], [ 140.21813894, 37.12051207 ], [ 140.21820471000001, 37.12062633 ], [ 140.218288, 37.12072849 ], [ 140.2183557, 37.12072827 ], [ 140.21848218, 37.12068871 ], [ 140.21840904000001, 37.1206106 ], [ 140.21833073, 37.12050243 ], [ 140.21825745000001, 37.12039024 ], [ 140.21817417, 37.12029005 ], [ 140.21811118, 37.12023006 ], [ 140.21804698, 37.12018303 ], [ 140.21794638, 37.12013316 ], [ 140.21779821000001, 37.12009344 ], [ 140.21759983000001, 37.12003988 ], [ 140.21748177000001, 37.12000809 ], [ 140.21734354, 37.11995031 ], [ 140.21725302, 37.11990435 ], [ 140.21718001, 37.11985242 ], [ 140.21729167000001, 37.11961108 ], [ 140.21724074, 37.1195797 ], [ 140.21720896, 37.11953686 ], [ 140.21715586, 37.11944185 ], [ 140.21709106, 37.11931822 ], [ 140.21707186, 37.11926774 ], [ 140.21706768000001, 37.11921516 ], [ 140.2167855, 37.11895897 ], [ 140.21669994000001, 37.118903 ], [ 140.21662716, 37.11888915 ], [ 140.21642154, 37.11889989 ], [ 140.21620841000001, 37.11891064 ], [ 140.215831, 37.11892087 ], [ 140.21552258, 37.11893391 ], [ 140.21550855000001, 37.11863672 ], [ 140.21549742, 37.11841584 ], [ 140.21549748000001, 37.11830622 ], [ 140.21525653, 37.11814451 ], [ 140.21520575, 37.11802014 ], [ 140.21510938, 37.11780748 ], [ 140.21493788000001, 37.11783669 ], [ 140.21472723, 37.11787004 ], [ 140.21480231000001, 37.11783565 ], [ 140.21486233, 37.11780335 ], [ 140.21488459, 37.11774703 ], [ 140.21488418000001, 37.11766466 ], [ 140.21488737000001, 37.11754715 ], [ 140.2148569, 37.11747699 ], [ 140.21476397000001, 37.11744913 ], [ 140.2146661, 37.11743544 ], [ 140.21457827, 37.11742558 ], [ 140.21438779, 37.11744837 ], [ 140.21426007, 37.11748694 ], [ 140.21420257, 37.11752127 ], [ 140.2141067, 37.11740711 ], [ 140.21406885, 37.11736097 ], [ 140.21399348, 37.11733918 ], [ 140.21388565000001, 37.11733756 ], [ 140.21370902000001, 37.11737719 ], [ 140.21346858000001, 37.11744027 ], [ 140.21329082, 37.11750111 ], [ 140.21320585000001, 37.11756157 ], [ 140.21320365, 37.11762184 ], [ 140.21324185, 37.11773619 ], [ 140.21329988, 37.11780838 ], [ 140.21342121000001, 37.11799469 ], [ 140.21342901, 37.11805092 ], [ 140.2134015, 37.11807107 ], [ 140.21337149, 37.11808131 ], [ 140.21333144, 37.11809742 ], [ 140.21318086, 37.11808389 ], [ 140.21297016, 37.11807246 ], [ 140.21260532, 37.11808876 ], [ 140.21252753, 37.11808296 ], [ 140.21247744, 37.11809516 ], [ 140.21242994, 37.11812544 ], [ 140.21239233, 37.11812957 ], [ 140.21231965000001, 37.11813382 ], [ 140.21231972000001, 37.1181479 ], [ 140.21232997000001, 37.11819412 ], [ 140.21233547, 37.11829238 ], [ 140.21234843, 37.11837879 ], [ 140.21233602000001, 37.11840087 ], [ 140.21231817, 37.11840987 ], [ 140.21222982, 37.1183741 ], [ 140.21215258000001, 37.11834732 ], [ 140.2120416, 37.11832261 ], [ 140.21198611, 37.11831117 ], [ 140.21196864000001, 37.11833361 ], [ 140.21191667, 37.11840017 ], [ 140.21204069000001, 37.11862555 ], [ 140.21192186, 37.1189559 ], [ 140.21187950000001, 37.11893231 ], [ 140.21168493, 37.11879649 ], [ 140.21158297, 37.11864243 ], [ 140.21153190000001, 37.11854805 ], [ 140.21129732, 37.11838286 ], [ 140.21127376000001, 37.11839997 ], [ 140.21122058, 37.11845639 ], [ 140.21115103, 37.1185242 ], [ 140.21111277, 37.11858219 ], [ 140.21108653, 37.11863437 ], [ 140.21106280000001, 37.1187078 ], [ 140.21129293000001, 37.11894826 ], [ 140.21148613, 37.11911816 ], [ 140.21179874000001, 37.11938848 ], [ 140.21210631, 37.11969628 ], [ 140.21239941, 37.12000405 ], [ 140.21247707000001, 37.12011574 ], [ 140.21263158, 37.12047486 ], [ 140.21260101, 37.12060323 ], [ 140.21259240000001, 37.12065704 ], [ 140.2125831, 37.12067855 ], [ 140.21266753, 37.12070214 ], [ 140.2127524, 37.12073623 ], [ 140.21280742, 37.12075893 ], [ 140.21286967, 37.12080358 ], [ 140.21298222, 37.12090333 ], [ 140.21296858, 37.1210674 ], [ 140.21298607, 37.12119083 ], [ 140.21298401000001, 37.12126223 ], [ 140.21296772, 37.12137999 ], [ 140.21299942, 37.12145128 ], [ 140.21308189000001, 37.12155718 ], [ 140.21315218000001, 37.12164573 ], [ 140.21318387, 37.12171504 ], [ 140.21318079, 37.12180143 ], [ 140.2131823, 37.12193737 ], [ 140.21319015, 37.1219415 ], [ 140.21329193, 37.12202488 ], [ 140.21335767, 37.12208092 ], [ 140.21341862, 37.12214712 ], [ 140.21347166000001, 37.12221474 ], [ 140.21354869000001, 37.12230524 ], [ 140.21364742, 37.12241799 ], [ 140.21345955000001, 37.12235023 ], [ 140.21325029, 37.12231134 ], [ 140.21311129, 37.12228616 ], [ 140.2129843, 37.12226939 ], [ 140.21286928000001, 37.122248 ], [ 140.21271592, 37.12222294 ], [ 140.21258819, 37.12220927 ], [ 140.212403, 37.12220219 ], [ 140.21231887, 37.12218641 ], [ 140.21235282000001, 37.12225804 ], [ 140.21238739, 37.12242964 ], [ 140.21241708, 37.12258393 ], [ 140.21246469, 37.12294466 ], [ 140.21238048000001, 37.12297386 ], [ 140.21231081, 37.12301844 ], [ 140.2121908, 37.12311534 ], [ 140.21210215, 37.12321595 ], [ 140.21206871000001, 37.12327202 ], [ 140.21204742, 37.123357 ], [ 140.21204761000001, 37.12339558 ], [ 140.21200834000001, 37.12340098 ], [ 140.21185694, 37.12344505 ], [ 140.21170049, 37.12349792 ], [ 140.2119529, 37.12372585 ], [ 140.21206664, 37.12382581 ], [ 140.21213231, 37.12385193 ], [ 140.21204317, 37.12386306 ], [ 140.2118626, 37.12398057 ], [ 140.21159445000001, 37.12414047 ], [ 140.21154584000001, 37.12415139 ], [ 140.21122982, 37.12421527 ], [ 140.21102599, 37.12426239 ], [ 140.21083960000001, 37.12429769 ], [ 140.21070990000001, 37.1243024 ], [ 140.21060437, 37.1242876 ], [ 140.21062837, 37.12411018 ], [ 140.2106408, 37.12392379 ], [ 140.21063285, 37.12386263 ], [ 140.2105964, 37.12382607 ], [ 140.21052371, 37.12378512 ], [ 140.21040606, 37.12372974 ], [ 140.2103029, 37.12370556 ], [ 140.21011005, 37.1236802 ], [ 140.20994394, 37.12365475 ], [ 140.20986748000001, 37.12363507 ], [ 140.20975847, 37.12358353 ], [ 140.20982948, 37.12327776 ], [ 140.20988558, 37.12304829 ], [ 140.20967031000001, 37.1230306 ], [ 140.20910293, 37.12293313 ], [ 140.20854016000001, 37.12279116 ], [ 140.2080741, 37.12266528 ], [ 140.20801743000001, 37.12265447 ], [ 140.20795304000001, 37.12264686 ], [ 140.20778638, 37.12268886 ], [ 140.20753993, 37.1227763 ], [ 140.20699139000001, 37.12294144 ], [ 140.20690886, 37.12283067 ], [ 140.20684797000001, 37.12274969 ], [ 140.20679502, 37.1226998 ], [ 140.20674995, 37.12266235 ], [ 140.20674962000001, 37.12259526 ], [ 140.20674139, 37.12251242 ], [ 140.20673728, 37.12246245 ], [ 140.20672515000001, 37.12238272 ], [ 140.20670542, 37.12234062 ], [ 140.20661117, 37.12221433 ], [ 140.20656403000001, 37.12215823 ], [ 140.20652496, 37.12215054 ], [ 140.20646061, 37.12216017 ], [ 140.20638659, 37.1221885 ], [ 140.20631078, 37.12224654 ], [ 140.20626233, 37.12231709 ], [ 140.20628029, 37.12240137 ], [ 140.20630587, 37.12244663 ], [ 140.20632009, 37.12255747 ], [ 140.20629886, 37.12260288 ], [ 140.20626771, 37.12261551 ], [ 140.2061728, 37.12257131 ], [ 140.20614504, 37.122476 ], [ 140.20611624, 37.1223769 ], [ 140.20604949, 37.12229115 ], [ 140.2059751, 37.1222445 ], [ 140.20587147000001, 37.1222042 ], [ 140.20577375, 37.12217797 ], [ 140.20567599, 37.1221423 ], [ 140.20561330000001, 37.12208779 ], [ 140.20554038, 37.12194736 ], [ 140.20549597, 37.12184514 ], [ 140.20545225000001, 37.12167807 ], [ 140.20537924000001, 37.12151891 ], [ 140.20530258, 37.12141136 ], [ 140.20519284, 37.12131794 ], [ 140.20520044, 37.12127257 ], [ 140.20520979, 37.1211882 ], [ 140.20524935, 37.1210981 ], [ 140.20533846000001, 37.12096505 ], [ 140.20541231000001, 37.12090068 ], [ 140.20547273, 37.12087873 ], [ 140.20557439000001, 37.12092213 ], [ 140.20576229, 37.12103404 ], [ 140.20579701, 37.12095114 ], [ 140.20569786, 37.12083036 ], [ 140.20571493, 37.12072555 ], [ 140.2057705, 37.12052065 ], [ 140.20573902000001, 37.12046605 ], [ 140.20574862000001, 37.12043321 ], [ 140.20584947, 37.12030948 ], [ 140.20590703, 37.12030381 ], [ 140.20600239000001, 37.12025345 ], [ 140.20614268, 37.12020464 ], [ 140.20614263, 37.12019366 ], [ 140.2061228, 37.12012966 ], [ 140.20606177, 37.12002044 ], [ 140.2060243, 37.11994559 ], [ 140.20632325, 37.11981729 ], [ 140.20652963000001, 37.11972913 ], [ 140.20667178, 37.11966454 ], [ 140.20678278, 37.11961266 ], [ 140.2068879, 37.11956227 ], [ 140.20698912, 37.1195057 ], [ 140.20714673000001, 37.11941305 ], [ 140.20721285, 37.11936905 ], [ 140.20723676, 37.11935954 ], [ 140.20725411000001, 37.11938363 ], [ 140.20745537, 37.11963771 ], [ 140.20767007000001, 37.11987168 ], [ 140.20836298, 37.11947278 ], [ 140.20836524000001, 37.11944186 ], [ 140.20835546000001, 37.11941106 ], [ 140.20822671, 37.11920688 ], [ 140.20804438, 37.11887756 ], [ 140.20805129, 37.11873765 ], [ 140.20805234, 37.11871976 ], [ 140.20811417, 37.11871499 ], [ 140.20870445, 37.11894249 ], [ 140.20890066000001, 37.11869082 ], [ 140.20892896000001, 37.1186639 ], [ 140.20909734, 37.118811 ], [ 140.20915007, 37.11879816 ], [ 140.20927442000001, 37.11877094 ], [ 140.20943716, 37.11875508 ], [ 140.20958873000001, 37.11874819 ], [ 140.20970201, 37.11874016 ], [ 140.20986879, 37.11874026 ], [ 140.20997501, 37.11871958 ], [ 140.21011531, 37.11862866 ], [ 140.21026248000001, 37.11843347 ], [ 140.21044687, 37.1184861 ], [ 140.21061819, 37.11856103 ], [ 140.21066736, 37.1185294 ], [ 140.21080506000001, 37.1184568 ], [ 140.21083404000001, 37.1184408 ], [ 140.21005448, 37.11751462 ], [ 140.2100178, 37.11752797 ], [ 140.20976657, 37.1177625 ], [ 140.20961526, 37.1178393 ], [ 140.20956038, 37.11797739 ], [ 140.20952214, 37.11803925 ], [ 140.20945230000001, 37.11804912 ], [ 140.20930860000001, 37.11800367 ], [ 140.20907715000001, 37.11794795 ], [ 140.20916662, 37.11777405 ], [ 140.20906268, 37.11770687 ], [ 140.20903, 37.1177295 ], [ 140.20882269000001, 37.11788638 ], [ 140.20889051, 37.11797374 ], [ 140.2088039, 37.11800675 ], [ 140.20874142, 37.11803786 ], [ 140.20863086, 37.11809805 ], [ 140.20854028, 37.11811847 ], [ 140.2084729, 37.11812791 ], [ 140.20814967000001, 37.118134 ], [ 140.20818229, 37.11764517 ], [ 140.20830062, 37.11758383 ], [ 140.20833779, 37.11756175 ], [ 140.2084011, 37.11741476 ], [ 140.20851059, 37.11720004 ], [ 140.20876715, 37.11671923 ], [ 140.20900344, 37.11625482 ], [ 140.20905070000001, 37.11616667 ], [ 140.20901589, 37.11613215 ], [ 140.20870408, 37.11573389 ], [ 140.20865240000001, 37.11576193 ], [ 140.20842697, 37.11586325 ], [ 140.20838713000001, 37.11587745 ], [ 140.20837379, 37.11601682 ], [ 140.20837817, 37.11604813 ], [ 140.20827783, 37.1160676 ], [ 140.20818709, 37.11610105 ], [ 140.20810908000001, 37.11612938 ], [ 140.20795547, 37.11622153 ], [ 140.20783693000001, 37.11629344 ], [ 140.2076452, 37.11635698 ], [ 140.20740697, 37.11642996 ], [ 140.20730163, 37.11647859 ], [ 140.20757775000001, 37.11680685 ], [ 140.20752534, 37.11683116 ], [ 140.20616614, 37.11741147 ], [ 140.20554364, 37.11769799 ], [ 140.20532496000001, 37.11765446 ], [ 140.20518436, 37.11764885 ], [ 140.2050036, 37.11765547 ], [ 140.20487673, 37.11764474 ], [ 140.20469106, 37.11766152 ], [ 140.20451542000001, 37.11769213 ], [ 140.20410912, 37.11777782 ], [ 140.20388599, 37.11784891 ], [ 140.20324824, 37.11810323 ], [ 140.20275815, 37.1174056 ], [ 140.20250073, 37.11704897 ], [ 140.20110291, 37.11774326 ], [ 140.20085905, 37.11785504 ], [ 140.19903353000001, 37.11870811 ], [ 140.19831215, 37.11776266 ], [ 140.19711938, 37.11623192 ], [ 140.19712282, 37.11619397 ], [ 140.19713184, 37.11615001 ], [ 140.19712715, 37.11610511 ], [ 140.197082, 37.11605491 ], [ 140.19687009, 37.11586146 ], [ 140.19659981000001, 37.11566812 ], [ 140.19646618, 37.11565333 ], [ 140.19636065, 37.1156464 ], [ 140.19626846, 37.11561437 ], [ 140.19603198, 37.11544789 ], [ 140.19589688, 37.11536016 ], [ 140.19538194, 37.11516946 ], [ 140.1950819, 37.11508491 ], [ 140.19492228, 37.11503337 ], [ 140.19483224000001, 37.11498324 ], [ 140.19476221, 37.11489003 ], [ 140.19471251, 37.11481823 ], [ 140.19468651, 37.11478149 ], [ 140.19461674, 37.11474214 ], [ 140.19449750000001, 37.11468322 ], [ 140.19435339, 37.11458841 ], [ 140.19428571, 37.11451849 ], [ 140.19420027000001, 37.11448637 ], [ 140.19325043000001, 37.11441012 ], [ 140.19223217000001, 37.11433682 ], [ 140.19089405, 37.11426716 ], [ 140.19081472, 37.11433843 ], [ 140.19076389, 37.11450755 ], [ 140.19075427000001, 37.11485086 ], [ 140.1907636, 37.11492637 ], [ 140.19074805, 37.11495697 ], [ 140.19070319, 37.11496612 ], [ 140.19058178, 37.11492692 ], [ 140.19045587, 37.11488055 ], [ 140.19032628, 37.11476865 ], [ 140.19005016, 37.11428413 ], [ 140.18987248, 37.11397095 ], [ 140.18971171000001, 37.11380106 ], [ 140.1897199, 37.11387264 ], [ 140.18977860000001, 37.11405973 ], [ 140.18978514, 37.11411512 ], [ 140.18979292, 37.11416536 ], [ 140.18886947, 37.11394559 ], [ 140.18870559000001, 37.11390842 ], [ 140.18882326, 37.11317884 ], [ 140.1888994, 37.1126739 ], [ 140.19108666, 37.11283439 ], [ 140.19113315000001, 37.11246872 ], [ 140.19118752, 37.11210577 ], [ 140.19122167, 37.11174106 ], [ 140.19131029, 37.11174712 ], [ 140.19136679, 37.11175759 ], [ 140.19133878, 37.1116791 ], [ 140.19129849000001, 37.11166303 ], [ 140.19127449000001, 37.11163994 ], [ 140.19125291, 37.11159875 ], [ 140.19124773, 37.11156659 ], [ 140.19122866000001, 37.11152131 ], [ 140.19111756000001, 37.11141696 ], [ 140.19104138, 37.11125618 ], [ 140.19103096000001, 37.11118166 ], [ 140.19104332000001, 37.11113727 ], [ 140.19106332000001, 37.11110905 ], [ 140.19109579, 37.11107072 ], [ 140.19109567000001, 37.11104453 ], [ 140.19108552, 37.11102246 ], [ 140.19102494000001, 37.11097428 ], [ 140.19096045000001, 37.11089288 ], [ 140.19090321, 37.11074915 ], [ 140.19087256, 37.11064857 ], [ 140.19084447, 37.11055601 ], [ 140.19087035000001, 37.11044617 ], [ 140.19097481, 37.11020628 ], [ 140.19100693, 37.11008939 ], [ 140.19100763, 37.10997358 ], [ 140.19171759, 37.1093805 ], [ 140.19106813, 37.10879313 ], [ 140.19115678, 37.10873394 ], [ 140.19144415, 37.10853905 ], [ 140.19188624, 37.10822049 ], [ 140.19209975000001, 37.10806665 ], [ 140.19250031000001, 37.10781241 ], [ 140.19257675, 37.10776304 ], [ 140.19268043, 37.10763748 ], [ 140.19261605, 37.10626247 ], [ 140.19263286, 37.10626207 ], [ 140.19260663, 37.10588762 ], [ 140.19156761, 37.10593821 ], [ 140.19131117000001, 37.105982 ], [ 140.19128506000001, 37.10556749 ], [ 140.1925913, 37.10553003 ], [ 140.19252361, 37.10450977 ], [ 140.1924541, 37.10351092 ], [ 140.19288155000001, 37.10349365 ], [ 140.19287633, 37.10319467 ], [ 140.19332757000001, 37.10317809 ], [ 140.19329443000001, 37.10264652 ], [ 140.19283821, 37.10265059 ], [ 140.19284093, 37.10251625 ], [ 140.19215666, 37.10252903 ], [ 140.19214976000001, 37.10248878 ], [ 140.19183616000001, 37.10249917 ], [ 140.19181874, 37.10236222 ], [ 140.19168790000001, 37.10235987 ], [ 140.19167239000001, 37.10231064 ], [ 140.19163797, 37.10228019 ], [ 140.19156555000001, 37.10226675 ], [ 140.19145135, 37.10228075 ], [ 140.19136953, 37.10229325 ], [ 140.19128231, 37.10237433 ], [ 140.19129444000001, 37.10252383 ], [ 140.19117067, 37.10252575 ], [ 140.19109574000001, 37.10258617 ], [ 140.19103139000001, 37.10267331 ], [ 140.19096352, 37.10281382 ], [ 140.19090485000001, 37.10289327 ], [ 140.19083088, 37.10295608 ], [ 140.19078362, 37.10302789 ], [ 140.190763, 37.10309969 ], [ 140.19075302, 37.1032011 ], [ 140.19075013, 37.10339795 ], [ 140.1907432, 37.10354581 ], [ 140.19072442000001, 37.10359782 ], [ 140.19042245, 37.10437434 ], [ 140.19029593, 37.104605 ], [ 140.18982537, 37.1049725 ], [ 140.18954259, 37.10526805 ], [ 140.18875561, 37.10616943 ], [ 140.18835141, 37.10662874 ], [ 140.18833826, 37.10664018 ], [ 140.18824503, 37.10665243 ], [ 140.18796134, 37.10703731 ], [ 140.18819312, 37.10712181 ], [ 140.18821019000001, 37.107183 ], [ 140.18783107, 37.10749488 ], [ 140.186305, 37.10873863 ], [ 140.18609411, 37.10889639 ], [ 140.18596487, 37.10880103 ], [ 140.18580554, 37.10883346 ], [ 140.18569243, 37.10891237 ], [ 140.18564973, 37.1089641 ], [ 140.18562858000001, 37.10903294 ], [ 140.18560732, 37.10907722 ], [ 140.18537814000001, 37.10925721 ], [ 140.18534561000001, 37.10924702 ], [ 140.18535196, 37.10929692 ], [ 140.18538726, 37.1093418 ], [ 140.18532596, 37.10936726 ], [ 140.1852552, 37.10942857 ], [ 140.18523254, 37.10946658 ], [ 140.18523105, 37.10952425 ], [ 140.18525426, 37.10960563 ], [ 140.18530732, 37.10969545 ], [ 140.18534267000001, 37.10975018 ], [ 140.18542457000001, 37.10981527 ], [ 140.18550196000001, 37.10985158 ], [ 140.1855617, 37.10986689 ], [ 140.18560204, 37.10986677 ], [ 140.18548139000001, 37.10995985 ], [ 140.18540694000001, 37.10998471 ], [ 140.1853774, 37.11004801 ], [ 140.18535729000001, 37.11025048 ], [ 140.18536283, 37.11030805 ], [ 140.18538048, 37.11033186 ], [ 140.18546133000001, 37.11035971 ], [ 140.18557383000001, 37.1103988 ], [ 140.18562572, 37.11042885 ], [ 140.18561542, 37.11047661 ], [ 140.18561736000001, 37.11051596 ], [ 140.18562633, 37.1105581 ], [ 140.18566521, 37.11061705 ], [ 140.18570753, 37.11066191 ], [ 140.18573133000001, 37.11068085 ], [ 140.18573839000001, 37.11069061 ], [ 140.18573324, 37.1107145 ], [ 140.18570019000001, 37.11077922 ], [ 140.18567755000001, 37.11081723 ], [ 140.18567245, 37.11084963 ], [ 140.18568135000001, 37.11087622 ], [ 140.18572713, 37.11090987 ], [ 140.18586439000001, 37.11098958 ], [ 140.18589081, 37.11101478 ], [ 140.1858982, 37.11109072 ], [ 140.18590397, 37.11120172 ], [ 140.18592606000001, 37.1112346 ], [ 140.18597883000001, 37.11125979 ], [ 140.18620359, 37.11129003 ], [ 140.1862856, 37.11156667 ], [ 140.18635791, 37.11164517 ], [ 140.18644077, 37.11172778 ], [ 140.18648561000001, 37.11174807 ], [ 140.1865436, 37.11176472 ], [ 140.18661038, 37.11178424 ], [ 140.18665962, 37.11181077 ], [ 140.18671253, 37.11186405 ], [ 140.18680401, 37.11191433 ], [ 140.18686729000001, 37.11193526 ], [ 140.18689989000001, 37.11194213 ], [ 140.18705025, 37.1120225 ], [ 140.18778696000001, 37.11147947 ], [ 140.18788959, 37.11154985 ], [ 140.18802901000001, 37.11164912 ], [ 140.18711426, 37.11229414 ], [ 140.18727666000001, 37.11242171 ], [ 140.18719527, 37.11246624 ], [ 140.18700993, 37.11260872 ], [ 140.18680715, 37.11277935 ], [ 140.18667878, 37.11290976 ], [ 140.18656157000001, 37.11299023 ], [ 140.18643213, 37.11308052 ], [ 140.18628973, 37.11321379 ], [ 140.18619364, 37.1133068 ], [ 140.18661610000001, 37.11358103 ], [ 140.18647825, 37.11372527 ], [ 140.18745475, 37.11427867 ], [ 140.18731212, 37.11447686 ], [ 140.18727377, 37.11457441 ], [ 140.1876551, 37.11480321 ], [ 140.1878547, 37.11488752 ], [ 140.18816655000001, 37.11497015 ], [ 140.18789787, 37.11528424 ], [ 140.18786569, 37.11537382 ], [ 140.18788952, 37.11549315 ], [ 140.18795509, 37.11557131 ], [ 140.18840791, 37.11578997 ], [ 140.18855261, 37.11586043 ], [ 140.18880898, 37.11590443 ], [ 140.18886046, 37.11595645 ], [ 140.18893941, 37.11606076 ], [ 140.18849222, 37.11614053 ], [ 140.18828486000001, 37.1159781 ], [ 140.18804624000001, 37.11590144 ], [ 140.18790144, 37.11588983 ], [ 140.18745823, 37.11591531 ], [ 140.18698514, 37.11600134 ], [ 140.18665982, 37.1160844 ], [ 140.18616442000001, 37.1162321 ], [ 140.18649877, 37.11649195 ], [ 140.18852073, 37.11799321 ], [ 140.18853771, 37.11798669 ], [ 140.18974603000001, 37.11889124 ], [ 140.18933150000001, 37.11924478 ], [ 140.18917676000001, 37.11937676 ], [ 140.18896524, 37.11955614 ], [ 140.18848957, 37.11995964 ], [ 140.18824518, 37.12019861 ], [ 140.18827319, 37.12030569 ], [ 140.18849097, 37.12045625 ], [ 140.18860625, 37.1205568 ], [ 140.18874847000001, 37.12068236 ], [ 140.18891597000001, 37.12079764 ], [ 140.18926319, 37.12106125 ], [ 140.18931681000001, 37.12110208 ], [ 140.18918708000001, 37.12113959 ], [ 140.1892293, 37.12125459 ], [ 140.18927292000001, 37.12137403 ], [ 140.18932319000001, 37.1214682 ], [ 140.18940292, 37.1216232 ], [ 140.18948014, 37.12160847 ], [ 140.18958903000001, 37.1215918 ], [ 140.18960597, 37.12161903 ], [ 140.18964986, 37.12169847 ], [ 140.18967791, 37.12176569 ], [ 140.18975986000001, 37.12196125 ], [ 140.18961319, 37.12199903 ], [ 140.18958597, 37.12207653 ], [ 140.18967403, 37.12225875 ], [ 140.18971569000001, 37.12225653 ], [ 140.18990209, 37.1222168 ], [ 140.19007791000001, 37.12217069 ], [ 140.19024348, 37.12213513 ], [ 140.19035514000001, 37.12210264 ], [ 140.19047542000001, 37.12207653 ], [ 140.19053514000001, 37.12207125 ], [ 140.19055059, 37.12221445 ], [ 140.19063287, 37.1221962 ], [ 140.19064090000001, 37.12222046 ], [ 140.19097022, 37.12214611 ], [ 140.19139015, 37.12206071 ], [ 140.19172969, 37.1219916 ], [ 140.19225006, 37.12187548 ] ] ] } },
{ "type": "Feature", "properties": { "DIDid": 720701, "行政コード": "07207", "市町村名称": "須賀川市", "DID符号": 1, "人口": 31131, "面積": 7.64, "前回人口": 31154, "前回面積": 7.53, "人口割合": 40.2, "面積割合": 2.7, "調査年度": 2015 }, "geometry": { "type": "Polygon", "coordinates": [ [ [ 140.37463946, 37.31575284 ], [ 140.37491115, 37.31574075 ], [ 140.37640532, 37.31574234 ], [ 140.37637186000001, 37.31544132 ], [ 140.37635801, 37.31508291 ], [ 140.37635417000001, 37.31498381 ], [ 140.37630970000001, 37.3148114 ], [ 140.37621132000001, 37.31465655 ], [ 140.37605748, 37.31455222 ], [ 140.37676023, 37.31454265 ], [ 140.3767226, 37.31370929 ], [ 140.37644606000001, 37.31372648 ], [ 140.37635695, 37.31313131 ], [ 140.37498309, 37.31312762 ], [ 140.37501176000001, 37.31377714 ], [ 140.374558, 37.31377922 ], [ 140.37453718, 37.31275387 ], [ 140.37431074, 37.31256652 ], [ 140.37417668000001, 37.31245492 ], [ 140.37400702, 37.3124067 ], [ 140.37379412000001, 37.31235023 ], [ 140.37368434000001, 37.31210898 ], [ 140.37329471000001, 37.31202445 ], [ 140.37320419, 37.31195587 ], [ 140.37303735, 37.31179556 ], [ 140.37292076, 37.31174893 ], [ 140.37341976, 37.31119641 ], [ 140.37401507000001, 37.31051166 ], [ 140.37394852, 37.3100731 ], [ 140.37390463, 37.3098438 ], [ 140.37392087000001, 37.30974911 ], [ 140.37419410000001, 37.3098374 ], [ 140.37431758, 37.30986317 ], [ 140.37443114000001, 37.30988686 ], [ 140.37449438, 37.30986306 ], [ 140.37479862000001, 37.30985814 ], [ 140.37509859, 37.30984002 ], [ 140.37531367, 37.30977145 ], [ 140.37535980000001, 37.3097273 ], [ 140.37541458000001, 37.3097034 ], [ 140.37550325000001, 37.30968624 ], [ 140.37553693000001, 37.30966919 ], [ 140.37558318000001, 37.30963518 ], [ 140.37558303, 37.30961491 ], [ 140.37613743, 37.30963869 ], [ 140.37697388000001, 37.31040853 ], [ 140.37713427, 37.31037104 ], [ 140.37677981, 37.30918744 ], [ 140.37681791, 37.30919149 ], [ 140.37670614000001, 37.308821 ], [ 140.37652949, 37.30823545 ], [ 140.37623133, 37.30724709 ], [ 140.375604, 37.30516687 ], [ 140.37549817, 37.3048483 ], [ 140.37554325, 37.30486105 ], [ 140.37645101000001, 37.30511735 ], [ 140.37701456, 37.30473334 ], [ 140.37739958, 37.30439985 ], [ 140.37729439, 37.30422659 ], [ 140.37650177, 37.30290054 ], [ 140.37644189, 37.30282542 ], [ 140.37643624, 37.30281833 ], [ 140.37632068, 37.30275396 ], [ 140.37560542, 37.30241834 ], [ 140.37688679, 37.30181223 ], [ 140.37695629000001, 37.30204065 ], [ 140.37661230000001, 37.30220533 ], [ 140.37681952, 37.30247291 ], [ 140.37699042, 37.30239463 ], [ 140.37701432, 37.30242425 ], [ 140.37727055, 37.30229151 ], [ 140.37739466, 37.30245224 ], [ 140.37712491, 37.30258865 ], [ 140.37704298, 37.302489 ], [ 140.37690252, 37.30256444 ], [ 140.37708324, 37.30280958 ], [ 140.37715233, 37.30288318 ], [ 140.37728338, 37.30281932 ], [ 140.37757465000001, 37.30267735 ], [ 140.37841195, 37.30226927 ], [ 140.37841006, 37.30220197 ], [ 140.37841349000001, 37.30216465 ], [ 140.37792191, 37.30153684 ], [ 140.37854021000001, 37.30127605 ], [ 140.37871144, 37.30127526 ], [ 140.37895719, 37.30131538 ], [ 140.37908350000001, 37.30136126 ], [ 140.37921017, 37.30145867 ], [ 140.37932808, 37.30161708 ], [ 140.37941071, 37.30159403 ], [ 140.37958059, 37.30151116 ], [ 140.37971545, 37.3014659 ], [ 140.37988565000001, 37.30143456 ], [ 140.38006776, 37.30142203 ], [ 140.38017348, 37.30141211 ], [ 140.38022373000001, 37.30140188 ], [ 140.38015562000001, 37.30126872 ], [ 140.37993747, 37.30093308 ], [ 140.37973556, 37.30066242 ], [ 140.37918338, 37.30016063 ], [ 140.37862908, 37.29975685 ], [ 140.37835116, 37.29874115 ], [ 140.3780616, 37.2985593 ], [ 140.37684506, 37.29779488 ], [ 140.37759360000001, 37.29740171 ], [ 140.37795738, 37.29721418 ], [ 140.37837208, 37.2970067 ], [ 140.37864997, 37.29685349 ], [ 140.37899273, 37.29663579 ], [ 140.37909442, 37.29656713 ], [ 140.37911136, 37.29672696 ], [ 140.37932855, 37.296723 ], [ 140.37933359, 37.29711053 ], [ 140.37936721, 37.2973625 ], [ 140.37936851000001, 37.29745997 ], [ 140.37848415, 37.29746941 ], [ 140.37850055000001, 37.29751382 ], [ 140.37853302, 37.29755605 ], [ 140.37856162, 37.2975876 ], [ 140.37855022, 37.29810298 ], [ 140.37886238, 37.29826711 ], [ 140.38077801, 37.29826641 ], [ 140.38076050000001, 37.29557795 ], [ 140.38265222000001, 37.29558142 ], [ 140.38270508, 37.29556752 ], [ 140.38275963000001, 37.29552643 ], [ 140.38311887, 37.29510997 ], [ 140.38126244, 37.29423297 ], [ 140.38077869, 37.29404021 ], [ 140.38048019, 37.29396077 ], [ 140.38002561, 37.29388417 ], [ 140.37924103, 37.2937515 ], [ 140.37924986, 37.29371683 ], [ 140.37924727000001, 37.29369473 ], [ 140.37923842000001, 37.29366492 ], [ 140.3792229, 37.29361966 ], [ 140.37919754000001, 37.29355571 ], [ 140.37914855, 37.2933722 ], [ 140.37910314000001, 37.29320894 ], [ 140.37902899, 37.29308777 ], [ 140.37894687, 37.2930086 ], [ 140.37887594, 37.29294712 ], [ 140.378808, 37.29291645 ], [ 140.37881848000001, 37.29251851 ], [ 140.37879393, 37.29246835 ], [ 140.37879074, 37.29236206 ], [ 140.37878225, 37.29218625 ], [ 140.37874980000001, 37.29204912 ], [ 140.37862925, 37.29176568 ], [ 140.37843422, 37.29138881 ], [ 140.37794682000001, 37.29154763 ], [ 140.37790785000001, 37.29151487 ], [ 140.37786333, 37.29154126 ], [ 140.37767099000001, 37.29153722 ], [ 140.37770328, 37.29131672 ], [ 140.37773905, 37.29091091 ], [ 140.37777486, 37.29084302 ], [ 140.37777455, 37.2908005 ], [ 140.37816553, 37.29068662 ], [ 140.37819172, 37.29062849 ], [ 140.37824422, 37.29052786 ], [ 140.37830877, 37.29042506 ], [ 140.37831561, 37.29036519 ], [ 140.37829535, 37.29023772 ], [ 140.37822146, 37.29005263 ], [ 140.37812244, 37.28990904 ], [ 140.37799158000001, 37.28973604 ], [ 140.37715056, 37.28996379 ], [ 140.37697989, 37.289437 ], [ 140.37698415, 37.28935588 ], [ 140.37696487, 37.28869492 ], [ 140.37725628000001, 37.28868682 ], [ 140.37740368, 37.28867966 ], [ 140.37747146000001, 37.28867625 ], [ 140.37763825, 37.28866379 ], [ 140.37821101, 37.28860131 ], [ 140.37884314, 37.28855489 ], [ 140.37894827, 37.28854384 ], [ 140.37907883, 37.28853549 ], [ 140.37912823, 37.28851302 ], [ 140.37922021, 37.28852414 ], [ 140.37939213000001, 37.28855052 ], [ 140.37947916, 37.28854815 ], [ 140.37958068, 37.28853796 ], [ 140.37961435, 37.2885088 ], [ 140.37965772000001, 37.28848734 ], [ 140.37971813, 37.28847551 ], [ 140.37986313, 37.28846513 ], [ 140.37989843, 37.28816253 ], [ 140.3802682, 37.28862179 ], [ 140.38052724, 37.28849204 ], [ 140.38061276, 37.28844434 ], [ 140.38072087, 37.28834133 ], [ 140.3807582, 37.28829371 ], [ 140.38106354000001, 37.28790298 ], [ 140.3811785, 37.28774757 ], [ 140.38124917, 37.28765192 ], [ 140.38133039, 37.28751441 ], [ 140.38133666, 37.2873771 ], [ 140.38118694, 37.28690541 ], [ 140.38093591000001, 37.28635056 ], [ 140.38140288, 37.28625236 ], [ 140.38147031, 37.28622502 ], [ 140.38177586, 37.28601113 ], [ 140.38200578, 37.28585856 ], [ 140.38207684, 37.28581627 ], [ 140.38211423000001, 37.28579653 ], [ 140.38224528000001, 37.28573439 ], [ 140.38236705, 37.28569187 ], [ 140.3833048, 37.28536141 ], [ 140.38333536, 37.2854449 ], [ 140.38337183, 37.28555287 ], [ 140.38338188, 37.28564434 ], [ 140.38339615000001, 37.28580183 ], [ 140.38340121, 37.28597738 ], [ 140.3833948, 37.28613201 ], [ 140.38338185000001, 37.28628892 ], [ 140.38339462, 37.28636757 ], [ 140.38341593000001, 37.28645758 ], [ 140.38346157000001, 37.28657832 ], [ 140.38363896000001, 37.2868788 ], [ 140.38366687000001, 37.28693077 ], [ 140.38378566, 37.28715197 ], [ 140.38391704, 37.28740705 ], [ 140.38402132, 37.28760735 ], [ 140.38411933, 37.28772713 ], [ 140.38420372, 37.28780883 ], [ 140.38433401, 37.28792086 ], [ 140.38454827000001, 37.2880508 ], [ 140.38505696, 37.28834664 ], [ 140.3854814, 37.28857289 ], [ 140.38587022, 37.28874074 ], [ 140.38642628, 37.28896961 ], [ 140.38685711, 37.28904475 ], [ 140.38702256, 37.28903511 ], [ 140.38735906, 37.28903578 ], [ 140.38776132000001, 37.28963722 ], [ 140.38604445000001, 37.28977241 ], [ 140.38606988000001, 37.28998433 ], [ 140.38594544, 37.29002307 ], [ 140.38580514, 37.29006822 ], [ 140.3857458, 37.29011623 ], [ 140.38571433000001, 37.29016932 ], [ 140.38570979, 37.29027114 ], [ 140.38570948, 37.29059117 ], [ 140.38565127000001, 37.29060792 ], [ 140.38561961, 37.29064045 ], [ 140.38556324000001, 37.29073336 ], [ 140.38555, 37.29077285 ], [ 140.38550865, 37.29079937 ], [ 140.38546228000001, 37.29080803 ], [ 140.38552053000001, 37.29087619 ], [ 140.38558203, 37.29092335 ], [ 140.38565872000001, 37.29096397 ], [ 140.38553514, 37.29106057 ], [ 140.3855848, 37.2911037 ], [ 140.38563659, 37.29118062 ], [ 140.38566165, 37.29123964 ], [ 140.38567515, 37.29136306 ], [ 140.38570027, 37.2914974 ], [ 140.38571453, 37.29153169 ], [ 140.38572826000001, 37.29155936 ], [ 140.38571024000001, 37.29180092 ], [ 140.38571115, 37.29218516 ], [ 140.38570904, 37.29234863 ], [ 140.38520025, 37.29235158 ], [ 140.38478634000001, 37.29235252 ], [ 140.38457904000001, 37.29221185 ], [ 140.38449036, 37.29220043 ], [ 140.38421849, 37.29217002 ], [ 140.38427319, 37.29266482 ], [ 140.38433159, 37.293122 ], [ 140.38443018000001, 37.29390692 ], [ 140.38447212, 37.29429421 ], [ 140.38446921, 37.29443938 ], [ 140.38445079, 37.29464405 ], [ 140.38440748, 37.29480167 ], [ 140.38432011, 37.29500764 ], [ 140.38419151, 37.29528815 ], [ 140.38403956, 37.29552061 ], [ 140.38476389, 37.29581868 ], [ 140.38499345, 37.2959294 ], [ 140.38520275, 37.29606486 ], [ 140.38548785, 37.29630091 ], [ 140.38594817000001, 37.2966806 ], [ 140.38653755000001, 37.29720034 ], [ 140.38664681, 37.29719983 ], [ 140.38672893, 37.29722394 ], [ 140.38687623000001, 37.29729154 ], [ 140.38701331, 37.29735904 ], [ 140.38716738, 37.29744786 ], [ 140.38719645, 37.29742886 ], [ 140.38722564, 37.29742661 ], [ 140.38729529, 37.29743065 ], [ 140.38737742000001, 37.29743688 ], [ 140.38742126, 37.29749764 ], [ 140.38748413, 37.29754578 ], [ 140.38756106, 37.29759371 ], [ 140.38766416000001, 37.29763659 ], [ 140.38768981000001, 37.29783612 ], [ 140.38778905000001, 37.29803785 ], [ 140.38783833, 37.29816166 ], [ 140.38787745, 37.2982758 ], [ 140.38790943000001, 37.298359 ], [ 140.38861319, 37.29869459 ], [ 140.38892852000001, 37.29884954 ], [ 140.38893909000001, 37.29880007 ], [ 140.38899299, 37.29869942 ], [ 140.38906354, 37.29862926 ], [ 140.38925743, 37.29849444 ], [ 140.38943711, 37.29840335 ], [ 140.38981898, 37.29831425 ], [ 140.39009624, 37.29824677 ], [ 140.39048505, 37.29811104 ], [ 140.39032109, 37.29779727 ], [ 140.39009160000001, 37.29783538 ], [ 140.38980014000001, 37.29671192 ], [ 140.38931645, 37.29658452 ], [ 140.38933724, 37.29653529 ], [ 140.38969968000001, 37.29583297 ], [ 140.39123139, 37.29519933 ], [ 140.39095565, 37.29481808 ], [ 140.39054529000001, 37.2942243 ], [ 140.39044202, 37.29406907 ], [ 140.39033991, 37.29389777 ], [ 140.39030218, 37.29381742 ], [ 140.39024256, 37.29359439 ], [ 140.39014801, 37.29324044 ], [ 140.39014057, 37.29321021 ], [ 140.38996205000001, 37.29248453 ], [ 140.38986497, 37.29209173 ], [ 140.38981402, 37.29184276 ], [ 140.38973076, 37.29134078 ], [ 140.38970312000001, 37.29113394 ], [ 140.38963389, 37.29061514 ], [ 140.38955366, 37.28999121 ], [ 140.38948071, 37.28981133 ], [ 140.38933794, 37.28951309 ], [ 140.38959918, 37.28949398 ], [ 140.38977007, 37.28949965 ], [ 140.38987647, 37.28952463 ], [ 140.38997937, 37.28955245 ], [ 140.39005929000001, 37.28958305 ], [ 140.39016235, 37.28963353 ], [ 140.39031182, 37.28973477 ], [ 140.39037423, 37.28979811 ], [ 140.39051878000001, 37.29006833 ], [ 140.39069433, 37.29034755 ], [ 140.39114298000001, 37.29080176 ], [ 140.39128127000001, 37.29095021 ], [ 140.39141831000001, 37.29104305 ], [ 140.39157092, 37.29109175 ], [ 140.39190784, 37.29116084 ], [ 140.39207082, 37.29117429 ], [ 140.39212509000001, 37.29113208 ], [ 140.39247838, 37.29085754 ], [ 140.39282589000001, 37.29080295 ], [ 140.39289631, 37.29074602 ], [ 140.39301797, 37.29067743 ], [ 140.39312563, 37.29063454 ], [ 140.39327451, 37.29065369 ], [ 140.39340561, 37.29066433 ], [ 140.39350827000001, 37.29065962 ], [ 140.39355418, 37.29064237 ], [ 140.39369677, 37.29053286 ], [ 140.39382684, 37.29040355 ], [ 140.39365042, 37.29024585 ], [ 140.39357099, 37.29016343 ], [ 140.39352623, 37.29009719 ], [ 140.39351529000001, 37.29005331 ], [ 140.39354459, 37.28994152 ], [ 140.39359303000001, 37.28978852 ], [ 140.39361524, 37.28968225 ], [ 140.39359904, 37.28952323 ], [ 140.39358994, 37.28937121 ], [ 140.39356465, 37.28930487 ], [ 140.39351635, 37.2892371 ], [ 140.39350749, 37.28886712 ], [ 140.39455451000001, 37.28888003 ], [ 140.39456053000001, 37.28928874 ], [ 140.39457222, 37.28965434 ], [ 140.39473477000001, 37.28979451 ], [ 140.39526414, 37.2897896 ], [ 140.39536223, 37.2897031 ], [ 140.39534263, 37.28928136 ], [ 140.39577039, 37.28927933 ], [ 140.39581196, 37.28924097 ], [ 140.39586049, 37.28893 ], [ 140.39586852, 37.28880085 ], [ 140.3959334, 37.28867396 ], [ 140.39665126, 37.28867294 ], [ 140.39680029, 37.28820379 ], [ 140.39683094, 37.28810791 ], [ 140.39714444000001, 37.28822461 ], [ 140.39708759000001, 37.28866661 ], [ 140.39725004, 37.28867394 ], [ 140.39749538000001, 37.28815627 ], [ 140.39739040000001, 37.28811383 ], [ 140.39722832000001, 37.28804279 ], [ 140.39690702, 37.28786987 ], [ 140.39650759, 37.28765664 ], [ 140.3961602, 37.28739908 ], [ 140.39604297, 37.28731601 ], [ 140.39595885, 37.28727093 ], [ 140.39582095, 37.28722864 ], [ 140.39571894, 37.28718365 ], [ 140.39556607, 37.28714143 ], [ 140.39538053000001, 37.28712556 ], [ 140.39511994, 37.28707653 ], [ 140.39494168, 37.28703796 ], [ 140.39444986000001, 37.28686584 ], [ 140.39403813000001, 37.28673418 ], [ 140.39186161000001, 37.2858973 ], [ 140.39190386000001, 37.28576545 ], [ 140.39203251000001, 37.28577442 ], [ 140.39211047000001, 37.28539642 ], [ 140.39211028, 37.2853701 ], [ 140.39207141, 37.28536789 ], [ 140.39202644, 37.28535613 ], [ 140.39200239, 37.28533949 ], [ 140.39192869, 37.28507696 ], [ 140.39239208000001, 37.28504619 ], [ 140.39252162, 37.28501404 ], [ 140.39251422000001, 37.28478147 ], [ 140.39253105, 37.28462609 ], [ 140.39260177, 37.28448482 ], [ 140.3927521, 37.28417829 ], [ 140.39294403, 37.28418301 ], [ 140.39304651, 37.28419731 ], [ 140.39311484000001, 37.28420952 ], [ 140.3932686, 37.28424174 ], [ 140.39336401, 37.28426522 ], [ 140.39344273, 37.28424035 ], [ 140.39354632000001, 37.28421381 ], [ 140.39362302000001, 37.28420205 ], [ 140.39361032, 37.28362891 ], [ 140.39360912000001, 37.2835733 ], [ 140.39356854, 37.28337638 ], [ 140.39351350000001, 37.28314094 ], [ 140.39351022, 37.28307858 ], [ 140.39352549, 37.28302852 ], [ 140.39355065000001, 37.28297617 ], [ 140.39361265, 37.28290083 ], [ 140.39295598000001, 37.28290746 ], [ 140.39291033000001, 37.28279349 ], [ 140.39290532000001, 37.2826934 ], [ 140.39289354, 37.28254083 ], [ 140.39290168, 37.28248616 ], [ 140.39292825000001, 37.28242817 ], [ 140.39299181000001, 37.28237338 ], [ 140.39302137000001, 37.28233226 ], [ 140.39290896, 37.28232041 ], [ 140.39279511000001, 37.28230039 ], [ 140.392699, 37.28227761 ], [ 140.39258066, 37.28223269 ], [ 140.39247356000001, 37.28216618 ], [ 140.39232212, 37.2820658 ], [ 140.39222517, 37.28202543 ], [ 140.392117, 37.28201003 ], [ 140.39198768, 37.28201064 ], [ 140.39190175, 37.28202526 ], [ 140.39185812, 37.28204082 ], [ 140.3917855, 37.28206665 ], [ 140.39170327, 37.28209885 ], [ 140.39163110000001, 37.2821389 ], [ 140.39152507, 37.28222233 ], [ 140.39128082, 37.28206325 ], [ 140.39154107, 37.28178676 ], [ 140.39144060000001, 37.28170529 ], [ 140.39132908, 37.28176045 ], [ 140.39083101, 37.28150513 ], [ 140.39059027, 37.28138574 ], [ 140.39042155000001, 37.28128896 ], [ 140.39024271, 37.28118773 ], [ 140.39017292, 37.28116792 ], [ 140.39006215000001, 37.28114549 ], [ 140.3900017, 37.28112634 ], [ 140.38995551, 37.28109333 ], [ 140.38988183000001, 37.28103511 ], [ 140.38981262, 37.28099868 ], [ 140.38974630000001, 37.28096563 ], [ 140.38970721000001, 37.28092104 ], [ 140.38964937, 37.28086626 ], [ 140.38955707, 37.28081628 ], [ 140.38947927000001, 37.2807799 ], [ 140.38939294, 37.28075735 ], [ 140.38929735, 37.28074457 ], [ 140.38916731, 37.28073772 ], [ 140.38900065000001, 37.28072935 ], [ 140.38888138, 37.28072076 ], [ 140.38882808, 37.28069693 ], [ 140.38878116000001, 37.2806176 ], [ 140.38878684, 37.28056914 ], [ 140.38882848, 37.28045011 ], [ 140.38894509, 37.28020569 ], [ 140.38896761000001, 37.28017715 ], [ 140.38901622, 37.28020311 ], [ 140.38914276, 37.28024405 ], [ 140.38921021, 37.28024514 ], [ 140.38921158, 37.28032328 ], [ 140.38923611000001, 37.28035231 ], [ 140.38926961000001, 37.28036792 ], [ 140.38932439000001, 37.28038948 ], [ 140.38938991000001, 37.28042184 ], [ 140.38945988, 37.28044221 ], [ 140.38950239, 37.28044314 ], [ 140.38953572, 37.28043453 ], [ 140.38959929000001, 37.28041114 ], [ 140.38966291, 37.28039508 ], [ 140.38974184, 37.28039358 ], [ 140.38979361, 37.28041276 ], [ 140.38983932, 37.28044043 ], [ 140.38989889000001, 37.28049112 ], [ 140.39035649, 37.28047981 ], [ 140.39036202, 37.28041178 ], [ 140.39037249, 37.28038512 ], [ 140.39040271, 37.28036808 ], [ 140.39074408, 37.28024567 ], [ 140.3907743, 37.28022736 ], [ 140.39077507, 37.28012246 ], [ 140.39077660000001, 37.27991689 ], [ 140.39078058000001, 37.27979409 ], [ 140.39078708, 37.27973746 ], [ 140.39079520000001, 37.27966688 ], [ 140.39077593, 37.27963388 ], [ 140.39073773000001, 37.27960914 ], [ 140.39068399000001, 37.27959151 ], [ 140.39066401, 37.27936605 ], [ 140.39065166, 37.27934062 ], [ 140.39061453, 37.27931672 ], [ 140.39058679, 37.27930587 ], [ 140.39056593000001, 37.27929076 ], [ 140.39051926, 37.27917975 ], [ 140.39050978, 37.27906504 ], [ 140.39053337000001, 37.27898481 ], [ 140.39054005, 37.27871262 ], [ 140.39053306, 37.27826462 ], [ 140.39057057, 37.27813646 ], [ 140.3906131, 37.2780377 ], [ 140.39065723, 37.27794161 ], [ 140.39075705, 37.27779766 ], [ 140.39084425, 37.27767574 ], [ 140.39094477, 37.27751461 ], [ 140.39065008, 37.27740533 ], [ 140.39039147, 37.27731052 ], [ 140.39031743000001, 37.27725709 ], [ 140.39023061, 37.27720892 ], [ 140.39012771, 37.27716068 ], [ 140.38996404, 37.27711415 ], [ 140.38985735, 37.27709606 ], [ 140.38959, 37.27711013 ], [ 140.38953395, 37.27711434 ], [ 140.38946338, 37.27710171 ], [ 140.38941193, 37.2770714 ], [ 140.389362, 37.27703179 ], [ 140.38932946, 37.27696675 ], [ 140.38923978, 37.27674583 ], [ 140.38919910000001, 37.27665887 ], [ 140.38902112, 37.27652215 ], [ 140.38871985, 37.2762842 ], [ 140.38849821, 37.27609262 ], [ 140.38805211, 37.27564992 ], [ 140.38773158000001, 37.27540319 ], [ 140.38771354, 37.27556196 ], [ 140.38768639, 37.2756805 ], [ 140.38764581000001, 37.27583036 ], [ 140.38757666000001, 37.27601119 ], [ 140.38749305, 37.27618434 ], [ 140.38739272000001, 37.27637363 ], [ 140.38714952000001, 37.27673902 ], [ 140.38633596, 37.27795343 ], [ 140.38628579, 37.27794789 ], [ 140.38620927, 37.2779291 ], [ 140.38612827, 37.27790526 ], [ 140.38607954, 37.27788507 ], [ 140.3860248, 37.27783914 ], [ 140.38587340000001, 37.27770566 ], [ 140.38567474000001, 37.27751764 ], [ 140.38560486, 37.27745503 ], [ 140.38543290000001, 37.27728053 ], [ 140.385364, 37.27719398 ], [ 140.38525134, 37.27705722 ], [ 140.38519524, 37.27698173 ], [ 140.38514855, 37.27692084 ], [ 140.38511246, 37.27689426 ], [ 140.38499390000001, 37.27681793 ], [ 140.38488403, 37.27675058 ], [ 140.38459466, 37.27657804 ], [ 140.38447042000001, 37.27651399 ], [ 140.38437276, 37.27645235 ], [ 140.38427578, 37.2764062 ], [ 140.38423405, 37.27639161 ], [ 140.38420157, 37.27638247 ], [ 140.38415639, 37.27637901 ], [ 140.38399253, 37.27545091 ], [ 140.3839094, 37.27547383 ], [ 140.38383637000001, 37.27550388 ], [ 140.38380606000001, 37.27552134 ], [ 140.38377102000001, 37.27554952 ], [ 140.38372187, 37.27561762 ], [ 140.38369728000001, 37.27565223 ], [ 140.38365794000001, 37.2756755 ], [ 140.38361209000001, 37.27569416 ], [ 140.38356627, 37.27571155 ], [ 140.38352762, 37.27573243 ], [ 140.38349336, 37.27575779 ], [ 140.38346898, 37.2757672 ], [ 140.38341313000001, 37.27578577 ], [ 140.38334572, 37.27580213 ], [ 140.38329115, 37.27580365 ], [ 140.38323795, 37.27579813 ], [ 140.38319265000001, 37.27578961 ], [ 140.38313808000001, 37.27579099 ], [ 140.38310227, 37.2758027 ], [ 140.38307078, 37.27581665 ], [ 140.3830236, 37.27584559 ], [ 140.38298917, 37.27585377 ], [ 140.38295468000001, 37.27585393 ], [ 140.38283823, 37.27583843 ], [ 140.382775, 37.2758352 ], [ 140.38266737000001, 37.27584485 ], [ 140.38257412, 37.27586246 ], [ 140.38246463, 37.27590761 ], [ 140.38278075, 37.27640302 ], [ 140.38284552, 37.27655718 ], [ 140.38285526000001, 37.27662543 ], [ 140.38283856000001, 37.27671519 ], [ 140.38278142, 37.27681163 ], [ 140.38268529000001, 37.27696189 ], [ 140.38260091000001, 37.2771342 ], [ 140.38256022, 37.27726392 ], [ 140.3825298, 37.27738149 ], [ 140.38247453, 37.27741878 ], [ 140.38228554, 37.27752695 ], [ 140.38199652, 37.27804137 ], [ 140.38220284, 37.27828949 ], [ 140.38227033000001, 37.27836971 ], [ 140.38211467, 37.27860276 ], [ 140.38206106000001, 37.27867467 ], [ 140.3819728, 37.27877463 ], [ 140.38190211, 37.27883663 ], [ 140.38179582000001, 37.27890471 ], [ 140.38167965, 37.27897536 ], [ 140.38184433000001, 37.27927169 ], [ 140.381866, 37.27948983 ], [ 140.38188239, 37.27955072 ], [ 140.38194321, 37.27962267 ], [ 140.38201915, 37.27969469 ], [ 140.38214379, 37.27978915 ], [ 140.38218951, 37.27985455 ], [ 140.3821984, 37.27992688 ], [ 140.38220798, 37.27997837 ], [ 140.38221998, 37.28001182 ], [ 140.38225022, 37.28002632 ], [ 140.38215271000001, 37.28009577 ], [ 140.38211792000001, 37.28014549 ], [ 140.38209801, 37.28017642 ], [ 140.38208564000001, 37.28020238 ], [ 140.38207255, 37.28024412 ], [ 140.38203447000001, 37.2803071 ], [ 140.38198632000001, 37.28036758 ], [ 140.38193648000001, 37.28043216 ], [ 140.38175575, 37.28064744 ], [ 140.38168516, 37.28072943 ], [ 140.38156093000001, 37.28091094 ], [ 140.38150204, 37.28094275 ], [ 140.38146432, 37.280977 ], [ 140.38144117, 37.2810354 ], [ 140.3813994, 37.28114908 ], [ 140.38134794000001, 37.2811786 ], [ 140.38060744000001, 37.28165456 ], [ 140.3804903, 37.28167791 ], [ 140.38039312000001, 37.28167836 ], [ 140.38032606, 37.28167065 ], [ 140.37995286, 37.28208548 ], [ 140.37987139000001, 37.28216894 ], [ 140.37959606000001, 37.28238253 ], [ 140.37885092, 37.28183869 ], [ 140.37855908, 37.28197253 ], [ 140.37846901, 37.28200026 ], [ 140.37838607, 37.28200656 ], [ 140.37835204000001, 37.2820222 ], [ 140.37828398, 37.28205955 ], [ 140.37818669000001, 37.28210491 ], [ 140.37808664, 37.2821034 ], [ 140.37795945, 37.28205908 ], [ 140.37781999000001, 37.282011 ], [ 140.377732, 37.28199 ], [ 140.37763792000001, 37.28197397 ], [ 140.37732371000001, 37.28204947 ], [ 140.37711902000001, 37.28208942 ], [ 140.37647286000001, 37.28232725 ], [ 140.37613302, 37.28240386 ], [ 140.37606244, 37.2824277 ], [ 140.37596154, 37.28247983 ], [ 140.37583285, 37.28256997 ], [ 140.37560692, 37.2827135 ], [ 140.37520514, 37.2827038 ], [ 140.37530582, 37.28226376 ], [ 140.37541442, 37.28189634 ], [ 140.3755386, 37.28152138 ], [ 140.37600601, 37.28000619 ], [ 140.37571106, 37.28002078 ], [ 140.37557783, 37.28001745 ], [ 140.37546381000001, 37.27999094 ], [ 140.37539811, 37.27995069 ], [ 140.3753663, 37.27990634 ], [ 140.37535143, 37.27985981 ], [ 140.37532887, 37.27975544 ], [ 140.37529394000001, 37.27960663 ], [ 140.37524943, 37.2794811 ], [ 140.37519806, 37.27941347 ], [ 140.37512503, 37.27935777 ], [ 140.37497223, 37.27926709 ], [ 140.37478121000001, 37.27916659 ], [ 140.37461961, 37.27908932 ], [ 140.37452112, 37.27924438 ], [ 140.37445914, 37.27934252 ], [ 140.37438192, 37.27946579 ], [ 140.37432275, 37.27955096 ], [ 140.37427183, 37.279594 ], [ 140.37417216, 37.27964514 ], [ 140.37404562, 37.27969838 ], [ 140.37398729, 37.27972794 ], [ 140.37391952, 37.27980428 ], [ 140.37380313, 37.27990816 ], [ 140.37367458, 37.28001195 ], [ 140.37350311, 37.28009567 ], [ 140.37331330000001, 37.2801706 ], [ 140.37310896, 37.28025151 ], [ 140.37316565, 37.28016536 ], [ 140.37328424, 37.28001078 ], [ 140.37336309, 37.27988159 ], [ 140.37343857, 37.27974847 ], [ 140.37345070000001, 37.27970125 ], [ 140.37344539, 37.27965481 ], [ 140.37346167000001, 37.27960954 ], [ 140.37349276, 37.2795404 ], [ 140.3734532, 37.27935458 ], [ 140.37318233, 37.27935315 ], [ 140.37312406000001, 37.27934285 ], [ 140.37307244, 37.27932451 ], [ 140.37268828000001, 37.27940525 ], [ 140.37263636, 37.2793524 ], [ 140.37199006, 37.27937127 ], [ 140.37194266, 37.27910593 ], [ 140.37202301, 37.2788831 ], [ 140.37206926, 37.27873449 ], [ 140.3721009, 37.27858017 ], [ 140.37212113000001, 37.27835324 ], [ 140.37210152, 37.27790108 ], [ 140.37204973, 37.27778502 ], [ 140.37195765000001, 37.2776283 ], [ 140.37186927, 37.2774834 ], [ 140.37177831, 37.27722939 ], [ 140.37121421000001, 37.27723478 ], [ 140.37092683, 37.27725355 ], [ 140.37034933000001, 37.27741317 ], [ 140.37024170000001, 37.27712572 ], [ 140.36993227, 37.27685539 ], [ 140.36976824000001, 37.27681826 ], [ 140.36964461, 37.27683332 ], [ 140.36914452, 37.27713804 ], [ 140.36909828, 37.27716786 ], [ 140.36896217, 37.27699235 ], [ 140.36894860000001, 37.27697154 ], [ 140.36891843000001, 37.27692519 ], [ 140.36878451000001, 37.27665697 ], [ 140.36868113, 37.27655108 ], [ 140.36813273000001, 37.27608578 ], [ 140.3681236, 37.27606008 ], [ 140.36812429, 37.27603075 ], [ 140.36829269, 37.27566877 ], [ 140.36856468, 37.27530195 ], [ 140.36868177, 37.27501856 ], [ 140.36860265000001, 37.27500637 ], [ 140.36841201, 37.2749695 ], [ 140.36825965, 37.27492626 ], [ 140.36817260000001, 37.27490638 ], [ 140.36795496, 37.27489385 ], [ 140.3677946, 37.27486558 ], [ 140.36763433, 37.27484293 ], [ 140.36688561, 37.27484491 ], [ 140.36686465, 37.274845 ], [ 140.36642603000001, 37.27483389 ], [ 140.36609127, 37.27484118 ], [ 140.36586582000001, 37.27487134 ], [ 140.36539583000001, 37.2749778 ], [ 140.36521917, 37.2750314 ], [ 140.36496294, 37.27534372 ], [ 140.36461815000001, 37.27547904 ], [ 140.36482135, 37.27564821 ], [ 140.36537264, 37.27615909 ], [ 140.36525951, 37.27637037 ], [ 140.36519518, 37.27653653 ], [ 140.36516659, 37.27661227 ], [ 140.36509893, 37.2768249 ], [ 140.36507786000001, 37.27693539 ], [ 140.36508403, 37.27703575 ], [ 140.36509934, 37.27714044 ], [ 140.36514798, 37.27732917 ], [ 140.36517757, 37.27739606 ], [ 140.36523263000001, 37.27746551 ], [ 140.36528403, 37.27752638 ], [ 140.3653534, 37.27756395 ], [ 140.36534636, 37.2775958 ], [ 140.36528501000001, 37.27792921 ], [ 140.36568643000001, 37.27807862 ], [ 140.36604787, 37.27824271 ], [ 140.36663231, 37.27857222 ], [ 140.36511075000001, 37.27912624 ], [ 140.36582669000001, 37.28048243 ], [ 140.36610492, 37.2810096 ], [ 140.36680206, 37.28242389 ], [ 140.36685204, 37.28253362 ], [ 140.36735168000001, 37.28295771 ], [ 140.3674642, 37.28305252 ], [ 140.36752864, 37.28312685 ], [ 140.36907354, 37.28325346 ], [ 140.36931854, 37.28328163 ], [ 140.3693649, 37.28348812 ], [ 140.36938159, 37.28360617 ], [ 140.36936097, 37.28368019 ], [ 140.36931653, 37.28374361 ], [ 140.3693013, 37.28382591 ], [ 140.36929669, 37.28392097 ], [ 140.369327, 37.28410218 ], [ 140.36937631000001, 37.284353 ], [ 140.36940688000001, 37.28457012 ], [ 140.36942752, 37.28469125 ], [ 140.369453, 37.28478688 ], [ 140.36948907, 37.28480488 ], [ 140.36955016, 37.28485951 ], [ 140.36958754, 37.28491834 ], [ 140.36962282, 37.28505321 ], [ 140.36960202, 37.28509554 ], [ 140.36957058, 37.28512934 ], [ 140.36948655, 37.28519519 ], [ 140.36946054000001, 37.28524797 ], [ 140.36951324, 37.28579727 ], [ 140.36955494, 37.28609234 ], [ 140.36957965, 37.28622303 ], [ 140.36958976, 37.28653725 ], [ 140.36844304, 37.28677041 ], [ 140.36843781, 37.28640548 ], [ 140.36842259, 37.28612072 ], [ 140.36840050000001, 37.2859817 ], [ 140.36835159, 37.28578776 ], [ 140.36831408, 37.28567163 ], [ 140.36828103, 37.28557815 ], [ 140.36825722, 37.28559881 ], [ 140.36816586, 37.28580649 ], [ 140.36813348000001, 37.28584915 ], [ 140.36809241, 37.28587271 ], [ 140.36801361, 37.28591911 ], [ 140.36800402, 37.28594563 ], [ 140.36801613, 37.28600161 ], [ 140.36802813, 37.28604689 ], [ 140.36798567, 37.28610467 ], [ 140.36790466, 37.28622965 ], [ 140.36789753, 37.28628009 ], [ 140.3678819, 37.28630086 ], [ 140.36786744, 37.28633077 ], [ 140.36785308, 37.28637406 ], [ 140.36783994000001, 37.28642903 ], [ 140.36782562, 37.28647866 ], [ 140.36781672000001, 37.28649672 ], [ 140.36779998, 37.286522 ], [ 140.36778208000001, 37.28653926 ], [ 140.36748662, 37.28670364 ], [ 140.3674046, 37.28674823 ], [ 140.36734392, 37.28677736 ], [ 140.36731804, 37.28678649 ], [ 140.36726515000001, 37.28680208 ], [ 140.36719757, 37.28681492 ], [ 140.36712548, 37.28683143 ], [ 140.36706476000001, 37.28685424 ], [ 140.36704005000001, 37.28686787 ], [ 140.36699965, 37.2868979 ], [ 140.36696376, 37.2869251 ], [ 140.36692669000001, 37.28694779 ], [ 140.36688287000001, 37.28696869 ], [ 140.36682771, 37.28698696 ], [ 140.3667647, 37.28700428 ], [ 140.36670050000001, 37.2870209 ], [ 140.36663856000001, 37.28703371 ], [ 140.36658558, 37.28703663 ], [ 140.366563, 37.28703223 ], [ 140.36652457, 37.28701888 ], [ 140.36648615, 37.28701103 ], [ 140.36646359, 37.28701113 ], [ 140.36643997, 37.28701659 ], [ 140.36638595, 37.28703401 ], [ 140.36632634, 37.28705765 ], [ 140.36626223, 37.2870823 ], [ 140.36619471, 37.2871033 ], [ 140.36612263000001, 37.28711447 ], [ 140.36605158, 37.28711662 ], [ 140.36598163, 37.2871106 ], [ 140.36594774, 37.28710357 ], [ 140.36588442, 37.28708316 ], [ 140.36585613, 37.28706879 ], [ 140.36582781000001, 37.28705089 ], [ 140.36577902, 37.28701056 ], [ 140.36573592, 37.28697739 ], [ 140.36569745, 37.28695687 ], [ 140.36566689, 37.28693997 ], [ 140.36566122, 37.28693549 ], [ 140.36565663, 37.28692917 ], [ 140.36564288, 37.28689671 ], [ 140.36563028, 37.28686523 ], [ 140.36562685000001, 37.28685989 ], [ 140.36562118000001, 37.28685541 ], [ 140.36561552000001, 37.28685276 ], [ 140.36560762, 37.28685097 ], [ 140.3655997, 37.28685185 ], [ 140.36559182, 37.28685287 ], [ 140.36557718, 37.28685744 ], [ 140.36556369, 37.28686201 ], [ 140.36555807, 37.28686471 ], [ 140.36554575, 37.28687293 ], [ 140.36553003, 37.28688652 ], [ 140.36552781, 37.28689103 ], [ 140.36552784, 37.28689455 ], [ 140.36552788, 37.28690089 ], [ 140.36552907000001, 37.28690722 ], [ 140.36553483, 37.28692423 ], [ 140.36555096000001, 37.2869747 ], [ 140.36557172, 37.28703853 ], [ 140.36558908000001, 37.28710252 ], [ 140.36560187000001, 37.28716005 ], [ 140.3656158, 37.28721222 ], [ 140.36563305000001, 37.28725903 ], [ 140.365648, 37.287305 ], [ 140.36565156, 37.28732836 ], [ 140.36564625, 37.28737527 ], [ 140.36563530000001, 37.28742221 ], [ 140.36562659000001, 37.2874673 ], [ 140.36440443000001, 37.28681246 ], [ 140.36432019, 37.28672301 ], [ 140.36423305, 37.28664132 ], [ 140.36412154000001, 37.28653397 ], [ 140.36377163, 37.28673703 ], [ 140.36377268000001, 37.28678672 ], [ 140.36368534, 37.28677064 ], [ 140.3636114, 37.28676168 ], [ 140.36354681, 37.28676099 ], [ 140.36348685, 37.28676689 ], [ 140.36334398, 37.28679893 ], [ 140.36315681, 37.28684539 ], [ 140.36309811000001, 37.28686776 ], [ 140.36303823, 37.28687901 ], [ 140.36297250000001, 37.28688578 ], [ 140.36287792, 37.28689268 ], [ 140.36256478000001, 37.28691113 ], [ 140.36253016000001, 37.28690579 ], [ 140.36249197000001, 37.28689385 ], [ 140.36270374, 37.28764942 ], [ 140.36254353000001, 37.28762733 ], [ 140.36238727, 37.28762803 ], [ 140.36228065, 37.28763906 ], [ 140.36216555, 37.28766633 ], [ 140.36206107000001, 37.28743674 ], [ 140.36197346, 37.28744487 ], [ 140.36186683, 37.28745591 ], [ 140.36173347, 37.28746115 ], [ 140.35906603000001, 37.28722189 ], [ 140.35901671, 37.28752962 ], [ 140.35870909, 37.28754394 ], [ 140.35864627000001, 37.28755027 ], [ 140.35858526000001, 37.28754604 ], [ 140.3585108, 37.28752497 ], [ 140.35840001, 37.287489 ], [ 140.35788132, 37.28742738 ], [ 140.35772519, 37.28662088 ], [ 140.35743741, 37.28642152 ], [ 140.35776969, 37.28575842 ], [ 140.35781307, 37.28576794 ], [ 140.35896718000001, 37.28602033 ], [ 140.35937636, 37.28581068 ], [ 140.36013214, 37.28505037 ], [ 140.36022602, 37.28495589 ], [ 140.36089198, 37.28428595 ], [ 140.36114855, 37.2835042 ], [ 140.36110865000001, 37.28351142 ], [ 140.36105678000001, 37.28341352 ], [ 140.36098109, 37.28333078 ], [ 140.36084182, 37.28325298 ], [ 140.36065033, 37.28313373 ], [ 140.36040937000001, 37.28297078 ], [ 140.35967422, 37.28279412 ], [ 140.35874814, 37.28257649 ], [ 140.35733128000001, 37.28241665 ], [ 140.35622338, 37.28264784 ], [ 140.35510677, 37.2828768 ], [ 140.35486716, 37.28248531 ], [ 140.35466361, 37.28229684 ], [ 140.35376718000001, 37.28260788 ], [ 140.35369429, 37.28251359 ], [ 140.35362469, 37.28247701 ], [ 140.35349744000001, 37.28245912 ], [ 140.35332974, 37.28244128 ], [ 140.35240006000001, 37.28253774 ], [ 140.35197655, 37.28271743 ], [ 140.35235409000001, 37.28300202 ], [ 140.35216971, 37.28307675 ], [ 140.35221761, 37.28466785 ], [ 140.35213028000001, 37.28465275 ], [ 140.35185848, 37.28458425 ], [ 140.35146077, 37.2845201 ], [ 140.35064873, 37.2844482 ], [ 140.35067401000001, 37.28531527 ], [ 140.35113762, 37.28544291 ], [ 140.35171098000001, 37.28568045 ], [ 140.35225128, 37.28604204 ], [ 140.35278676, 37.28640745 ], [ 140.35330037, 37.28676324 ], [ 140.35365375000001, 37.28704793 ], [ 140.35414583, 37.28746815 ], [ 140.35450505, 37.28779941 ], [ 140.35519696, 37.28844079 ], [ 140.35552991, 37.28878779 ], [ 140.35604571, 37.28928999 ], [ 140.35640498000001, 37.2896211 ], [ 140.35662416, 37.28977332 ], [ 140.35707618000001, 37.2901357 ], [ 140.357535, 37.29051917 ], [ 140.35833213000001, 37.29104841 ], [ 140.35546136, 37.29379306 ], [ 140.35731652000001, 37.29510567 ], [ 140.35732542, 37.29511281 ], [ 140.35731903000001, 37.29511931 ], [ 140.35656334000001, 37.2959024 ], [ 140.35597231, 37.2965441 ], [ 140.35478788, 37.29607753 ], [ 140.35446582, 37.29606008 ], [ 140.35472991, 37.29507727 ], [ 140.35459612, 37.2950276 ], [ 140.35420881, 37.29465915 ], [ 140.35448277, 37.29453883 ], [ 140.3546472, 37.29446911 ], [ 140.35495973, 37.29424189 ], [ 140.35520917, 37.29397735 ], [ 140.3554197, 37.29376311 ], [ 140.35500217000001, 37.29320603 ], [ 140.35434169000001, 37.29350675 ], [ 140.35430882, 37.29349974 ], [ 140.35424558, 37.29345996 ], [ 140.35408456, 37.29334838 ], [ 140.35401165, 37.29329148 ], [ 140.35395084000001, 37.29320957 ], [ 140.35367281000001, 37.29237931 ], [ 140.35289442000001, 37.29251003 ], [ 140.35227492000001, 37.29262581 ], [ 140.35260642, 37.29401699 ], [ 140.35162265, 37.29426278 ], [ 140.35162891, 37.29460461 ], [ 140.35163549000001, 37.29528056 ], [ 140.35162997, 37.29561934 ], [ 140.35162989, 37.29589066 ], [ 140.35160197, 37.29639906 ], [ 140.35264116, 37.29678957 ], [ 140.35327603, 37.2966112 ], [ 140.35436737000001, 37.29658752 ], [ 140.35454762000001, 37.2971043 ], [ 140.35491107000001, 37.29742892 ], [ 140.35451191000001, 37.29761893 ], [ 140.35362138, 37.29801329 ], [ 140.35354699000001, 37.29804812 ], [ 140.35330054, 37.29818099 ], [ 140.3524704, 37.29879162 ], [ 140.35288175, 37.2991625 ], [ 140.35323856, 37.29952687 ], [ 140.35419476000001, 37.29908773 ], [ 140.35457285000001, 37.29877546 ], [ 140.35496803000001, 37.29906714 ], [ 140.35507284, 37.29922535 ], [ 140.35518648, 37.29941126 ], [ 140.35523148, 37.29967337 ], [ 140.35531063, 37.299772 ], [ 140.3553715, 37.29992816 ], [ 140.35549359000001, 37.30008644 ], [ 140.35558557, 37.30021627 ], [ 140.35563468000001, 37.30025787 ], [ 140.35567320000001, 37.30028544 ], [ 140.355698, 37.30034122 ], [ 140.35574043, 37.30043016 ], [ 140.35580723000001, 37.30051336 ], [ 140.35587411, 37.30060768 ], [ 140.35595134, 37.30068252 ], [ 140.35604932000001, 37.30073784 ], [ 140.35695128, 37.29960042 ], [ 140.35720745, 37.29924349 ], [ 140.35903469, 37.29980152 ], [ 140.35907672, 37.29994593 ], [ 140.35909853000001, 37.30005917 ], [ 140.35914707000001, 37.30024777 ], [ 140.35914798, 37.30037786 ], [ 140.35914373, 37.30052051 ], [ 140.35908163, 37.30065088 ], [ 140.35896741, 37.30084006 ], [ 140.35884813000001, 37.3010546 ], [ 140.35882402, 37.30119354 ], [ 140.35840357000001, 37.30162329 ], [ 140.3578034, 37.30230953 ], [ 140.35756485, 37.30280071 ], [ 140.35723223, 37.30343732 ], [ 140.35709569, 37.30368643 ], [ 140.35704469000001, 37.30381099 ], [ 140.35702823, 37.30392834 ], [ 140.35719226000001, 37.30390692 ], [ 140.35748622, 37.30392631 ], [ 140.35776324, 37.30398731 ], [ 140.35799717, 37.30407582 ], [ 140.35837922, 37.30433657 ], [ 140.35923913, 37.30495408 ], [ 140.35994707, 37.30547216 ], [ 140.36029874, 37.30571008 ], [ 140.36049412, 37.30584241 ], [ 140.3611632, 37.30636403 ], [ 140.36172882, 37.30679811 ], [ 140.36177144000001, 37.30683087 ], [ 140.36217482000001, 37.30710732 ], [ 140.36223171, 37.30714631 ], [ 140.36263568000001, 37.30744482 ], [ 140.36325762000001, 37.30555393 ], [ 140.36333788, 37.30467682 ], [ 140.36339212, 37.30378604 ], [ 140.36344450000001, 37.30324387 ], [ 140.36356384000001, 37.30193106 ], [ 140.36361475000001, 37.30137106 ], [ 140.36362121, 37.30130021 ], [ 140.36350585, 37.30127355 ], [ 140.36342777, 37.30124279 ], [ 140.36327528000001, 37.30124347 ], [ 140.36311335, 37.30128827 ], [ 140.36302570000001, 37.30128078 ], [ 140.36293141, 37.30125008 ], [ 140.36283031, 37.30117803 ], [ 140.36273267000001, 37.30113439 ], [ 140.362671, 37.30112946 ], [ 140.36257049, 37.30114287 ], [ 140.36242808, 37.30119278 ], [ 140.36228862, 37.30119862 ], [ 140.36206799000001, 37.30119693 ], [ 140.36180218000001, 37.30123191 ], [ 140.36158106, 37.30123642 ], [ 140.36158873, 37.30109826 ], [ 140.36131211, 37.30108571 ], [ 140.36133415, 37.30052636 ], [ 140.36161762, 37.30028362 ], [ 140.36184981, 37.30012376 ], [ 140.36165993, 37.30015911 ], [ 140.361245, 37.30014027 ], [ 140.36097682, 37.30010007 ], [ 140.36039738, 37.30003353 ], [ 140.36021270000001, 37.29999223 ], [ 140.36029088000001, 37.29978057 ], [ 140.36103373, 37.29980062 ], [ 140.36167701, 37.2987702 ], [ 140.36223891, 37.29905196 ], [ 140.363009, 37.2994326 ], [ 140.3631279, 37.29947937 ], [ 140.36322027, 37.29950008 ], [ 140.36329276000001, 37.29950764 ], [ 140.36338675, 37.29952172 ], [ 140.36354812, 37.29951832 ], [ 140.36360437, 37.29950849 ], [ 140.36368039000001, 37.2997927 ], [ 140.36371, 37.29984959 ], [ 140.36374913, 37.29987546 ], [ 140.36378499, 37.29990642 ], [ 140.36384675, 37.29991642 ], [ 140.36400906, 37.29993385 ], [ 140.36420394000001, 37.29996409 ], [ 140.36420833, 37.30012472 ], [ 140.36420009, 37.30033737 ], [ 140.36417121, 37.30061092 ], [ 140.36411810000001, 37.30090402 ], [ 140.36480725000001, 37.30017257 ], [ 140.36524944000001, 37.29977593 ], [ 140.36541741, 37.29993962 ], [ 140.36570803000001, 37.3001122 ], [ 140.36634623, 37.29995754 ], [ 140.36653777000001, 37.30010704 ], [ 140.36672956000001, 37.29997397 ], [ 140.36682926, 37.29997957 ], [ 140.36747066000001, 37.30000314 ], [ 140.36746336, 37.30038488 ], [ 140.36736855000001, 37.30137272 ], [ 140.36729741, 37.3019551 ], [ 140.36725813000001, 37.30253255 ], [ 140.36722621000001, 37.30291764 ], [ 140.36719559, 37.30324302 ], [ 140.36715161000001, 37.30389117 ], [ 140.36715196, 37.30392116 ], [ 140.36715294000001, 37.3040038 ], [ 140.36705551, 37.30500743 ], [ 140.36703563, 37.30513761 ], [ 140.36695303, 37.30557826 ], [ 140.3669474, 37.30561039 ], [ 140.36686461, 37.30606765 ], [ 140.36672428, 37.3067068 ], [ 140.36670801, 37.3067808 ], [ 140.36669046, 37.3068655 ], [ 140.36644934, 37.30802887 ], [ 140.36610388, 37.30943686 ], [ 140.36601828, 37.30990314 ], [ 140.3660012, 37.30997404 ], [ 140.36589921000001, 37.31039661 ], [ 140.36656333, 37.31047471 ], [ 140.36669864000001, 37.31049128 ], [ 140.36687974, 37.31051341 ], [ 140.36698767, 37.31052658 ], [ 140.36699058, 37.31052671 ], [ 140.36815299, 37.31066366 ], [ 140.36823049, 37.31028189 ], [ 140.36822644, 37.31025726 ], [ 140.36799442, 37.31023185 ], [ 140.3676452, 37.30926122 ], [ 140.36780966000001, 37.30920641 ], [ 140.36796570000001, 37.30916177 ], [ 140.36818516, 37.30911361 ], [ 140.36835611000001, 37.30908411 ], [ 140.36891857000001, 37.30972304 ], [ 140.36930326000001, 37.30993855 ], [ 140.36939134, 37.30991886 ], [ 140.36942539, 37.30991124 ], [ 140.36948088, 37.31013626 ], [ 140.36985065, 37.31004278 ], [ 140.36992866, 37.31001385 ], [ 140.36999198000001, 37.3100068 ], [ 140.37005539, 37.31000651 ], [ 140.37015709, 37.31004308 ], [ 140.37031387, 37.31009644 ], [ 140.37038985000001, 37.31008595 ], [ 140.37061334000001, 37.31001411 ], [ 140.37073562, 37.30996963 ], [ 140.37083689, 37.30994552 ], [ 140.37093393000001, 37.30992142 ], [ 140.37107748, 37.30990049 ], [ 140.37111537000001, 37.30988004 ], [ 140.37125404, 37.30976804 ], [ 140.37149356, 37.3095711 ], [ 140.37164511, 37.30948607 ], [ 140.37177552, 37.30940114 ], [ 140.37192306, 37.3093464 ], [ 140.37209176, 37.30929832 ], [ 140.37240845, 37.30925309 ], [ 140.37251412000001, 37.30925261 ], [ 140.37261570000001, 37.30927242 ], [ 140.37270058, 37.30932258 ], [ 140.37273466, 37.30936297 ], [ 140.37284153, 37.30953116 ], [ 140.37286547, 37.30963073 ], [ 140.37267401, 37.31004006 ], [ 140.37260356, 37.31023961 ], [ 140.37252212000001, 37.31067209 ], [ 140.3724837, 37.31091374 ], [ 140.37227084, 37.31129613 ], [ 140.37217711, 37.31149382 ], [ 140.3721024, 37.31174534 ], [ 140.37204018, 37.31207946 ], [ 140.37195816, 37.31272737 ], [ 140.37186817, 37.31345824 ], [ 140.37182959, 37.31400542 ], [ 140.37180836, 37.31442735 ], [ 140.37268037000001, 37.31448546 ], [ 140.37323038, 37.31452202 ], [ 140.37297568, 37.31548141 ], [ 140.37350382, 37.31552104 ], [ 140.37384257, 37.31556165 ], [ 140.37390061, 37.31558336 ], [ 140.37396365000001, 37.31561246 ], [ 140.37399782, 37.31568679 ], [ 140.37412073, 37.31555271 ], [ 140.3743834, 37.31555031 ], [ 140.37438929000001, 37.31574818 ], [ 140.37463946, 37.31575284 ] ] ] } },
{ "type": "Feature", "properties": { "DIDid": 720801, "行政コード": "07208", "市町村名称": "喜多方市", "DID符号": 1, "人口": 11901, "面積": 4.42, "前回人口": 12322, "前回面積": 4.42, "人口割合": 24.1, "面積割合": 0.8, "調査年度": 2015 }, "geometry": { "type": "Polygon", "coordinates": [ [ [ 139.87444017000001, 37.66811916 ], [ 139.87450308000001, 37.6669144 ], [ 139.87503523000001, 37.66691688 ], [ 139.87501287000001, 37.66637344 ], [ 139.87477888000001, 37.6663234 ], [ 139.87465278, 37.66624756 ], [ 139.87295489, 37.66621324 ], [ 139.87300401, 37.66562838 ], [ 139.87424545, 37.66565202 ], [ 139.87438273000001, 37.6647008 ], [ 139.87438418, 37.66463124 ], [ 139.87436187, 37.6645334 ], [ 139.87429353, 37.66436828 ], [ 139.87402318, 37.66375044 ], [ 139.87397637000001, 37.66362952 ], [ 139.87394218, 37.66348804 ], [ 139.87393023000001, 37.66334176 ], [ 139.87393093, 37.6632763 ], [ 139.87656314, 37.66333843 ], [ 139.87664771, 37.66124935 ], [ 139.87808821, 37.66128007 ], [ 139.87836778, 37.66161603 ], [ 139.8786519, 37.66208616 ], [ 139.87874915, 37.66231772 ], [ 139.87888074, 37.66283704 ], [ 139.87999798000001, 37.66282548 ], [ 139.87992585000001, 37.66189446 ], [ 139.87989371, 37.66173074 ], [ 139.87988427, 37.66127416 ], [ 139.87988985000001, 37.66105312 ], [ 139.87994928000001, 37.66094933 ], [ 139.87995379, 37.66086753 ], [ 139.8799469, 37.6608039 ], [ 139.87958278, 37.66033296 ], [ 139.87957462, 37.66007194 ], [ 139.87925659000001, 37.6601012 ], [ 139.87909276, 37.65973099 ], [ 139.87886708, 37.65924451 ], [ 139.87894593, 37.65908355 ], [ 139.87894106, 37.65863049 ], [ 139.87943641000001, 37.65860031 ], [ 139.87961801, 37.65851788 ], [ 139.88024706, 37.6583591 ], [ 139.8805849, 37.65845498 ], [ 139.88057533, 37.6586214 ], [ 139.88030245, 37.65870866 ], [ 139.88026631, 37.65901672 ], [ 139.88033035000001, 37.65947243 ], [ 139.88014539, 37.65950405 ], [ 139.88060305, 37.66030608 ], [ 139.88124416, 37.66027457 ], [ 139.88174475, 37.66021031 ], [ 139.8818497, 37.66016845 ], [ 139.88193031, 37.65995976 ], [ 139.8824309, 37.65989536 ], [ 139.88261254, 37.65983432 ], [ 139.88278581, 37.65932388 ], [ 139.88282203, 37.65916661 ], [ 139.88282593, 37.65895486 ], [ 139.88276529000001, 37.6588521 ], [ 139.88257546, 37.65872378 ], [ 139.88246249, 37.65867132 ], [ 139.88170738, 37.65864389 ], [ 139.88159432, 37.65860874 ], [ 139.88140053000001, 37.65860882 ], [ 139.88150336000001, 37.65841449 ], [ 139.88158594000001, 37.65813682 ], [ 139.88116194, 37.65801507 ], [ 139.88072584, 37.65790289 ], [ 139.88073383, 37.65776167 ], [ 139.88010415, 37.65779234 ], [ 139.88018861, 37.65745046 ], [ 139.88018433, 37.65707174 ], [ 139.8801995, 37.65669498 ], [ 139.88031722, 37.65654203 ], [ 139.88072917, 37.6567891 ], [ 139.88106032, 37.65694623 ], [ 139.88127432, 37.65700077 ], [ 139.88148424, 37.65695887 ], [ 139.88168202, 37.65691387 ], [ 139.88538448, 37.65739381 ], [ 139.88545704000001, 37.65724285 ], [ 139.88542871000001, 37.65714994 ], [ 139.88518182000001, 37.65702601 ], [ 139.88461697, 37.65676833 ], [ 139.88424725, 37.65652422 ], [ 139.88382513, 37.65596293 ], [ 139.88369022000001, 37.65566015 ], [ 139.88359134000001, 37.65550546 ], [ 139.88353612, 37.65548479 ], [ 139.88349253000001, 37.65549396 ], [ 139.88339666, 37.65518961 ], [ 139.88324123000001, 37.65517841 ], [ 139.88320075, 37.65502117 ], [ 139.88324095, 37.65475801 ], [ 139.88325302000001, 37.65470662 ], [ 139.88311145, 37.65430219 ], [ 139.88303452, 37.65396517 ], [ 139.88305661000001, 37.65380959 ], [ 139.88476462, 37.65430303 ], [ 139.88479275, 37.6541138 ], [ 139.88476429, 37.653828 ], [ 139.88475617, 37.65377352 ], [ 139.88490545, 37.65363872 ], [ 139.88492157, 37.65359366 ], [ 139.88487303, 37.65344923 ], [ 139.884873, 37.6534108 ], [ 139.88505856, 37.65322459 ], [ 139.88511907, 37.65314108 ], [ 139.8851311, 37.6530352 ], [ 139.88505004000001, 37.65258583 ], [ 139.88506614, 37.65250881 ], [ 139.88498529, 37.65234511 ], [ 139.88505555, 37.65181387 ], [ 139.88476890000001, 37.65176261 ], [ 139.88465573, 37.6515733 ], [ 139.88434084, 37.65155105 ], [ 139.88436897, 37.65136801 ], [ 139.88446178000001, 37.65131024 ], [ 139.88451821000001, 37.65117858 ], [ 139.88444147000001, 37.65112722 ], [ 139.88451806, 37.65096359 ], [ 139.88411424, 37.65078722 ], [ 139.88386059000001, 37.65073988 ], [ 139.88385574, 37.65084139 ], [ 139.88379198000001, 37.65093884 ], [ 139.88366442, 37.65107152 ], [ 139.88321306, 37.65155927 ], [ 139.88297858000001, 37.6518356 ], [ 139.88255477000001, 37.65192574 ], [ 139.88214706, 37.65196125 ], [ 139.8821471, 37.65202531 ], [ 139.88209670000001, 37.65213289 ], [ 139.88174566000001, 37.65238984 ], [ 139.88148342, 37.65262422 ], [ 139.88128173000001, 37.65287463 ], [ 139.88110639000001, 37.65321992 ], [ 139.88045735, 37.65322989 ], [ 139.88101649000001, 37.65204689 ], [ 139.88154887, 37.65099511 ], [ 139.88313319, 37.64786989 ], [ 139.88117553000001, 37.64760742 ], [ 139.88071339000001, 37.64754115 ], [ 139.87937615000001, 37.64736654 ], [ 139.87845142, 37.64723286 ], [ 139.87795944000001, 37.64717602 ], [ 139.87740753, 37.64714835 ], [ 139.87738628, 37.64680526 ], [ 139.87739933, 37.64662546 ], [ 139.87743605, 37.64647269 ], [ 139.87657003000001, 37.64630195 ], [ 139.87675045, 37.64580264 ], [ 139.87687877, 37.6455541 ], [ 139.87741965000001, 37.64480137 ], [ 139.87743062000001, 37.64454893 ], [ 139.87748204, 37.64419919 ], [ 139.87751202000001, 37.64374428 ], [ 139.87750383, 37.64326532 ], [ 139.8774655, 37.64292546 ], [ 139.87738896, 37.64250087 ], [ 139.8773741, 37.64182846 ], [ 139.87739464000001, 37.64100441 ], [ 139.87744827, 37.64052429 ], [ 139.87740731, 37.640195 ], [ 139.87734931, 37.63998158 ], [ 139.87730583000001, 37.63984461 ], [ 139.87724262, 37.63967948 ], [ 139.87714522, 37.6395414 ], [ 139.87707302000001, 37.63943105 ], [ 139.8768509, 37.6391649 ], [ 139.87647657, 37.63909239 ], [ 139.8762213, 37.63906517 ], [ 139.87581284000001, 37.63902167 ], [ 139.87575521, 37.6396016 ], [ 139.87418618000001, 37.63933128 ], [ 139.87407726000001, 37.6397527 ], [ 139.87283571, 37.63954602 ], [ 139.87313495000001, 37.63843325 ], [ 139.87314614, 37.63838777 ], [ 139.87268237000001, 37.63832105 ], [ 139.87247869000001, 37.63853075 ], [ 139.87239478000001, 37.63853641 ], [ 139.87225256, 37.63854871 ], [ 139.87206143, 37.63857242 ], [ 139.87194082, 37.63859612 ], [ 139.87185734, 37.63863444 ], [ 139.87179985, 37.63870246 ], [ 139.87172011000001, 37.63881751 ], [ 139.87167841, 37.63891565 ], [ 139.87162836, 37.63902197 ], [ 139.87157644000001, 37.63910308 ], [ 139.87143919, 37.63923152 ], [ 139.87130456, 37.63906698 ], [ 139.87120056000001, 37.63890328 ], [ 139.87124849, 37.63828787 ], [ 139.87126676, 37.63772118 ], [ 139.87088282, 37.63770314 ], [ 139.86923674, 37.63765367 ], [ 139.86703538, 37.63755604 ], [ 139.86524845, 37.63747924 ], [ 139.86518132, 37.63841973 ], [ 139.86510593, 37.63848466 ], [ 139.86509385, 37.63882833 ], [ 139.86508284000001, 37.63927323 ], [ 139.86385941, 37.6392254 ], [ 139.86379854, 37.64017617 ], [ 139.86365771000001, 37.64246869 ], [ 139.86353292000001, 37.6444837 ], [ 139.86262755000001, 37.64459417 ], [ 139.86248395000001, 37.64461391 ], [ 139.86111385000001, 37.64477713 ], [ 139.86101063000001, 37.64479222 ], [ 139.86176862, 37.64545995 ], [ 139.86137085, 37.64568376 ], [ 139.86112908000001, 37.64542518 ], [ 139.86093392000001, 37.64553237 ], [ 139.86130125, 37.6459831 ], [ 139.86080482, 37.64610499 ], [ 139.86118029, 37.64654586 ], [ 139.86085104, 37.64666125 ], [ 139.86056101, 37.64682041 ], [ 139.86028472000001, 37.64703391 ], [ 139.8593167, 37.64776046 ], [ 139.85852697000001, 37.64833871 ], [ 139.85824084000001, 37.64849477 ], [ 139.85802918, 37.64857267 ], [ 139.85777046000001, 37.64865381 ], [ 139.85798909, 37.64894675 ], [ 139.85832104, 37.649344 ], [ 139.85864599000001, 37.64970393 ], [ 139.85891269000001, 37.64996968 ], [ 139.85988375, 37.65086547 ], [ 139.86046664, 37.65140808 ], [ 139.86088759, 37.65183641 ], [ 139.860891, 37.65184035 ], [ 139.86113858, 37.65213272 ], [ 139.86140361, 37.65255784 ], [ 139.86171565000001, 37.6530901 ], [ 139.86323936, 37.65591328 ], [ 139.86282041000001, 37.65598448 ], [ 139.86304216, 37.65702938 ], [ 139.86350504000001, 37.65697027 ], [ 139.86326365, 37.65747943 ], [ 139.86317251, 37.65767276 ], [ 139.86309067, 37.65794619 ], [ 139.86303494000001, 37.65798647 ], [ 139.86301299, 37.65802815 ], [ 139.86298938, 37.65813417 ], [ 139.86296495, 37.658292 ], [ 139.86297679, 37.65834578 ], [ 139.86301738, 37.65843306 ], [ 139.86311037, 37.65861424 ], [ 139.86318733, 37.65881372 ], [ 139.86317891, 37.6589065 ], [ 139.86315021, 37.65896297 ], [ 139.86307758000001, 37.65902338 ], [ 139.86305734000001, 37.65906365 ], [ 139.86354234000001, 37.65904748 ], [ 139.86403582, 37.65894726 ], [ 139.86376327, 37.65833306 ], [ 139.86442008, 37.6581569 ], [ 139.86480506000001, 37.65904167 ], [ 139.86515773, 37.65997375 ], [ 139.86534862, 37.66063668 ], [ 139.86565865, 37.66176532 ], [ 139.86570389, 37.66201197 ], [ 139.86682787000001, 37.66185637 ], [ 139.86696488000001, 37.66262815 ], [ 139.86688989000001, 37.66266027 ], [ 139.8665432, 37.66278735 ], [ 139.86647348, 37.66281286 ], [ 139.86584587, 37.66296677 ], [ 139.86580205000001, 37.6638508 ], [ 139.86574160000001, 37.66452563 ], [ 139.8665552, 37.66443756 ], [ 139.86731666, 37.66443354 ], [ 139.86726827000001, 37.66394276 ], [ 139.86774947000001, 37.66391433 ], [ 139.86813738000001, 37.66380609 ], [ 139.86865092, 37.6636712 ], [ 139.86977880000001, 37.66337577 ], [ 139.87047165000001, 37.6632007 ], [ 139.87035761000001, 37.66298899 ], [ 139.87175339000001, 37.6630336 ], [ 139.87174796, 37.66315525 ], [ 139.87173412000001, 37.66374305 ], [ 139.87170236, 37.66509198 ], [ 139.87168438, 37.66560306 ], [ 139.87167871, 37.66576455 ], [ 139.87162569, 37.66703787 ], [ 139.87161776, 37.66731608 ], [ 139.87159845, 37.66799371 ], [ 139.87159715000001, 37.66803932 ], [ 139.872887, 37.66805987 ], [ 139.87444017000001, 37.66811916 ] ] ] } },
{ "type": "Feature", "properties": { "DIDid": 720901, "行政コード": "07209", "市町村名称": "相馬市", "DID符号": 1, "人口": 8816, "面積": 2.41, "前回人口": 8045, "前回面積": 2.5, "人口割合": 22.9, "面積割合": 1.2, "調査年度": 2015 }, "geometry": { "type": "Polygon", "coordinates": [ [ [ 140.92090533000001, 37.80571418 ], [ 140.92089966, 37.80552756 ], [ 140.92123998, 37.80558735 ], [ 140.92146111, 37.80564556 ], [ 140.92156688, 37.80571906 ], [ 140.92163149000001, 37.8058173 ], [ 140.9217005, 37.80601573 ], [ 140.9217985, 37.80612224 ], [ 140.92198497000001, 37.8062782 ], [ 140.92218856, 37.8063736 ], [ 140.92246499000001, 37.80651141 ], [ 140.92274594, 37.80670943 ], [ 140.92286226, 37.80688461 ], [ 140.92295733, 37.8069668 ], [ 140.92306640000001, 37.80701732 ], [ 140.92351743, 37.80723953 ], [ 140.92369224000001, 37.80733815 ], [ 140.92396120000001, 37.80745604 ], [ 140.92410727000001, 37.80750692 ], [ 140.92440306, 37.80758499 ], [ 140.92451163000001, 37.80758399 ], [ 140.92470915000001, 37.80757991 ], [ 140.92482605000001, 37.80758333 ], [ 140.92497086, 37.80759086 ], [ 140.92518263, 37.80760875 ], [ 140.92545211000001, 37.8076713 ], [ 140.92561670000001, 37.80769625 ], [ 140.92571988, 37.80770866 ], [ 140.92589795000001, 37.80770913 ], [ 140.92637067000001, 37.80768053 ], [ 140.92684046, 37.80764521 ], [ 140.92710001, 37.8076307 ], [ 140.92784431000001, 37.80759621 ], [ 140.92794720000001, 37.80758863 ], [ 140.92815545, 37.80756023 ], [ 140.92955723, 37.80750076 ], [ 140.92974795000001, 37.80751124 ], [ 140.92987612, 37.80752103 ], [ 140.9305018, 37.80748649 ], [ 140.93093048, 37.80749799 ], [ 140.93125698, 37.80750439 ], [ 140.93153568, 37.80748913 ], [ 140.93166349000001, 37.8074747 ], [ 140.93222676, 37.80746157 ], [ 140.93282192000001, 37.80743407 ], [ 140.93279261000001, 37.80639649 ], [ 140.93260629, 37.80622253 ], [ 140.93164237, 37.80529995 ], [ 140.93096597, 37.80462725 ], [ 140.93184331, 37.80458727 ], [ 140.93198677000001, 37.80473122 ], [ 140.9335649, 37.80627062 ], [ 140.93455592000001, 37.80724699 ], [ 140.93543838, 37.80720242 ], [ 140.9353351, 37.80631843 ], [ 140.93444143, 37.8055656 ], [ 140.93422123, 37.8053801 ], [ 140.93406625, 37.80524893 ], [ 140.93414981000001, 37.80519437 ], [ 140.93410420000001, 37.80442016 ], [ 140.93408067, 37.80402089 ], [ 140.93408041000001, 37.80401554 ], [ 140.93407057, 37.80401564 ], [ 140.93262936, 37.80403231 ], [ 140.93198549, 37.80404042 ], [ 140.93127526000001, 37.80406012 ], [ 140.93124709, 37.80403265 ], [ 140.93036594, 37.80317334 ], [ 140.92975077, 37.80256003 ], [ 140.92914333, 37.80198241 ], [ 140.92862385000001, 37.8015394 ], [ 140.92862842, 37.80184894 ], [ 140.92848266, 37.80254534 ], [ 140.92815699, 37.80390311 ], [ 140.92627377, 37.80376135 ], [ 140.92603338000001, 37.80319749 ], [ 140.92608858, 37.80300593 ], [ 140.92715085, 37.80306057 ], [ 140.92725374, 37.80266261 ], [ 140.92745469, 37.80183351 ], [ 140.92754827, 37.80148969 ], [ 140.92755149000001, 37.80111912 ], [ 140.92755993, 37.80100529 ], [ 140.92755989, 37.8006118 ], [ 140.92737732000001, 37.800618 ], [ 140.92715969, 37.80061073 ], [ 140.92694746000001, 37.8005782 ], [ 140.92662137, 37.80048915 ], [ 140.92634848, 37.80047591 ], [ 140.92648956, 37.80002635 ], [ 140.92661942000001, 37.79968276 ], [ 140.92665633, 37.79958683 ], [ 140.92753303000001, 37.80045663 ], [ 140.9276314, 37.80053413 ], [ 140.92764809, 37.80056537 ], [ 140.9281819, 37.8010961 ], [ 140.92840553, 37.80111936 ], [ 140.92848942000001, 37.80110479 ], [ 140.92858737, 37.80105784 ], [ 140.92869044, 37.80096707 ], [ 140.92868647, 37.8000133 ], [ 140.92973047000001, 37.80001051 ], [ 140.92973925000001, 37.80168447 ], [ 140.93029670000001, 37.80221666 ], [ 140.93034742, 37.80221563 ], [ 140.93274803, 37.80216288 ], [ 140.93395107000001, 37.80213308 ], [ 140.93391226, 37.80148992 ], [ 140.93384507, 37.80146394 ], [ 140.93384754, 37.80140901 ], [ 140.93324794, 37.80115838 ], [ 140.93299564, 37.80105064 ], [ 140.93261461, 37.80088806 ], [ 140.93178438000001, 37.80054257 ], [ 140.93134101000001, 37.80036945 ], [ 140.9302627, 37.79991813 ], [ 140.93004043, 37.79978899 ], [ 140.92975672, 37.79962592 ], [ 140.92950342, 37.799366 ], [ 140.92936618, 37.79910725 ], [ 140.9293212, 37.7989086 ], [ 140.92931841000001, 37.79871983 ], [ 140.92934772000001, 37.79854246 ], [ 140.92938945, 37.79842466 ], [ 140.9294836, 37.79822246 ], [ 140.92958871, 37.79807183 ], [ 140.92984479, 37.79774044 ], [ 140.92989261, 37.79763878 ], [ 140.92992274, 37.79751658 ], [ 140.92991515, 37.79739924 ], [ 140.92986811, 37.79725354 ], [ 140.92976407, 37.79708656 ], [ 140.92959904, 37.79690394 ], [ 140.92949043, 37.79681753 ], [ 140.92933241, 37.79672002 ], [ 140.92916310000001, 37.79664346 ], [ 140.92889235000001, 37.79657685 ], [ 140.92861662000001, 37.79655646 ], [ 140.92860531, 37.79628317 ], [ 140.92773427, 37.79636516 ], [ 140.92750085, 37.79638717 ], [ 140.92691945000001, 37.79643451 ], [ 140.926915, 37.7964996 ], [ 140.9266323, 37.79653629 ], [ 140.92622314, 37.79655781 ], [ 140.92564867, 37.79657524 ], [ 140.92535917000001, 37.7965599 ], [ 140.9251146, 37.79652936 ], [ 140.92493726000001, 37.79648046 ], [ 140.92495057, 37.79496157 ], [ 140.92566849, 37.79498759 ], [ 140.92634131, 37.79501712 ], [ 140.92636582, 37.79515105 ], [ 140.92642849000001, 37.79532336 ], [ 140.92645571, 37.79538871 ], [ 140.92688559000001, 37.79525084 ], [ 140.9268943, 37.79593187 ], [ 140.92721763, 37.79589537 ], [ 140.92766152, 37.79581157 ], [ 140.92820945, 37.79565515 ], [ 140.92837989, 37.79560302 ], [ 140.92844183, 37.79556852 ], [ 140.92850208, 37.79550982 ], [ 140.92857785000001, 37.79551109 ], [ 140.92857527000001, 37.7953364 ], [ 140.92879169, 37.79525091 ], [ 140.92895202, 37.79517565 ], [ 140.92909715, 37.79506759 ], [ 140.9292544, 37.79495167 ], [ 140.92932965, 37.79491211 ], [ 140.92944628000001, 37.79486246 ], [ 140.92957429000001, 37.79483312 ], [ 140.9296817, 37.79482057 ], [ 140.92977942, 37.79481192 ], [ 140.92992814, 37.79477943 ], [ 140.93007654, 37.79472568 ], [ 140.93032674, 37.79461467 ], [ 140.93059422, 37.79450927 ], [ 140.93092732, 37.79437834 ], [ 140.9314262, 37.79419899 ], [ 140.93197595000001, 37.79405267 ], [ 140.93212689000001, 37.79403226 ], [ 140.93230696000001, 37.7940441 ], [ 140.93228537, 37.79392196 ], [ 140.93215458, 37.79363767 ], [ 140.93213582000001, 37.79343708 ], [ 140.93210372, 37.79269503 ], [ 140.93210278000001, 37.79267336 ], [ 140.93098433, 37.79276373 ], [ 140.93004594000001, 37.79282919 ], [ 140.92937585000001, 37.79288159 ], [ 140.92882249, 37.79290911 ], [ 140.92878272, 37.7930031 ], [ 140.92726814, 37.79277613 ], [ 140.92727132, 37.79276315 ], [ 140.92630266, 37.79262289 ], [ 140.92626635, 37.79251257 ], [ 140.92589159, 37.79176609 ], [ 140.92571824000001, 37.79196887 ], [ 140.92530519, 37.79247769 ], [ 140.92547425000001, 37.79258537 ], [ 140.92520456, 37.79296896 ], [ 140.92499882000001, 37.79289991 ], [ 140.92485111, 37.79310358 ], [ 140.92453505, 37.79350084 ], [ 140.9241883, 37.79333131 ], [ 140.92370336, 37.79315643 ], [ 140.92345197, 37.79359659 ], [ 140.92254131000001, 37.79337706 ], [ 140.92216106000001, 37.79336649 ], [ 140.92182871, 37.79331353 ], [ 140.92169095, 37.79339181 ], [ 140.92168106, 37.79358238 ], [ 140.92236902, 37.79374385 ], [ 140.92283588000001, 37.79381697 ], [ 140.92281606, 37.79426132 ], [ 140.92388544, 37.79430663 ], [ 140.92432512, 37.79431735 ], [ 140.92426289, 37.79494104 ], [ 140.92418759, 37.7955692 ], [ 140.92412426000001, 37.79611222 ], [ 140.92363363000001, 37.79591924 ], [ 140.92298201, 37.79567945 ], [ 140.92296016, 37.79567149 ], [ 140.92242341, 37.79592577 ], [ 140.92229329, 37.79591472 ], [ 140.92224802000001, 37.79588177 ], [ 140.9211598, 37.79582972 ], [ 140.92065249000001, 37.79583552 ], [ 140.92027025, 37.79588353 ], [ 140.91994954, 37.79593519 ], [ 140.91993991000001, 37.79573846 ], [ 140.92017742, 37.79516033 ], [ 140.92039446000001, 37.79472937 ], [ 140.92046888, 37.79457748 ], [ 140.91962452000001, 37.79413052 ], [ 140.91893071000001, 37.793733 ], [ 140.91782936000001, 37.79310185 ], [ 140.91831304, 37.79260354 ], [ 140.91881321, 37.79285629 ], [ 140.91916503, 37.79300961 ], [ 140.91942122, 37.79307765 ], [ 140.92024875000001, 37.79320589 ], [ 140.92048342000001, 37.79303999 ], [ 140.91845119000001, 37.79245473 ], [ 140.91848281, 37.79205152 ], [ 140.91806450000001, 37.79184503 ], [ 140.91780120000001, 37.79194051 ], [ 140.91770277000001, 37.79204545 ], [ 140.91760638, 37.79198017 ], [ 140.91748662000001, 37.7919006 ], [ 140.91672027000001, 37.79137477 ], [ 140.91653537, 37.79126173 ], [ 140.91648644, 37.79122754 ], [ 140.9154299, 37.79051473 ], [ 140.91425483, 37.78971908 ], [ 140.91382626000001, 37.78942187 ], [ 140.91337114000001, 37.78908632 ], [ 140.9132436, 37.78901963 ], [ 140.91313168, 37.788997 ], [ 140.91306117, 37.78901539 ], [ 140.91296493, 37.78904583 ], [ 140.91282592, 37.7890868 ], [ 140.91265245, 37.78918595 ], [ 140.91262420000001, 37.7892376 ], [ 140.91201461, 37.7888256 ], [ 140.91165009, 37.78858369 ], [ 140.91144721000001, 37.78844687 ], [ 140.91129834, 37.78832265 ], [ 140.91112225000001, 37.78824161 ], [ 140.91077073, 37.78820357 ], [ 140.91077335, 37.78819468 ], [ 140.91043175, 37.7881443 ], [ 140.90973691, 37.78805941 ], [ 140.90958977, 37.78857348 ], [ 140.90948756, 37.78880361 ], [ 140.90948489, 37.78880955 ], [ 140.90945123, 37.78886096 ], [ 140.90928977, 37.78951356 ], [ 140.90901846, 37.78950223 ], [ 140.90868534000001, 37.78944276 ], [ 140.90827307000001, 37.78936317 ], [ 140.90781816000001, 37.78919908 ], [ 140.90753231, 37.7890906 ], [ 140.90722784, 37.78890247 ], [ 140.90697255000001, 37.78901151 ], [ 140.90684603, 37.78903321 ], [ 140.90673183000001, 37.78901778 ], [ 140.90667687000001, 37.78897717 ], [ 140.90663596, 37.78892714 ], [ 140.90609597, 37.7890123 ], [ 140.90603413, 37.78903539 ], [ 140.90601169000001, 37.78909725 ], [ 140.90677567, 37.78936272 ], [ 140.90684038000001, 37.78936002 ], [ 140.90696768000001, 37.78938561 ], [ 140.90725644, 37.78948154 ], [ 140.90742850000001, 37.78955402 ], [ 140.90782403, 37.78968402 ], [ 140.90787881, 37.78971239 ], [ 140.90789525, 37.78977587 ], [ 140.90789692000001, 37.78989088 ], [ 140.90830447, 37.79004864 ], [ 140.90843819, 37.79015625 ], [ 140.90856444, 37.79029279 ], [ 140.90870578, 37.79048578 ], [ 140.90882524, 37.79068615 ], [ 140.90889574, 37.79081391 ], [ 140.90878485, 37.79093515 ], [ 140.9087318, 37.79102615 ], [ 140.90877049, 37.7911984 ], [ 140.90879982000001, 37.79125769 ], [ 140.90884201, 37.79130461 ], [ 140.90894933000001, 37.79138373 ], [ 140.90911287, 37.79149839 ], [ 140.90917083, 37.79156769 ], [ 140.90928111, 37.79167368 ], [ 140.90940171, 37.79177535 ], [ 140.90954067000001, 37.79188925 ], [ 140.90965577, 37.79196619 ], [ 140.90978346, 37.79202458 ], [ 140.90990464000001, 37.79207388 ], [ 140.91006519000001, 37.79225121 ], [ 140.91014901, 37.7923183 ], [ 140.91025349, 37.79237901 ], [ 140.91046737, 37.79248392 ], [ 140.91056139, 37.79253233 ], [ 140.91064506000001, 37.79258915 ], [ 140.91073896, 37.7926356 ], [ 140.91084336, 37.79269011 ], [ 140.91091397, 37.79273888 ], [ 140.91101881, 37.79282423 ], [ 140.91112862, 37.79289094 ], [ 140.91113113, 37.79288684 ], [ 140.91117755, 37.79278476 ], [ 140.91119238, 37.79273733 ], [ 140.91126355, 37.79264207 ], [ 140.911412, 37.79252358 ], [ 140.91151993, 37.79246713 ], [ 140.91248143000001, 37.79304414 ], [ 140.91291323, 37.79272667 ], [ 140.91315785, 37.79254254 ], [ 140.91344487000001, 37.79232832 ], [ 140.91405344, 37.7918828 ], [ 140.91406625, 37.79187353 ], [ 140.91542168000001, 37.79282084 ], [ 140.91628432, 37.79336776 ], [ 140.91611636, 37.79373519 ], [ 140.91670385, 37.79391156 ], [ 140.91640022000001, 37.79473215 ], [ 140.91473085000001, 37.7942243 ], [ 140.91465482000001, 37.79438789 ], [ 140.91333705, 37.79354906 ], [ 140.91328421, 37.79359952 ], [ 140.91309882, 37.79377621 ], [ 140.91285572000001, 37.79401044 ], [ 140.91270514000001, 37.79414697 ], [ 140.91271180000001, 37.79440933 ], [ 140.91271712, 37.7946168 ], [ 140.91274756000001, 37.79478799 ], [ 140.91273295, 37.79491821 ], [ 140.91251701, 37.79571406 ], [ 140.91249814, 37.79576506 ], [ 140.91246315000001, 37.79585984 ], [ 140.91235398000001, 37.79604442 ], [ 140.91232985, 37.79612926 ], [ 140.91229819, 37.79648981 ], [ 140.91227479, 37.79662518 ], [ 140.91222374, 37.79678698 ], [ 140.91224023000001, 37.79687144 ], [ 140.91226139, 37.79692982 ], [ 140.91224959, 37.79708225 ], [ 140.91236949, 37.79711635 ], [ 140.91246832, 37.79708053 ], [ 140.91253243, 37.79699928 ], [ 140.91256003000001, 37.79687823 ], [ 140.91258086, 37.79680427 ], [ 140.91262559, 37.79678106 ], [ 140.91269106, 37.79676962 ], [ 140.91278974, 37.7967904 ], [ 140.91286926000001, 37.79680487 ], [ 140.91360281, 37.79706269 ], [ 140.91367398, 37.79707077 ], [ 140.91373114000001, 37.79705504 ], [ 140.91380178, 37.79702624 ], [ 140.91383457000001, 37.79702383 ], [ 140.91399322000001, 37.79703308 ], [ 140.91404750000001, 37.79700231 ], [ 140.91404709, 37.79697402 ], [ 140.91401383, 37.79694405 ], [ 140.91385417000001, 37.79686527 ], [ 140.91380168000001, 37.79683097 ], [ 140.91380115000001, 37.7967941 ], [ 140.91381338, 37.79672063 ], [ 140.91381269, 37.79667291 ], [ 140.91379091, 37.79663947 ], [ 140.9137017, 37.79659256 ], [ 140.91361417, 37.79654549 ], [ 140.91355189000001, 37.79645976 ], [ 140.91345979, 37.79634263 ], [ 140.91337876, 37.79622427 ], [ 140.91348911, 37.79610838 ], [ 140.91348819000001, 37.79604545 ], [ 140.9135342, 37.79587243 ], [ 140.91504451, 37.79610385 ], [ 140.91697629000001, 37.7963546 ], [ 140.91702043000001, 37.79676472 ], [ 140.91706415, 37.79685527 ], [ 140.91711546, 37.79688169 ], [ 140.91722595, 37.79689743 ], [ 140.91826388000001, 37.79688282 ], [ 140.91841210000001, 37.79811261 ], [ 140.91806853, 37.79817982 ], [ 140.91803113, 37.79822451 ], [ 140.91802786, 37.79830986 ], [ 140.91801222000001, 37.79846613 ], [ 140.91790864000001, 37.79878962 ], [ 140.91786161, 37.7989283 ], [ 140.91782463000001, 37.79900199 ], [ 140.91765679, 37.79906829 ], [ 140.91600855, 37.79917704 ], [ 140.91583341, 37.79929057 ], [ 140.91565087000001, 37.79935264 ], [ 140.91558058000001, 37.79944212 ], [ 140.91535293000001, 37.79982362 ], [ 140.91539906, 37.79993301 ], [ 140.91545287, 37.79996081 ], [ 140.91556974, 37.79995777 ], [ 140.91594107, 37.79996844 ], [ 140.91587353, 37.80021529 ], [ 140.91541707, 37.80055933 ], [ 140.91518012, 37.80068089 ], [ 140.91492454, 37.80081458 ], [ 140.91466875, 37.80093377 ], [ 140.91429852, 37.8010954 ], [ 140.91429914, 37.80107132 ], [ 140.91405798, 37.80118447 ], [ 140.91370653000001, 37.80130158 ], [ 140.91341415, 37.80141857 ], [ 140.91306207, 37.80154217 ], [ 140.91273759000001, 37.80169634 ], [ 140.91221858, 37.8019742 ], [ 140.91176363, 37.80224683 ], [ 140.91148068000001, 37.80241442 ], [ 140.91115234, 37.80260889 ], [ 140.91097096, 37.80269698 ], [ 140.91028065, 37.80310438 ], [ 140.90964673, 37.80347366 ], [ 140.90963615000001, 37.8036976 ], [ 140.91063654000001, 37.80372494 ], [ 140.91142102000001, 37.80374734 ], [ 140.91143481, 37.80375017 ], [ 140.91137749000001, 37.80501802 ], [ 140.91133391, 37.8058458 ], [ 140.91129162, 37.80655531 ], [ 140.91158249, 37.80657138 ], [ 140.91178482000001, 37.80658093 ], [ 140.91189284000001, 37.80655995 ], [ 140.91209422, 37.80649786 ], [ 140.91212947, 37.80647557 ], [ 140.91243056, 37.80628572 ], [ 140.91269436, 37.8061787 ], [ 140.91324501, 37.8059884 ], [ 140.9140248, 37.80579697 ], [ 140.91457446000001, 37.80572746 ], [ 140.91569985000001, 37.80564266 ], [ 140.91589319, 37.80565089 ], [ 140.91673756, 37.8056116 ], [ 140.91697405, 37.80561548 ], [ 140.91750889, 37.80551568 ], [ 140.91782375, 37.80544268 ], [ 140.91793222000001, 37.80545308 ], [ 140.91813497000001, 37.80549134 ], [ 140.91841018, 37.80554034 ], [ 140.91854026, 37.80554773 ], [ 140.91865558000001, 37.80553527 ], [ 140.91893849, 37.8056795 ], [ 140.9190122, 37.80572162 ], [ 140.91912108, 37.80578369 ], [ 140.91931013000001, 37.80589781 ], [ 140.91911349, 37.80613149 ], [ 140.91886068, 37.80622462 ], [ 140.91869369, 37.80631429 ], [ 140.91863013, 37.80631741 ], [ 140.91848730000001, 37.80632379 ], [ 140.91823573, 37.80671424 ], [ 140.91809844, 37.80688684 ], [ 140.91801946000001, 37.80713464 ], [ 140.91801671, 37.80737667 ], [ 140.91799243, 37.80745742 ], [ 140.91792519000001, 37.80757362 ], [ 140.91820079, 37.80759403 ], [ 140.91841858000001, 37.80762371 ], [ 140.91878752, 37.80770506 ], [ 140.91906421, 37.80780022 ], [ 140.91954889, 37.80799975 ], [ 140.92021276, 37.80831279 ], [ 140.92022861000001, 37.80814793 ], [ 140.92019827, 37.80796604 ], [ 140.92016112, 37.80788304 ], [ 140.92006405000001, 37.80777313 ], [ 140.91993707, 37.80759664 ], [ 140.91982489, 37.80730372 ], [ 140.91981596, 37.80716653 ], [ 140.91990345, 37.80690697 ], [ 140.91992952000001, 37.80679706 ], [ 140.91990573000001, 37.80668747 ], [ 140.91982504000001, 37.80646014 ], [ 140.91969123000001, 37.80619811 ], [ 140.91959162000001, 37.80592169 ], [ 140.92014406000001, 37.80589647 ], [ 140.92042597, 37.80584601 ], [ 140.92090533000001, 37.80571418 ] ] ] } },
{ "type": "Feature", "properties": { "DIDid": 721001, "行政コード": "07210", "市町村名称": "二本松市", "DID符号": 1, "人口": 9695, "面積": 2.48, "前回人口": 10523, "前回面積": 2.62, "人口割合": 16.7, "面積割合": 0.7, "調査年度": 2015 }, "geometry": { "type": "Polygon", "coordinates": [ [ [ 140.44350116000001, 37.60479652 ], [ 140.4435464, 37.60448951 ], [ 140.44357157, 37.60442518 ], [ 140.44367756, 37.60436916 ], [ 140.44399442, 37.6042784 ], [ 140.444441, 37.6041184 ], [ 140.44480675, 37.60395291 ], [ 140.44481609, 37.60394793 ], [ 140.44500783000001, 37.6038467 ], [ 140.44521989, 37.60374042 ], [ 140.44536802, 37.60367109 ], [ 140.44550325, 37.60360028 ], [ 140.44557991, 37.60354441 ], [ 140.4457185, 37.60342965 ], [ 140.44574382, 37.60338869 ], [ 140.44572832, 37.60328937 ], [ 140.44573821, 37.60315205 ], [ 140.44580773000001, 37.60312255 ], [ 140.44583229, 37.6029822 ], [ 140.44576387000001, 37.60291976 ], [ 140.44554205, 37.60273113 ], [ 140.4454606, 37.60264975 ], [ 140.44540911000001, 37.6026382 ], [ 140.44551389, 37.60237635 ], [ 140.44553277, 37.60232148 ], [ 140.44554691, 37.60220666 ], [ 140.4455849, 37.60211918 ], [ 140.44564041000001, 37.60206933 ], [ 140.44569392, 37.60203991 ], [ 140.44577085, 37.6019746 ], [ 140.4461145, 37.60165618 ], [ 140.44612076000001, 37.60163221 ], [ 140.4459618, 37.60126417 ], [ 140.44573305, 37.60074205 ], [ 140.44596709000001, 37.60072774 ], [ 140.44633248, 37.60070359 ], [ 140.44654745, 37.60069051 ], [ 140.44660099000001, 37.60065939 ], [ 140.44666707, 37.60058725 ], [ 140.44722386000001, 37.6005569 ], [ 140.44731755000001, 37.60055106 ], [ 140.44792781000001, 37.60051311 ], [ 140.44826844, 37.60048135 ], [ 140.44833068, 37.60046399 ], [ 140.44846787, 37.60040668 ], [ 140.44854929, 37.60037204 ], [ 140.44857699, 37.60033937 ], [ 140.44858094, 37.60029838 ], [ 140.44895729000001, 37.60029642 ], [ 140.44896242, 37.60039734 ], [ 140.44940893, 37.60042655 ], [ 140.4494713, 37.60042622 ], [ 140.44971591000001, 37.60035835 ], [ 140.44971464, 37.60046268 ], [ 140.44972896, 37.60063198 ], [ 140.44974432000001, 37.60067132 ], [ 140.44982433000001, 37.60072229 ], [ 140.4499171, 37.60076108 ], [ 140.44994632000001, 37.60077895 ], [ 140.44998336, 37.60084028 ], [ 140.45008584000001, 37.60100926 ], [ 140.45011640000001, 37.60106217 ], [ 140.45013233, 37.6011698 ], [ 140.45014746000001, 37.60130924 ], [ 140.45012464000001, 37.60141199 ], [ 140.45013533, 37.60157638 ], [ 140.45025003000001, 37.60158057 ], [ 140.45029647000001, 37.60169661 ], [ 140.4503028, 37.60174544 ], [ 140.45028608000001, 37.60187449 ], [ 140.45026709000001, 37.60196891 ], [ 140.45021213000001, 37.60213843 ], [ 140.45018713, 37.60222346 ], [ 140.45019151, 37.60227215 ], [ 140.45021551, 37.60230666 ], [ 140.45026319, 37.60233316 ], [ 140.45031465, 37.60233922 ], [ 140.45037986, 37.60233409 ], [ 140.4504943, 37.60230675 ], [ 140.45061473000001, 37.60228092 ], [ 140.45073881, 37.60222677 ], [ 140.45083065, 37.60209254 ], [ 140.45092645, 37.60196152 ], [ 140.45098022, 37.60188972 ], [ 140.45111170000001, 37.60176626 ], [ 140.45113677000001, 37.60174304 ], [ 140.45120394, 37.60168089 ], [ 140.45122942, 37.601654 ], [ 140.451243, 37.60162718 ], [ 140.45124652000001, 37.60157211 ], [ 140.45081915, 37.60153662 ], [ 140.45083426, 37.60145305 ], [ 140.45083961, 37.6013839 ], [ 140.45083008, 37.60130609 ], [ 140.45081144, 37.60120243 ], [ 140.45074629000001, 37.60097455 ], [ 140.45072792, 37.60090862 ], [ 140.45072925, 37.60082836 ], [ 140.45075502, 37.60071883 ], [ 140.45079753, 37.60059598 ], [ 140.45098351, 37.60061233 ], [ 140.45105274, 37.60061675 ], [ 140.4510962, 37.6006085 ], [ 140.45114649000001, 37.60059641 ], [ 140.45130031, 37.60054379 ], [ 140.45156148000001, 37.60046781 ], [ 140.45156106, 37.60006431 ], [ 140.45163142000001, 37.60006155 ], [ 140.45163831, 37.59983062 ], [ 140.45137741, 37.59983198 ], [ 140.45137092, 37.5994005 ], [ 140.45119557000001, 37.5994062 ], [ 140.45120548, 37.59935814 ], [ 140.45123943, 37.59928011 ], [ 140.4513077, 37.59916951 ], [ 140.45133093000001, 37.59911688 ], [ 140.45136398, 37.5990418 ], [ 140.45141604, 37.59888117 ], [ 140.45147171, 37.59867955 ], [ 140.45151508000001, 37.59854318 ], [ 140.45156366000001, 37.59843748 ], [ 140.4516377, 37.59830658 ], [ 140.45175088, 37.59812817 ], [ 140.45177619, 37.59808087 ], [ 140.45178385, 37.59804944 ], [ 140.45177868, 37.59802342 ], [ 140.45175657, 37.59797637 ], [ 140.45160188, 37.59768293 ], [ 140.45182829000001, 37.597567 ], [ 140.45180481, 37.5974766 ], [ 140.45206118, 37.59739346 ], [ 140.45203693, 37.59733375 ], [ 140.4520289, 37.59731506 ], [ 140.45196112, 37.59724925 ], [ 140.45181735, 37.59731927 ], [ 140.45169462000001, 37.59718222 ], [ 140.45159691000001, 37.59708207 ], [ 140.45150931000001, 37.59700538 ], [ 140.45167236, 37.59688189 ], [ 140.45167810000001, 37.59685976 ], [ 140.45168368, 37.59681257 ], [ 140.45167613000001, 37.5967394 ], [ 140.45166586, 37.59669538 ], [ 140.45165764000001, 37.59665305 ], [ 140.45162963000001, 37.59661546 ], [ 140.45159971000001, 37.59656508 ], [ 140.45160619000001, 37.59651351 ], [ 140.45166353, 37.59641382 ], [ 140.45159777000001, 37.59634658 ], [ 140.45145588, 37.59654105 ], [ 140.45133498000001, 37.59675977 ], [ 140.45121769, 37.59692299 ], [ 140.45112446, 37.59702766 ], [ 140.45101064, 37.59711287 ], [ 140.45080457, 37.59692839 ], [ 140.45059462, 37.59676688 ], [ 140.45021247, 37.59655727 ], [ 140.45016056, 37.59671058 ], [ 140.44992307000001, 37.5967708 ], [ 140.4498907, 37.5969226 ], [ 140.44983343000001, 37.59724559 ], [ 140.4498274, 37.5974913 ], [ 140.44983794000001, 37.59789489 ], [ 140.44925286, 37.59796313 ], [ 140.44888154, 37.59802166 ], [ 140.44832364000001, 37.59807159 ], [ 140.44810718, 37.59697343 ], [ 140.44807635000001, 37.59668864 ], [ 140.44788708, 37.59671172 ], [ 140.44780938, 37.59670903 ], [ 140.44771177000001, 37.59668434 ], [ 140.44749825, 37.59668995 ], [ 140.44732937000001, 37.59680417 ], [ 140.44739323, 37.59713117 ], [ 140.44738513, 37.59717317 ], [ 140.44736003, 37.5971985 ], [ 140.44730952, 37.59721552 ], [ 140.44725045000001, 37.5972192 ], [ 140.4470481, 37.5972387 ], [ 140.44686567, 37.59724894 ], [ 140.44684885000001, 37.59725916 ], [ 140.446828, 37.5972894 ], [ 140.44677394000001, 37.59738542 ], [ 140.44669489, 37.59752 ], [ 140.44661364000001, 37.5976515 ], [ 140.44653115, 37.59775513 ], [ 140.44641592, 37.59785315 ], [ 140.44626282, 37.59796644 ], [ 140.44615994, 37.59802737 ], [ 140.44620689000001, 37.59809429 ], [ 140.44614397000001, 37.59813488 ], [ 140.4460847, 37.59815194 ], [ 140.44599223, 37.59816087 ], [ 140.44581693000001, 37.59813489 ], [ 140.44568389, 37.5981222 ], [ 140.44538319, 37.59811954 ], [ 140.44528617, 37.59812343 ], [ 140.44505003, 37.59814479 ], [ 140.44498467, 37.59815188 ], [ 140.44494664000001, 37.59814363 ], [ 140.4449022, 37.5981288 ], [ 140.44485244000001, 37.59810808 ], [ 140.44475522, 37.59808831 ], [ 140.44468228, 37.59791073 ], [ 140.44459629, 37.59781868 ], [ 140.44444063, 37.59773318 ], [ 140.44440921, 37.59767787 ], [ 140.44446274000001, 37.59759129 ], [ 140.44457743000001, 37.59740584 ], [ 140.4446279, 37.59730899 ], [ 140.44462994, 37.59719593 ], [ 140.44459995, 37.59711443 ], [ 140.44450339, 37.59711493 ], [ 140.4442748, 37.59711301 ], [ 140.44409238, 37.59706468 ], [ 140.44390579, 37.59698864 ], [ 140.44366053, 37.59683574 ], [ 140.44351996, 37.59670075 ], [ 140.44344565, 37.59661483 ], [ 140.44339049000001, 37.59650122 ], [ 140.44332323, 37.59632586 ], [ 140.44316614, 37.59606466 ], [ 140.44308321, 37.5958708 ], [ 140.44299189, 37.59573766 ], [ 140.44302733000001, 37.59561429 ], [ 140.44300390000001, 37.59553458 ], [ 140.4429434, 37.59537904 ], [ 140.44288688, 37.59515815 ], [ 140.44285612, 37.59501513 ], [ 140.44285793, 37.59467778 ], [ 140.44287449000001, 37.59447482 ], [ 140.44295478000001, 37.59426406 ], [ 140.44299085, 37.59416856 ], [ 140.44298694, 37.59403665 ], [ 140.44294895, 37.59385354 ], [ 140.44290261, 37.59368173 ], [ 140.44285060000001, 37.59350967 ], [ 140.44281019, 37.59337584 ], [ 140.44281037, 37.59322491 ], [ 140.44284305, 37.59309958 ], [ 140.44290605, 37.59290032 ], [ 140.44296673, 37.59276372 ], [ 140.44304648, 37.59266095 ], [ 140.44315931, 37.59261067 ], [ 140.44323493, 37.59258113 ], [ 140.44332325, 37.59256392 ], [ 140.44339918, 37.59257254 ], [ 140.44349497, 37.5926078 ], [ 140.44357694000001, 37.59266778 ], [ 140.44360291000001, 37.59275029 ], [ 140.44360636, 37.5928308 ], [ 140.44366325, 37.59291766 ], [ 140.44374223, 37.59295301 ], [ 140.44381262, 37.59297729 ], [ 140.44386342000001, 37.59300603 ], [ 140.44396269000001, 37.59312181 ], [ 140.444116, 37.59331545 ], [ 140.44423791, 37.59345124 ], [ 140.44438220000001, 37.59357566 ], [ 140.44442309, 37.59359882 ], [ 140.444637, 37.59364685 ], [ 140.44481121000001, 37.59330847 ], [ 140.44486648, 37.59319864 ], [ 140.44488009, 37.59314282 ], [ 140.44491429000001, 37.59268985 ], [ 140.4452775, 37.59278864 ], [ 140.44535067000001, 37.59280614 ], [ 140.44546594, 37.59281666 ], [ 140.44585364, 37.59282141 ], [ 140.44596731, 37.59298174 ], [ 140.44600161, 37.59305308 ], [ 140.44600486, 37.59310446 ], [ 140.4459659, 37.59314943 ], [ 140.44584334000001, 37.59327974 ], [ 140.44582401, 37.59331785 ], [ 140.44583282, 37.59336694 ], [ 140.44586407, 37.59340705 ], [ 140.44594593, 37.59345351 ], [ 140.44604608, 37.59350775 ], [ 140.44616511000001, 37.5936368 ], [ 140.44616267000001, 37.59367933 ], [ 140.44614629, 37.59373743 ], [ 140.44615237, 37.59379329 ], [ 140.44616388, 37.59382674 ], [ 140.44619502, 37.59385347 ], [ 140.4462316, 37.5938644 ], [ 140.44632692, 37.59383715 ], [ 140.44658372000001, 37.59397886 ], [ 140.44665271, 37.59399976 ], [ 140.446796, 37.5940069 ], [ 140.44700648, 37.59397554 ], [ 140.44704003000001, 37.59395749 ], [ 140.44706640000001, 37.59392046 ], [ 140.44709869, 37.59374825 ], [ 140.44709983000001, 37.59354254 ], [ 140.44706993, 37.59349455 ], [ 140.44676383000001, 37.59318161 ], [ 140.44669687000001, 37.59311325 ], [ 140.44671814, 37.593074 ], [ 140.44677661, 37.59300879 ], [ 140.44684919, 37.59295477 ], [ 140.44691631000001, 37.59291866 ], [ 140.44699493, 37.592916 ], [ 140.44714435, 37.59298013 ], [ 140.44722584, 37.59298196 ], [ 140.44731131, 37.59295575 ], [ 140.44738718, 37.59295761 ], [ 140.44750541, 37.59298825 ], [ 140.44757278, 37.59298339 ], [ 140.44761477, 37.59296318 ], [ 140.44765912, 37.59289129 ], [ 140.44768015, 37.59271688 ], [ 140.44769385000001, 37.59267218 ], [ 140.44780268, 37.59258883 ], [ 140.44790358, 37.59255691 ], [ 140.44800458, 37.59254314 ], [ 140.44810856000001, 37.59254697 ], [ 140.44816496000001, 37.59257357 ], [ 140.44824979000001, 37.59264239 ], [ 140.44831221000001, 37.59271359 ], [ 140.44833529, 37.59278725 ], [ 140.44832178, 37.59285433 ], [ 140.44827202, 37.59295075 ], [ 140.44808507, 37.59327696 ], [ 140.44804232000001, 37.59336996 ], [ 140.44803161, 37.59343478 ], [ 140.44809976, 37.59352383 ], [ 140.4482013, 37.59357483 ], [ 140.44838985000001, 37.59361623 ], [ 140.44851904000001, 37.59360894 ], [ 140.44863115000001, 37.59357921 ], [ 140.44875921, 37.59344 ], [ 140.44882062, 37.59338829 ], [ 140.44890185, 37.59336323 ], [ 140.44941874, 37.59336054 ], [ 140.44959285, 37.59335512 ], [ 140.44989028000001, 37.59348437 ], [ 140.44957816, 37.59310375 ], [ 140.44943641, 37.59295018 ], [ 140.44934847, 37.59284786 ], [ 140.44927871, 37.59273531 ], [ 140.44915174, 37.59232471 ], [ 140.44906702, 37.59193178 ], [ 140.44824419, 37.59196282 ], [ 140.44649658, 37.59200415 ], [ 140.44649285, 37.59197981 ], [ 140.44648121, 37.59193059 ], [ 140.4465032, 37.59187233 ], [ 140.44658659000001, 37.59176687 ], [ 140.44663411, 37.59173537 ], [ 140.44663446000001, 37.59173508 ], [ 140.44672627, 37.59166787 ], [ 140.44730735, 37.59162022 ], [ 140.44767803, 37.59160478 ], [ 140.44788295000001, 37.59158808 ], [ 140.44801193000001, 37.59156066 ], [ 140.44813927000001, 37.59150072 ], [ 140.44824554, 37.59144428 ], [ 140.44834599000001, 37.59135872 ], [ 140.44843213, 37.59124887 ], [ 140.44847042000001, 37.59118208 ], [ 140.44848756, 37.59115242 ], [ 140.44850574, 37.59097563 ], [ 140.44849793, 37.59088078 ], [ 140.4484803, 37.59078696 ], [ 140.44840604000001, 37.59063755 ], [ 140.44818090000001, 37.59024521 ], [ 140.44778751000001, 37.5895913 ], [ 140.44720117, 37.58861641 ], [ 140.44692059, 37.58814509 ], [ 140.44689515, 37.58812284 ], [ 140.44687549, 37.58812519 ], [ 140.44668642, 37.58870286 ], [ 140.44645499000001, 37.58942267 ], [ 140.44641865, 37.58957068 ], [ 140.44636497, 37.58969655 ], [ 140.44622199, 37.58993044 ], [ 140.4459087, 37.59039443 ], [ 140.44527519, 37.59127133 ], [ 140.4452366, 37.59127407 ], [ 140.44473266, 37.5912626 ], [ 140.44394335000001, 37.5912001 ], [ 140.44313461, 37.59111981 ], [ 140.44315239, 37.59093007 ], [ 140.44322757, 37.59067344 ], [ 140.44326520000001, 37.59055287 ], [ 140.44339744000001, 37.59018852 ], [ 140.44378679, 37.58996996 ], [ 140.444138, 37.58960941 ], [ 140.44403416, 37.58950745 ], [ 140.44395618, 37.58942084 ], [ 140.44394297, 37.58937994 ], [ 140.44394265, 37.58934136 ], [ 140.44397444000001, 37.58929009 ], [ 140.44403219, 37.58926671 ], [ 140.44412868000001, 37.5892586 ], [ 140.44428644000001, 37.58925779 ], [ 140.44433139, 37.58924206 ], [ 140.44435863000001, 37.58919926 ], [ 140.44390332, 37.58912404 ], [ 140.44261342, 37.58888602 ], [ 140.44294071, 37.58837466 ], [ 140.44302373, 37.58822218 ], [ 140.44304007, 37.58815507 ], [ 140.4430219, 37.58799875 ], [ 140.44298894, 37.58791641 ], [ 140.44292886, 37.58783337 ], [ 140.44290481, 37.58780196 ], [ 140.44320223, 37.58759276 ], [ 140.44325583, 37.58755475 ], [ 140.44329464, 37.5875078 ], [ 140.44330238000001, 37.5874544 ], [ 140.44329046, 37.5873973 ], [ 140.44324756, 37.58734304 ], [ 140.44309204000001, 37.58720094 ], [ 140.44289566, 37.58706017 ], [ 140.44283609, 37.58669344 ], [ 140.44271718, 37.58668504 ], [ 140.44265916000001, 37.58650738 ], [ 140.44252935, 37.58655085 ], [ 140.44230376, 37.58664663 ], [ 140.4421181, 37.58677824 ], [ 140.44197624, 37.5869016 ], [ 140.44175966, 37.58706041 ], [ 140.441647, 37.58712406 ], [ 140.44145517000001, 37.58719474 ], [ 140.44105595, 37.58733534 ], [ 140.44072575000001, 37.58743616 ], [ 140.44059053000001, 37.58751105 ], [ 140.44051176, 37.58756552 ], [ 140.44049379, 37.58755829 ], [ 140.44013422, 37.58741442 ], [ 140.43993553000001, 37.5873366 ], [ 140.44001015000001, 37.58711996 ], [ 140.43969812, 37.58702258 ], [ 140.43949873, 37.58703375 ], [ 140.43904633, 37.58706986 ], [ 140.43884006, 37.58710471 ], [ 140.43770849000001, 37.58770071 ], [ 140.43756021, 37.58769852 ], [ 140.43711024000001, 37.58797522 ], [ 140.43694564, 37.58778726 ], [ 140.43690089, 37.58775497 ], [ 140.43673708, 37.58766443 ], [ 140.43662636, 37.58761417 ], [ 140.43699812, 37.58717638 ], [ 140.43707515, 37.58684568 ], [ 140.4372061, 37.5868826 ], [ 140.43751294, 37.58618552 ], [ 140.43732739000001, 37.58618478 ], [ 140.4372114, 37.58618763 ], [ 140.43709557, 37.5862106 ], [ 140.43699976, 37.58626333 ], [ 140.43683368000001, 37.58615985 ], [ 140.43692835, 37.5859172 ], [ 140.43703311, 37.58558623 ], [ 140.43702616, 37.58550446 ], [ 140.43704569, 37.58523967 ], [ 140.437074, 37.58515787 ], [ 140.4373305, 37.58517134 ], [ 140.43735086000001, 37.5849982 ], [ 140.43762852, 37.58498721 ], [ 140.43762947, 37.58480459 ], [ 140.43726438, 37.58476211 ], [ 140.43714184000001, 37.58463955 ], [ 140.43710853, 37.58460536 ], [ 140.43695890000001, 37.58462148 ], [ 140.43675545, 37.5842497 ], [ 140.43675194, 37.58411709 ], [ 140.4368036, 37.58383327 ], [ 140.43616715, 37.58362365 ], [ 140.43580099, 37.58348177 ], [ 140.43545832000001, 37.5833354 ], [ 140.43497396000001, 37.5831074 ], [ 140.43491078, 37.58337339 ], [ 140.43487648000001, 37.58362207 ], [ 140.4349068, 37.58377791 ], [ 140.4349658, 37.58389306 ], [ 140.43514898000001, 37.58410585 ], [ 140.43522263, 37.58423838 ], [ 140.43522343000001, 37.58433665 ], [ 140.43517671000001, 37.58448289 ], [ 140.43503108, 37.58479718 ], [ 140.4350175, 37.58490636 ], [ 140.43506665000001, 37.58517643 ], [ 140.43511894, 37.58538623 ], [ 140.43528255000001, 37.58575948 ], [ 140.43532868, 37.58585765 ], [ 140.43507689, 37.58579192 ], [ 140.43500876, 37.58576862 ], [ 140.43488065, 37.58567804 ], [ 140.434676, 37.58556757 ], [ 140.43453961, 37.58550407 ], [ 140.43430571, 37.58545795 ], [ 140.43418461, 37.58571523 ], [ 140.43404770000001, 37.58604679 ], [ 140.4340393, 37.58611315 ], [ 140.43405781000001, 37.58619809 ], [ 140.43414162, 37.58628031 ], [ 140.43422831000001, 37.58635083 ], [ 140.43424083, 37.58642876 ], [ 140.43422821, 37.58651978 ], [ 140.43418751, 37.58662868 ], [ 140.43411441000001, 37.58677322 ], [ 140.43396154000001, 37.58697027 ], [ 140.43373997, 37.58729874 ], [ 140.43377999000001, 37.5874734 ], [ 140.43378662000001, 37.5875608 ], [ 140.43311403000001, 37.58753776 ], [ 140.4330579, 37.58765335 ], [ 140.43230203, 37.58760821 ], [ 140.43234449, 37.58687404 ], [ 140.43239291, 37.58606818 ], [ 140.43035061, 37.58580063 ], [ 140.42860010000001, 37.58553706 ], [ 140.42821952, 37.58734184 ], [ 140.42765464, 37.58707958 ], [ 140.42733619000001, 37.58692604 ], [ 140.42665671, 37.58656213 ], [ 140.42645775, 37.58646078 ], [ 140.42574837000001, 37.58604676 ], [ 140.42542238, 37.58582848 ], [ 140.42523015, 37.58599939 ], [ 140.42518611, 37.58603495 ], [ 140.42504886, 37.58611209 ], [ 140.4249313, 37.58619096 ], [ 140.42481162000001, 37.58630912 ], [ 140.4247523, 37.58628 ], [ 140.42457007, 37.58643086 ], [ 140.42448209, 37.58651352 ], [ 140.42443074, 37.58655897 ], [ 140.42427883, 37.58664576 ], [ 140.42424206000001, 37.58667157 ], [ 140.42415931, 37.58678955 ], [ 140.42386574, 37.58717989 ], [ 140.42377542, 37.58728017 ], [ 140.42371429, 37.58732947 ], [ 140.42365794, 37.58736903 ], [ 140.42356971000001, 37.58741453 ], [ 140.42338332, 37.58750952 ], [ 140.42328777, 37.58757068 ], [ 140.42323647000001, 37.5876219 ], [ 140.42320974, 37.58766512 ], [ 140.42319742000001, 37.58778457 ], [ 140.42318587, 37.5878294 ], [ 140.42311421, 37.58796802 ], [ 140.42311512000001, 37.58808389 ], [ 140.42334494, 37.58860268 ], [ 140.42337967, 37.58867699 ], [ 140.42340997, 37.58875005 ], [ 140.42344345000001, 37.58885632 ], [ 140.4235635, 37.58890091 ], [ 140.42353651, 37.58897877 ], [ 140.42350398, 37.58937357 ], [ 140.42346503, 37.5898902 ], [ 140.42348016, 37.58993025 ], [ 140.42297637, 37.58989828 ], [ 140.42269545, 37.58989237 ], [ 140.42245098000001, 37.58991527 ], [ 140.42219779000001, 37.58998144 ], [ 140.42190785, 37.58998289 ], [ 140.42171389000001, 37.58999879 ], [ 140.42182024, 37.59050004 ], [ 140.42147928, 37.59054919 ], [ 140.42150822, 37.59078615 ], [ 140.42115526000001, 37.59082817 ], [ 140.42116066, 37.59092445 ], [ 140.42138603000001, 37.59146355 ], [ 140.42188309, 37.59139137 ], [ 140.42210277000001, 37.59123667 ], [ 140.42213644, 37.59108655 ], [ 140.4222721, 37.59088975 ], [ 140.42255779000001, 37.59087748 ], [ 140.42263166000001, 37.59077715 ], [ 140.42270512, 37.590703 ], [ 140.42281576, 37.5906436 ], [ 140.42298202000001, 37.59059123 ], [ 140.42314862000001, 37.59058294 ], [ 140.42340803, 37.59060374 ], [ 140.42372776, 37.59063902 ], [ 140.42409021, 37.59063974 ], [ 140.42417389, 37.59070563 ], [ 140.42424842, 37.59073835 ], [ 140.42462728000001, 37.5908457 ], [ 140.42482734000001, 37.59089495 ], [ 140.42489339, 37.59091307 ], [ 140.42494891000001, 37.5909815 ], [ 140.42504515, 37.59115334 ], [ 140.42508846000001, 37.59119874 ], [ 140.4252503, 37.59129198 ], [ 140.42502172, 37.59136141 ], [ 140.42498269000001, 37.59140441 ], [ 140.42499036000001, 37.59146702 ], [ 140.42506280000001, 37.59157197 ], [ 140.42508209, 37.59175138 ], [ 140.42584182, 37.59230017 ], [ 140.42592452, 37.59234256 ], [ 140.42596936000001, 37.59235233 ], [ 140.42625919, 37.59233665 ], [ 140.42633091, 37.59235051 ], [ 140.42638851000001, 37.59239006 ], [ 140.42641763, 37.59244693 ], [ 140.42644025000001, 37.59259494 ], [ 140.42645937, 37.59274591 ], [ 140.42643538, 37.59288274 ], [ 140.42636151, 37.59304545 ], [ 140.42634982000001, 37.59315518 ], [ 140.42632268, 37.5933406 ], [ 140.42631682000001, 37.59350578 ], [ 140.42634846000001, 37.5936581 ], [ 140.42635338, 37.59382604 ], [ 140.42630834, 37.59401437 ], [ 140.42630145000001, 37.59404848 ], [ 140.42610572000001, 37.59419476 ], [ 140.42606703000001, 37.59428619 ], [ 140.42605861000001, 37.59435029 ], [ 140.42610956, 37.59445549 ], [ 140.42616759000001, 37.5945491 ], [ 140.42641356, 37.59486409 ], [ 140.42646796, 37.59495223 ], [ 140.42649529, 37.59501334 ], [ 140.42654564, 37.59504152 ], [ 140.42664948000001, 37.59504381 ], [ 140.42675338000001, 37.59505469 ], [ 140.42688251000001, 37.59508826 ], [ 140.4269874, 37.59510152 ], [ 140.42705454, 37.5951102 ], [ 140.42716195, 37.59511247 ], [ 140.42726582, 37.59511195 ], [ 140.42732995, 37.59507741 ], [ 140.42739394, 37.59502021 ], [ 140.42742932, 37.59496301 ], [ 140.42748175, 37.59480322 ], [ 140.4275044, 37.59450393 ], [ 140.42754478000001, 37.59440263 ], [ 140.42761853, 37.59421993 ], [ 140.42765034000001, 37.59417134 ], [ 140.42773937000001, 37.59411387 ], [ 140.42782892, 37.59411637 ], [ 140.42789716, 37.59414728 ], [ 140.42804862, 37.59428041 ], [ 140.42814802000001, 37.59440381 ], [ 140.42826753, 37.59457427 ], [ 140.42830756000001, 37.5946508 ], [ 140.42846169000001, 37.59512589 ], [ 140.42850701, 37.59520113 ], [ 140.42860421, 37.59526329 ], [ 140.42876921000001, 37.5953023 ], [ 140.42893403, 37.59531864 ], [ 140.42904394000001, 37.59531203 ], [ 140.42880640000001, 37.59500096 ], [ 140.42876960000001, 37.5948795 ], [ 140.42881385000001, 37.59474271 ], [ 140.42895759000001, 37.59451221 ], [ 140.42900574000001, 37.59441608 ], [ 140.42901924, 37.59431155 ], [ 140.42902547, 37.59419367 ], [ 140.42898475000001, 37.59402394 ], [ 140.42893561, 37.59384763 ], [ 140.42870691, 37.59315285 ], [ 140.42858327, 37.59260847 ], [ 140.42851764, 37.59245492 ], [ 140.42851607, 37.59225753 ], [ 140.42855887, 37.59223831 ], [ 140.42893761, 37.5921567 ], [ 140.4292907, 37.59199244 ], [ 140.42934673, 37.59198554 ], [ 140.42959012, 37.59198811 ], [ 140.43006416, 37.59203034 ], [ 140.43008047000001, 37.59227903 ], [ 140.43047909000001, 37.59229405 ], [ 140.43043493, 37.59288968 ], [ 140.43043386, 37.59305484 ], [ 140.43044296, 37.59314687 ], [ 140.43045076000001, 37.59322652 ], [ 140.43003339000001, 37.59325722 ], [ 140.43001373000001, 37.59348709 ], [ 140.43047684000001, 37.59349995 ], [ 140.43055443, 37.59365527 ], [ 140.4305613, 37.59366875 ], [ 140.43123716, 37.59353114 ], [ 140.43122716, 37.59318175 ], [ 140.43098133000001, 37.59317356 ], [ 140.43101129, 37.59289337 ], [ 140.43102028000001, 37.59267397 ], [ 140.43102944, 37.59232645 ], [ 140.43175273, 37.59235685 ], [ 140.4317648, 37.59210181 ], [ 140.43213031, 37.592126 ], [ 140.4324127, 37.59215286 ], [ 140.43259989000001, 37.59216373 ], [ 140.43268199, 37.59216923 ], [ 140.43278111000001, 37.59433538 ], [ 140.43284037000001, 37.59425567 ], [ 140.43324083, 37.59393614 ], [ 140.4334513, 37.59380498 ], [ 140.43354181000001, 37.59377185 ], [ 140.43377543, 37.59374194 ], [ 140.43378922, 37.59350393 ], [ 140.43381053, 37.5934582 ], [ 140.43382814, 37.59344727 ], [ 140.43399517, 37.59341502 ], [ 140.43405803, 37.59339921 ], [ 140.43420398000001, 37.59332526 ], [ 140.43425823000001, 37.59334934 ], [ 140.4350125, 37.59361849 ], [ 140.43507764, 37.59353396 ], [ 140.43598455, 37.59378937 ], [ 140.43600391000001, 37.59355697 ], [ 140.43602855, 37.59341506 ], [ 140.43606981, 37.59328772 ], [ 140.43614858000001, 37.59316553 ], [ 140.43620636, 37.59309033 ], [ 140.43666662000001, 37.59256085 ], [ 140.43681368, 37.59238341 ], [ 140.43678536, 37.59233301 ], [ 140.43675924, 37.59224233 ], [ 140.43674856000001, 37.59217368 ], [ 140.43675081000001, 37.59214128 ], [ 140.43678092, 37.59209467 ], [ 140.43688202000001, 37.5920436 ], [ 140.43693005, 37.59202111 ], [ 140.43702645, 37.59201259 ], [ 140.4370913, 37.59200734 ], [ 140.43713298, 37.59200402 ], [ 140.43725492, 37.5920134 ], [ 140.43708067, 37.59259717 ], [ 140.43706094000001, 37.59266795 ], [ 140.43703681, 37.59282351 ], [ 140.4370171, 37.5928964 ], [ 140.43696582000001, 37.5929886 ], [ 140.43690601, 37.59313026 ], [ 140.43686111, 37.59322749 ], [ 140.43681898, 37.5933509 ], [ 140.43681716, 37.59344384 ], [ 140.43682581, 37.59356699 ], [ 140.43685835, 37.59366889 ], [ 140.4369173, 37.59373927 ], [ 140.43699362000001, 37.59375704 ], [ 140.43711540000001, 37.59375233 ], [ 140.43733584, 37.5937008 ], [ 140.43750790000001, 37.59363318 ], [ 140.43764957, 37.59357178 ], [ 140.43772175000001, 37.59354832 ], [ 140.43777739000001, 37.59352579 ], [ 140.43785305, 37.59346275 ], [ 140.4379433, 37.5933229 ], [ 140.43798052, 37.59321571 ], [ 140.43811419, 37.59264228 ], [ 140.43837851000001, 37.59252477 ], [ 140.43851945, 37.59267976 ], [ 140.43856792, 37.59273301 ], [ 140.43891640000001, 37.59311601 ], [ 140.43901371000001, 37.59322448 ], [ 140.43910024, 37.59324826 ], [ 140.43920186, 37.59325998 ], [ 140.43932358000001, 37.59324302 ], [ 140.43943484, 37.59319008 ], [ 140.43946833000001, 37.59293944 ], [ 140.43960031, 37.59293876 ], [ 140.43984426, 37.5929658 ], [ 140.43987586, 37.59297282 ], [ 140.43971802, 37.59367436 ], [ 140.43993503, 37.59368985 ], [ 140.44017181000001, 37.59371158 ], [ 140.44043455, 37.59373783 ], [ 140.44080568000001, 37.59378759 ], [ 140.44092999, 37.59381679 ], [ 140.44104175000001, 37.59389027 ], [ 140.4411888, 37.59400567 ], [ 140.44131029, 37.59408994 ], [ 140.44159490000001, 37.59420026 ], [ 140.44178643000001, 37.59425967 ], [ 140.4418145, 37.59425728 ], [ 140.44190677, 37.59428946 ], [ 140.44194939, 37.59437302 ], [ 140.44196585, 37.59447148 ], [ 140.44195843, 37.59453812 ], [ 140.44193153000001, 37.5945857 ], [ 140.44187751000001, 37.59466102 ], [ 140.44187043, 37.59470457 ], [ 140.44185581, 37.59489119 ], [ 140.44183474, 37.59504743 ], [ 140.44178899, 37.59521943 ], [ 140.44176993, 37.59531837 ], [ 140.44177045000001, 37.59538158 ], [ 140.44179545, 37.5954051 ], [ 140.44187634, 37.59542932 ], [ 140.44200068000001, 37.59545642 ], [ 140.44208022000001, 37.59547374 ], [ 140.44213246000001, 37.59548924 ], [ 140.44217513000001, 37.59554238 ], [ 140.44222048, 37.59562507 ], [ 140.44226118, 37.59574932 ], [ 140.44228544000001, 37.59605612 ], [ 140.44145147, 37.59585501 ], [ 140.44137914000001, 37.5958323 ], [ 140.44130945000001, 37.59577535 ], [ 140.44126560000001, 37.59570899 ], [ 140.44123880000001, 37.59560578 ], [ 140.44119682, 37.59541087 ], [ 140.44118302000001, 37.59528549 ], [ 140.44115802, 37.59527323 ], [ 140.44111956, 37.5952709 ], [ 140.4405037, 37.59532264 ], [ 140.44049559000001, 37.59539153 ], [ 140.44044192000001, 37.59553175 ], [ 140.44021683, 37.59605749 ], [ 140.4399106, 37.59671797 ], [ 140.43984408, 37.59669776 ], [ 140.43950896000001, 37.59664429 ], [ 140.43941664, 37.59664476 ], [ 140.43929859, 37.59667297 ], [ 140.43921385, 37.5967193 ], [ 140.43909196000001, 37.59680947 ], [ 140.43894850000001, 37.59691228 ], [ 140.43887664, 37.5969425 ], [ 140.43880461000001, 37.59695793 ], [ 140.43873396000001, 37.59695703 ], [ 140.43862547000001, 37.59692084 ], [ 140.43849222, 37.59685957 ], [ 140.43841929000001, 37.59682362 ], [ 140.43826028000001, 37.59683106 ], [ 140.43812163000001, 37.59682853 ], [ 140.43797458, 37.5968 ], [ 140.43780686, 37.59673272 ], [ 140.43713195000001, 37.59647994 ], [ 140.43688236, 37.596379 ], [ 140.43677409, 37.59635351 ], [ 140.4361102, 37.5961995 ], [ 140.43606937000001, 37.59619492 ], [ 140.43602565, 37.59620895 ], [ 140.4359892, 37.59624151 ], [ 140.43594278, 37.59630018 ], [ 140.43587477, 37.59646272 ], [ 140.43573821000001, 37.596852 ], [ 140.43567642, 37.5970276 ], [ 140.43568266, 37.59703897 ], [ 140.43597904000001, 37.59713305 ], [ 140.43578609, 37.5976054 ], [ 140.43574955, 37.59762178 ], [ 140.43555958, 37.59758066 ], [ 140.4354133, 37.59798871 ], [ 140.43451144, 37.59779466 ], [ 140.43395921000001, 37.59766992 ], [ 140.43398307000001, 37.59758406 ], [ 140.43418871, 37.59671841 ], [ 140.43423209, 37.59652883 ], [ 140.43392642000001, 37.59646323 ], [ 140.43379842, 37.59644938 ], [ 140.43367280000001, 37.59644453 ], [ 140.43350165000001, 37.59645625 ], [ 140.43327122, 37.59647741 ], [ 140.43296209, 37.59651447 ], [ 140.43287299, 37.5965076 ], [ 140.43155189000001, 37.5961991 ], [ 140.43113772000001, 37.5960904 ], [ 140.43092265000001, 37.59603518 ], [ 140.43076928, 37.59599048 ], [ 140.43061341000001, 37.59591497 ], [ 140.43042289, 37.5957888 ], [ 140.43033104, 37.59572563 ], [ 140.4301576, 37.59573749 ], [ 140.42950018, 37.59575532 ], [ 140.42930827000001, 37.59574179 ], [ 140.42921641000001, 37.59572199 ], [ 140.42838875000001, 37.59554301 ], [ 140.42832152, 37.59569948 ], [ 140.42782367000001, 37.59569116 ], [ 140.42779667, 37.59573846 ], [ 140.42773772000001, 37.59579691 ], [ 140.4276655, 37.59584345 ], [ 140.42778575, 37.59593408 ], [ 140.42783733, 37.59597268 ], [ 140.42787911, 37.59600935 ], [ 140.4279025, 37.5961917 ], [ 140.42792591, 37.59637602 ], [ 140.42798052000001, 37.59649035 ], [ 140.42807922, 37.59662965 ], [ 140.42811512, 37.59669452 ], [ 140.42813317, 37.59681678 ], [ 140.42811929000001, 37.59691202 ], [ 140.42813458000001, 37.59699346 ], [ 140.42818399000001, 37.59715498 ], [ 140.42825973000001, 37.59714404 ], [ 140.42851272, 37.59706124 ], [ 140.42858128, 37.59706638 ], [ 140.42865882000001, 37.59705501 ], [ 140.42873388000001, 37.59702014 ], [ 140.42879068, 37.59698169 ], [ 140.42885228, 37.59697237 ], [ 140.42905494, 37.59690222 ], [ 140.42922350000001, 37.59685589 ], [ 140.42929635, 37.59682651 ], [ 140.42935889, 37.59679255 ], [ 140.42950827000001, 37.59663016 ], [ 140.42958815, 37.59662427 ], [ 140.42961546000001, 37.59661512 ], [ 140.42974715, 37.59651984 ], [ 140.43011631, 37.59671057 ], [ 140.43016901, 37.59673395 ], [ 140.43021467, 37.59673555 ], [ 140.4303012, 37.59670245 ], [ 140.43059556, 37.5965382 ], [ 140.43068004, 37.59653608 ], [ 140.4307761, 37.59655559 ], [ 140.43084665000001, 37.59659394 ], [ 140.43094808000001, 37.59664918 ], [ 140.43201593000001, 37.59726056 ], [ 140.43330817, 37.59795609 ], [ 140.43318877, 37.59801034 ], [ 140.43289268000001, 37.59810816 ], [ 140.43289277, 37.59811914 ], [ 140.43365018, 37.5984595 ], [ 140.43369004, 37.59859193 ], [ 140.43373632000001, 37.59866434 ], [ 140.43378691000001, 37.59871138 ], [ 140.43386016, 37.59873269 ], [ 140.43397685, 37.59875941 ], [ 140.43415099000001, 37.59878935 ], [ 140.43415039000001, 37.59886412 ], [ 140.43416158, 37.59892347 ], [ 140.43415104, 37.59894394 ], [ 140.43405473000001, 37.59905411 ], [ 140.43393810000001, 37.59916691 ], [ 140.43386801, 37.59921993 ], [ 140.43384475, 37.59924891 ], [ 140.43382584, 37.59928984 ], [ 140.43379985000001, 37.59938092 ], [ 140.43376833, 37.59944401 ], [ 140.43374093, 37.59949174 ], [ 140.43367726, 37.59954472 ], [ 140.43356874, 37.59959976 ], [ 140.43356033000001, 37.59961501 ], [ 140.43354611000001, 37.59975038 ], [ 140.43370497000001, 37.59976802 ], [ 140.43401257, 37.59977954 ], [ 140.43403912, 37.59979249 ], [ 140.43404643, 37.599882 ], [ 140.43407967, 37.59990027 ], [ 140.43527529, 37.59994021 ], [ 140.43529692000001, 37.59975327 ], [ 140.43532661, 37.5997427 ], [ 140.43558752000001, 37.59970969 ], [ 140.43680588000001, 37.59957477 ], [ 140.43730873000001, 37.59982604 ], [ 140.43830705, 37.6003196 ], [ 140.43834452, 37.60035728 ], [ 140.43834468, 37.60037699 ], [ 140.4383449, 37.60040487 ], [ 140.43832347, 37.60043539 ], [ 140.4380836, 37.60065189 ], [ 140.43771573000001, 37.60099801 ], [ 140.4376872, 37.60104898 ], [ 140.43756001, 37.60115156 ], [ 140.43733206, 37.60131211 ], [ 140.43691936, 37.60150358 ], [ 140.43713141000001, 37.60170228 ], [ 140.43720662000001, 37.60175793 ], [ 140.43729255, 37.60181535 ], [ 140.43739112, 37.60184892 ], [ 140.43754329000001, 37.60190755 ], [ 140.43761186, 37.60192931 ], [ 140.43801367, 37.60194428 ], [ 140.4380966, 37.60202974 ], [ 140.43818051, 37.60209886 ], [ 140.43821488, 37.60212078 ], [ 140.43839485000001, 37.6021811 ], [ 140.43874666, 37.60235275 ], [ 140.43865206000001, 37.60241687 ], [ 140.43854582, 37.60248542 ], [ 140.43841886000001, 37.60263911 ], [ 140.43831727, 37.60276198 ], [ 140.4382373, 37.60291205 ], [ 140.43820729000001, 37.6031621 ], [ 140.43819557, 37.60329817 ], [ 140.43819550000001, 37.60329989 ], [ 140.43819202, 37.60338998 ], [ 140.43814597, 37.6035058 ], [ 140.43823577000001, 37.60351548 ], [ 140.43846219, 37.60350418 ], [ 140.43870979, 37.60347573 ], [ 140.43879337000001, 37.60346052 ], [ 140.4387883, 37.60386235 ], [ 140.43876231, 37.60427457 ], [ 140.43873982, 37.60443054 ], [ 140.44047505, 37.60464785 ], [ 140.44087, 37.604682 ], [ 140.44102399, 37.60469106 ], [ 140.44133207, 37.60467891 ], [ 140.44145658, 37.60460999 ], [ 140.44157558000001, 37.60466949 ], [ 140.44172001000001, 37.60486838 ], [ 140.44184953000001, 37.60495964 ], [ 140.44216394, 37.60517539 ], [ 140.44252489, 37.60537471 ], [ 140.44274398, 37.60546256 ], [ 140.44331892, 37.6056343 ], [ 140.44332972000001, 37.60560792 ], [ 140.4433837, 37.60547319 ], [ 140.44341622, 37.60540882 ], [ 140.44348143, 37.6053005 ], [ 140.44347357000001, 37.6052362 ], [ 140.44350116000001, 37.60479652 ] ] ] } },
{ "type": "Feature", "properties": { "DIDid": 721201, "行政コード": "07212", "市町村名称": "南相馬市", "DID符号": 1, "人口": 19265, "面積": 5.73, "前回人口": 22177, "前回面積": 6.13, "人口割合": 33.3, "面積割合": 1.4, "調査年度": 2015 }, "geometry": { "type": "Polygon", "coordinates": [ [ [ 140.94920685, 37.63338043 ], [ 140.94877088000001, 37.63314648 ], [ 140.94823930000001, 37.63280418 ], [ 140.94794242, 37.63255483 ], [ 140.94747823, 37.63232129 ], [ 140.94733917, 37.63262234 ], [ 140.9470804, 37.6331219 ], [ 140.94902092000001, 37.63386679 ], [ 140.94920685, 37.63338043 ] ] ] } },
{ "type": "Feature", "properties": { "DIDid": 721201, "行政コード": "07212", "市町村名称": "南相馬市", "DID符号": 1, "人口": 19265, "面積": 5.73, "前回人口": 22177, "前回面積": 6.13, "人口割合": 33.3, "面積割合": 1.4, "調査年度": 2015 }, "geometry": { "type": "Polygon", "coordinates": [ [ [ 140.94920685, 37.63338043 ], [ 140.95065728, 37.63411781 ], [ 140.95123704, 37.63423593 ], [ 140.95351794000001, 37.63462554 ], [ 140.95333559, 37.63536684 ], [ 140.95321748000001, 37.63573556 ], [ 140.95193032, 37.63555968 ], [ 140.95115717, 37.63543663 ], [ 140.95077506000001, 37.63540182 ], [ 140.95044134, 37.63537077 ], [ 140.95019988000001, 37.63539445 ], [ 140.95016886, 37.6354802 ], [ 140.95008356, 37.63552367 ], [ 140.94988673, 37.63602139 ], [ 140.94990907, 37.63607679 ], [ 140.94992051, 37.63611934 ], [ 140.94952841, 37.63703578 ], [ 140.95014278, 37.63741278 ], [ 140.95014983, 37.63740468 ], [ 140.95063735, 37.63768573 ], [ 140.95097818, 37.63783638 ], [ 140.95117255, 37.63789438 ], [ 140.95193835000001, 37.63806226 ], [ 140.95248733, 37.63815575 ], [ 140.9525222, 37.63870351 ], [ 140.95214491, 37.6391845 ], [ 140.9519858, 37.63952348 ], [ 140.95188311000001, 37.63951094 ], [ 140.95181908000001, 37.63947958 ], [ 140.95175494, 37.63943429 ], [ 140.95170091, 37.6393913 ], [ 140.95163830000001, 37.63934825 ], [ 140.95155563, 37.63931919 ], [ 140.95145303000001, 37.6393065 ], [ 140.95136196000001, 37.63929582 ], [ 140.95131272, 37.63928263 ], [ 140.95127279, 37.63925288 ], [ 140.95106897, 37.63909572 ], [ 140.95091755000001, 37.63900423 ], [ 140.95073106000001, 37.63888112 ], [ 140.95058192, 37.63879355 ], [ 140.9504685, 37.63873268 ], [ 140.95032191000001, 37.63867339 ], [ 140.95016259, 37.63863252 ], [ 140.95001062, 37.63859834 ], [ 140.94982688, 37.6385646 ], [ 140.94972960000001, 37.63854116 ], [ 140.94941757000001, 37.63844627 ], [ 140.94925941, 37.63838244 ], [ 140.94883756, 37.6381889 ], [ 140.94790993000001, 37.63777136 ], [ 140.94698918, 37.6373567 ], [ 140.94682736, 37.63800121 ], [ 140.94665626, 37.63861117 ], [ 140.94657452000001, 37.63895814 ], [ 140.94650688, 37.63921163 ], [ 140.94643566, 37.63949824 ], [ 140.94636575000001, 37.63978371 ], [ 140.94633258, 37.6399334 ], [ 140.94630733, 37.6400978 ], [ 140.94627691, 37.64034897 ], [ 140.94624058, 37.64080181 ], [ 140.94603417, 37.6407977 ], [ 140.94598323, 37.64161785 ], [ 140.94601267, 37.64179327 ], [ 140.94628266000001, 37.64239724 ], [ 140.94667633, 37.64307903 ], [ 140.94674484000001, 37.64303713 ], [ 140.94690235, 37.64296229 ], [ 140.94702861, 37.6429221 ], [ 140.947224, 37.64287662 ], [ 140.94721004, 37.64300219 ], [ 140.94724407000001, 37.64311126 ], [ 140.94729382, 37.64319428 ], [ 140.94721019, 37.6432787 ], [ 140.9471386, 37.643363 ], [ 140.94716021, 37.64345276 ], [ 140.94691612, 37.64362232 ], [ 140.94700792, 37.64381757 ], [ 140.94700385, 37.64394784 ], [ 140.94700683, 37.64414717 ], [ 140.94705613, 37.64425905 ], [ 140.94708508, 37.64431228 ], [ 140.94728701, 37.6442121 ], [ 140.94739755000001, 37.64417502 ], [ 140.94747717000001, 37.64415934 ], [ 140.94755849000001, 37.6441573 ], [ 140.94774331, 37.64418527 ], [ 140.94786927000001, 37.64422589 ], [ 140.94801607, 37.6443049 ], [ 140.94812012, 37.64423633 ], [ 140.94830527, 37.64417996 ], [ 140.94862907000001, 37.64419619 ], [ 140.9488759, 37.64420991 ], [ 140.94901767, 37.64422462 ], [ 140.94907078, 37.6442596 ], [ 140.94903974, 37.64434985 ], [ 140.94890052, 37.64450547 ], [ 140.94879065000001, 37.64468193 ], [ 140.94867425000001, 37.64468303 ], [ 140.94855469000001, 37.64467374 ], [ 140.94837463, 37.64464968 ], [ 140.94821604000001, 37.64459373 ], [ 140.94813006000001, 37.6445571 ], [ 140.94806747000001, 37.64450968 ], [ 140.94798972000001, 37.64443692 ], [ 140.94790187000001, 37.64451167 ], [ 140.94782745000001, 37.64467315 ], [ 140.94765879, 37.64474879 ], [ 140.94767625, 37.64496882 ], [ 140.94853179, 37.64499453 ], [ 140.94914701, 37.64503377 ], [ 140.95007391, 37.64508935 ], [ 140.95007362000001, 37.64506992 ], [ 140.95010566, 37.6447803 ], [ 140.95017235, 37.64410445 ], [ 140.95015929, 37.64377654 ], [ 140.95140034, 37.64375521 ], [ 140.95204324, 37.64375222 ], [ 140.95309445000001, 37.64374549 ], [ 140.95308368, 37.64423596 ], [ 140.95297766, 37.64525628 ], [ 140.95465721, 37.64534649 ], [ 140.95495672000001, 37.64536617 ], [ 140.95426737, 37.64577777 ], [ 140.95414807, 37.64677892 ], [ 140.95261989, 37.64714243 ], [ 140.95242237, 37.64718274 ], [ 140.95235712, 37.64781846 ], [ 140.95256366000001, 37.64783579 ], [ 140.95252273, 37.64821081 ], [ 140.95246938, 37.64896045 ], [ 140.9510523, 37.64940976 ], [ 140.95112214, 37.64946203 ], [ 140.95128182, 37.6495892 ], [ 140.95152313, 37.64977008 ], [ 140.9517189, 37.6498841 ], [ 140.95188153000001, 37.64993718 ], [ 140.95202145, 37.64996965 ], [ 140.95218389, 37.65000978 ], [ 140.95232161000001, 37.65002453 ], [ 140.95245117, 37.65003949 ], [ 140.95260911, 37.6500508 ], [ 140.95313536, 37.65008763 ], [ 140.95367173, 37.6501259 ], [ 140.95401588, 37.65015164 ], [ 140.95428297000001, 37.65016839 ], [ 140.95461931, 37.65021025 ], [ 140.95493562, 37.65026835 ], [ 140.95544876, 37.65038089 ], [ 140.95552221, 37.64959741 ], [ 140.95557126, 37.64908138 ], [ 140.95731269000001, 37.6492018 ], [ 140.95819267, 37.64925973 ], [ 140.95829734, 37.64822492 ], [ 140.95883246, 37.64825164 ], [ 140.95945983, 37.6481847 ], [ 140.95940297000001, 37.64774401 ], [ 140.95938614, 37.64762056 ], [ 140.95928618, 37.64653729 ], [ 140.95919295, 37.64567698 ], [ 140.95911662, 37.6449732 ], [ 140.95943975, 37.64516708 ], [ 140.95964375, 37.64526847 ], [ 140.95976427, 37.64533546 ], [ 140.95993316, 37.64545071 ], [ 140.96022507000001, 37.64574555 ], [ 140.96038589, 37.64588367 ], [ 140.96093484, 37.64649086 ], [ 140.96120813, 37.64677138 ], [ 140.96138831, 37.64697155 ], [ 140.96157793, 37.6471346 ], [ 140.96172645, 37.64723145 ], [ 140.96187824, 37.64732306 ], [ 140.96198570000001, 37.64735653 ], [ 140.96205946000001, 37.6473692 ], [ 140.9621531, 37.64737351 ], [ 140.96224986, 37.64736203 ], [ 140.96233649000001, 37.64734797 ], [ 140.96248332, 37.64732783 ], [ 140.96256992, 37.64731124 ], [ 140.96266045, 37.64732614 ], [ 140.96285271, 37.6474413 ], [ 140.96287583, 37.64742517 ], [ 140.96306125000001, 37.64753236 ], [ 140.96315218000001, 37.64757387 ], [ 140.96331661, 37.64762298 ], [ 140.96340062, 37.64764597 ], [ 140.96355526, 37.64770827 ], [ 140.96368625, 37.647747 ], [ 140.96372554000001, 37.6476934 ], [ 140.96385718, 37.64745435 ], [ 140.96412236, 37.64741591 ], [ 140.96424095, 37.64741336 ], [ 140.96421872, 37.64727279 ], [ 140.96500782000001, 37.64696098 ], [ 140.96516809, 37.64673615 ], [ 140.96570116000001, 37.64662206 ], [ 140.96625346, 37.64667252 ], [ 140.9663211, 37.64607393 ], [ 140.96644148, 37.64607278 ], [ 140.96651088, 37.6455778 ], [ 140.96655361000001, 37.64520936 ], [ 140.96659331000001, 37.64485152 ], [ 140.96665959000001, 37.64447751 ], [ 140.96674614, 37.6441271 ], [ 140.96676813, 37.64407113 ], [ 140.96677536000001, 37.64404736 ], [ 140.96767903, 37.64401578 ], [ 140.96795998, 37.64393739 ], [ 140.96796323000001, 37.64383268 ], [ 140.96797884, 37.64375529 ], [ 140.96799812, 37.64368263 ], [ 140.96801054, 37.64363197 ], [ 140.96804087000001, 37.64357636 ], [ 140.96809781, 37.64352138 ], [ 140.96826673000001, 37.64347034 ], [ 140.96875904000001, 37.64333284 ], [ 140.96871273, 37.64338369 ], [ 140.96891577, 37.64338173 ], [ 140.96914337000001, 37.64336983 ], [ 140.96918796, 37.6433801 ], [ 140.96928052000001, 37.64340131 ], [ 140.96952144, 37.64343855 ], [ 140.96973269, 37.64344652 ], [ 140.96984452000001, 37.64344206 ], [ 140.97001784, 37.64340083 ], [ 140.97015781, 37.64334359 ], [ 140.97032596, 37.64323651 ], [ 140.97039452000001, 37.64311731 ], [ 140.97044981, 37.64293558 ], [ 140.97053938, 37.64283588 ], [ 140.97070192000001, 37.64263341 ], [ 140.97095248, 37.64235265 ], [ 140.97107359, 37.64215058 ], [ 140.97114681, 37.64206427 ], [ 140.97127768, 37.64195094 ], [ 140.97150807, 37.64184988 ], [ 140.97178375, 37.6417353 ], [ 140.97199107, 37.64161306 ], [ 140.97222856, 37.64142633 ], [ 140.97237254000001, 37.64136567 ], [ 140.97230142000001, 37.64131694 ], [ 140.97042788, 37.64163306 ], [ 140.96915219, 37.64191215 ], [ 140.96883771, 37.64197895 ], [ 140.96884676, 37.64157409 ], [ 140.96885048, 37.64155111 ], [ 140.96952168000001, 37.64156436 ], [ 140.96956512, 37.64156239 ], [ 140.96956478000001, 37.64072244 ], [ 140.97168878, 37.64066565 ], [ 140.97190193, 37.64065866 ], [ 140.97195152, 37.64064833 ], [ 140.97214198, 37.64063987 ], [ 140.97217925000001, 37.64063951 ], [ 140.97290116, 37.64058157 ], [ 140.97432357, 37.64041957 ], [ 140.97446384, 37.6403885 ], [ 140.97493154, 37.64077101 ], [ 140.97514764, 37.64069683 ], [ 140.97529765, 37.64087291 ], [ 140.97513411, 37.64100951 ], [ 140.97525476000001, 37.6413147 ], [ 140.97524004, 37.64144001 ], [ 140.97532549, 37.64149324 ], [ 140.97540621, 37.64151569 ], [ 140.97548694, 37.64154405 ], [ 140.97557501, 37.6415722 ], [ 140.97572938, 37.64164026 ], [ 140.97585401000001, 37.64167974 ], [ 140.97597891000001, 37.64173076 ], [ 140.97608168, 37.64177045 ], [ 140.97627162000001, 37.64178016 ], [ 140.97646927, 37.64180724 ], [ 140.9766086, 37.64185235 ], [ 140.97687264000001, 37.64193103 ], [ 140.97698311, 37.64199388 ], [ 140.97713633000001, 37.64199239 ], [ 140.97728193, 37.64196198 ], [ 140.97745638000001, 37.64191382 ], [ 140.97780186, 37.64206717 ], [ 140.97843451, 37.64238034 ], [ 140.97894172, 37.64260757 ], [ 140.97947707, 37.64276498 ], [ 140.98001906, 37.64287586 ], [ 140.98048463000001, 37.64293962 ], [ 140.9807759, 37.64295832 ], [ 140.98104596, 37.64295569 ], [ 140.98166528, 37.64288011 ], [ 140.98293974000001, 37.64268185 ], [ 140.98340898000001, 37.64257 ], [ 140.98326302000001, 37.64210119 ], [ 140.98319770000001, 37.64165482 ], [ 140.98316696000001, 37.64108042 ], [ 140.98308587, 37.64103475 ], [ 140.98298257, 37.64096029 ], [ 140.98282702, 37.64058154 ], [ 140.98269138000001, 37.64030424 ], [ 140.98264442000001, 37.64010153 ], [ 140.98263475, 37.63994479 ], [ 140.98263905, 37.63975328 ], [ 140.98265132, 37.63960223 ], [ 140.98263466, 37.63946892 ], [ 140.9825568, 37.63915615 ], [ 140.98242743, 37.63880909 ], [ 140.98215101, 37.63811713 ], [ 140.98144165, 37.63642697 ], [ 140.98141686, 37.63629657 ], [ 140.98117944000001, 37.63504795 ], [ 140.98204299, 37.63491931 ], [ 140.98185072000001, 37.63405209 ], [ 140.98289237, 37.63393029 ], [ 140.98306496000001, 37.63394635 ], [ 140.98338891, 37.63405949 ], [ 140.98407193, 37.63413026 ], [ 140.98474029, 37.63422511 ], [ 140.98506268, 37.63362445 ], [ 140.98555742, 37.63291047 ], [ 140.98454670000001, 37.63296496 ], [ 140.98380561, 37.633014 ], [ 140.98376014, 37.63189249 ], [ 140.98422569, 37.63171816 ], [ 140.9847132, 37.63149293 ], [ 140.98520438, 37.63127653 ], [ 140.98583571, 37.63103947 ], [ 140.98646246000001, 37.63086046 ], [ 140.98724613, 37.63065316 ], [ 140.98770543000001, 37.63056237 ], [ 140.98820817000001, 37.63000161 ], [ 140.98788594000001, 37.62999885 ], [ 140.98732789, 37.63025167 ], [ 140.98692888, 37.63037764 ], [ 140.98697494000001, 37.63044871 ], [ 140.98652748000001, 37.63058416 ], [ 140.98648253, 37.6305846 ], [ 140.98603615, 37.63055024 ], [ 140.98558212, 37.63050709 ], [ 140.98518301, 37.63050056 ], [ 140.98472484000001, 37.63043056 ], [ 140.98411639, 37.63033808 ], [ 140.98369621000001, 37.6302974 ], [ 140.98323590000001, 37.63020813 ], [ 140.98248633, 37.6301946 ], [ 140.98227485000001, 37.63008938 ], [ 140.98194684000001, 37.63007919 ], [ 140.981261, 37.63007095 ], [ 140.98048066000001, 37.62999505 ], [ 140.98035479000001, 37.62994897 ], [ 140.97944583, 37.63073525 ], [ 140.97943262000001, 37.63148198 ], [ 140.97879564, 37.63228518 ], [ 140.97978225, 37.63195291 ], [ 140.9797839, 37.63287689 ], [ 140.9761284, 37.63427929 ], [ 140.97600947000001, 37.63511772 ], [ 140.97490239000001, 37.63599598 ], [ 140.97439819, 37.63564959 ], [ 140.97500159000001, 37.63512847 ], [ 140.97492222, 37.63506686 ], [ 140.97511261, 37.63486975 ], [ 140.97499611000001, 37.63477105 ], [ 140.97530056, 37.63451398 ], [ 140.97502295000001, 37.63454187 ], [ 140.97414745, 37.63462975 ], [ 140.97357652, 37.63382756 ], [ 140.97525893, 37.63329487 ], [ 140.97605618, 37.63304583 ], [ 140.97567022000001, 37.63250218 ], [ 140.97435541, 37.63306779 ], [ 140.97409605000001, 37.63249503 ], [ 140.97405065000001, 37.63228781 ], [ 140.97405652, 37.63221468 ], [ 140.97402086, 37.63219264 ], [ 140.97393794000001, 37.63219344 ], [ 140.9739591, 37.63207244 ], [ 140.97404272, 37.63200715 ], [ 140.97414485, 37.63198926 ], [ 140.97425727000001, 37.63195453 ], [ 140.97426033, 37.63192367 ], [ 140.9742599, 37.63189002 ], [ 140.97428731, 37.63184752 ], [ 140.97435751, 37.63181882 ], [ 140.97442416000001, 37.63179016 ], [ 140.97442348000001, 37.63174526 ], [ 140.97417138, 37.63165224 ], [ 140.97385576, 37.63144059 ], [ 140.97373517, 37.63117228 ], [ 140.97363995000001, 37.63094301 ], [ 140.97339866, 37.63063096 ], [ 140.97304971, 37.63076766 ], [ 140.9729822, 37.6307403 ], [ 140.97287243, 37.63071053 ], [ 140.9727279, 37.63072304 ], [ 140.97141042000001, 37.63088739 ], [ 140.97154911000001, 37.63122803 ], [ 140.97180996, 37.63149442 ], [ 140.97161719, 37.63155359 ], [ 140.97144662, 37.63189946 ], [ 140.97143859, 37.63225447 ], [ 140.97156484000001, 37.63267872 ], [ 140.97155263, 37.63278921 ], [ 140.97167199, 37.6332255 ], [ 140.97176598, 37.63362429 ], [ 140.97205866, 37.63360358 ], [ 140.97211878, 37.63422924 ], [ 140.9717604, 37.63428929 ], [ 140.97117915000001, 37.63430208 ], [ 140.97068777000001, 37.63448506 ], [ 140.97043111, 37.63457933 ], [ 140.97040651, 37.63453381 ], [ 140.97038646, 37.63448444 ], [ 140.97037618, 37.63443104 ], [ 140.9703802, 37.63438145 ], [ 140.96996199, 37.63368758 ], [ 140.9708063, 37.6333973 ], [ 140.97078139000001, 37.63333658 ], [ 140.97066031, 37.63326144 ], [ 140.97053019000001, 37.63322074 ], [ 140.97034742, 37.63318054 ], [ 140.97019318, 37.63312487 ], [ 140.97005312, 37.63306526 ], [ 140.96986487000001, 37.63297922 ], [ 140.96965699, 37.6328707 ], [ 140.96951169, 37.63276919 ], [ 140.96942447000001, 37.63270892 ], [ 140.96932312000001, 37.63266809 ], [ 140.96916894, 37.63261607 ], [ 140.96906287, 37.63257894 ], [ 140.96894246, 37.63254208 ], [ 140.96884376, 37.63251825 ], [ 140.96876144000001, 37.63246555 ], [ 140.96864324000001, 37.63257354 ], [ 140.96859131, 37.6326274 ], [ 140.96855853, 37.63267727 ], [ 140.96848733, 37.63272752 ], [ 140.96838225, 37.63275528 ], [ 140.96832502000001, 37.63277484 ], [ 140.9682436, 37.63277562 ], [ 140.96814254, 37.63275378 ], [ 140.96794029, 37.63301506 ], [ 140.96791317, 37.63302448 ], [ 140.9669485, 37.63306641 ], [ 140.96691983, 37.63306669 ], [ 140.96687857000001, 37.6330309 ], [ 140.96679178, 37.63300498 ], [ 140.96667054, 37.63299475 ], [ 140.96655178, 37.63298448 ], [ 140.96529731000001, 37.63278689 ], [ 140.96507499000001, 37.6327534 ], [ 140.9652281, 37.63187932 ], [ 140.96466601, 37.63187585 ], [ 140.96446581000001, 37.63190001 ], [ 140.96429521, 37.63185659 ], [ 140.9641035, 37.6318452 ], [ 140.96421482, 37.63172699 ], [ 140.96423012, 37.63148694 ], [ 140.96425095000001, 37.6313727 ], [ 140.96428513000001, 37.63108221 ], [ 140.96430276000001, 37.63107767 ], [ 140.96428547, 37.63016045 ], [ 140.96300122, 37.63041717 ], [ 140.96260480000001, 37.62959551 ], [ 140.96218284, 37.62870456 ], [ 140.96354388, 37.62852342 ], [ 140.96333246, 37.62830919 ], [ 140.9632641, 37.62814315 ], [ 140.96322286, 37.62793335 ], [ 140.96076740000001, 37.62826292 ], [ 140.96075275000001, 37.62816634 ], [ 140.96073575, 37.62795531 ], [ 140.96127580000001, 37.62794297 ], [ 140.96195459, 37.62787566 ], [ 140.961811, 37.62732344 ], [ 140.96184266, 37.62732173 ], [ 140.96162981000001, 37.62641483 ], [ 140.96223742000001, 37.62631145 ], [ 140.96220479, 37.62614971 ], [ 140.96214303, 37.6259577 ], [ 140.96149125, 37.6249953 ], [ 140.96126557, 37.62505378 ], [ 140.96017703000001, 37.62562466 ], [ 140.96017082, 37.62562937 ], [ 140.95935117, 37.62626104 ], [ 140.95874789000001, 37.62652177 ], [ 140.95858904, 37.62649329 ], [ 140.95827360000001, 37.62636917 ], [ 140.9570616, 37.62619052 ], [ 140.95697253, 37.62551839 ], [ 140.956668, 37.62342704 ], [ 140.95638564000001, 37.62145586 ], [ 140.95621795, 37.62140367 ], [ 140.95545521, 37.62202816 ], [ 140.9539273, 37.62083345 ], [ 140.9538048, 37.62092077 ], [ 140.95290216000001, 37.62163541 ], [ 140.95136397, 37.62043105 ], [ 140.95226175, 37.61971014 ], [ 140.95072607, 37.61846872 ], [ 140.94924809, 37.61728404 ], [ 140.94903863, 37.61742568 ], [ 140.94800837, 37.61823582 ], [ 140.94774088, 37.61846206 ], [ 140.94693495000001, 37.61908943 ], [ 140.94631242, 37.61958962 ], [ 140.94620163, 37.61967852 ], [ 140.94618651, 37.61969091 ], [ 140.94598493000001, 37.6198568 ], [ 140.94466441, 37.62094351 ], [ 140.94541736, 37.62154462 ], [ 140.94768701000001, 37.61968983 ], [ 140.94843393, 37.6202945 ], [ 140.94703098, 37.62140648 ], [ 140.94855698000001, 37.62263973 ], [ 140.94840955000001, 37.62275854 ], [ 140.94826527000001, 37.62286902 ], [ 140.94762531000001, 37.6233232 ], [ 140.94615762000001, 37.62214866 ], [ 140.94614606, 37.62213919 ], [ 140.94554943, 37.6226145 ], [ 140.94387526, 37.62396496 ], [ 140.94415257, 37.62419324 ], [ 140.94494879000001, 37.62483336 ], [ 140.94603177, 37.625699 ], [ 140.94682454, 37.62632535 ], [ 140.94727282, 37.62669322 ], [ 140.94703098, 37.62690922 ], [ 140.94698062000001, 37.62696221 ], [ 140.94685444000001, 37.62718895 ], [ 140.94653286, 37.62796829 ], [ 140.94618537, 37.62884967 ], [ 140.94765530000001, 37.62914736 ], [ 140.94821476000001, 37.62926639 ], [ 140.950084, 37.62967276 ], [ 140.95104959, 37.6299069 ], [ 140.95103317, 37.62991593 ], [ 140.95099766000001, 37.62996216 ], [ 140.95089155, 37.63010973 ], [ 140.95070124, 37.63042746 ], [ 140.95063879, 37.63065444 ], [ 140.95040631000001, 37.63057386 ], [ 140.9500669, 37.63065718 ], [ 140.95003856, 37.63064436 ], [ 140.94998237, 37.63065094 ], [ 140.94995557, 37.6306405 ], [ 140.94992824, 37.63059486 ], [ 140.94990155, 37.63059159 ], [ 140.94975188000001, 37.63063257 ], [ 140.94971807, 37.63066189 ], [ 140.949719, 37.63072369 ], [ 140.94966745, 37.63078035 ], [ 140.94953666000001, 37.63080609 ], [ 140.94945569000001, 37.63087767 ], [ 140.94931613, 37.63115648 ], [ 140.9491316, 37.63116907 ], [ 140.94910996, 37.6312491 ], [ 140.94911511000001, 37.63128538 ], [ 140.94916805, 37.63131571 ], [ 140.94937668, 37.63139356 ], [ 140.9496108, 37.6314892 ], [ 140.94980156, 37.63159073 ], [ 140.94988704, 37.63166074 ], [ 140.94988307, 37.63170245 ], [ 140.94991561000001, 37.63174212 ], [ 140.95007268000001, 37.63181235 ], [ 140.94971358000001, 37.63249294 ], [ 140.94920685, 37.63338043 ] ] ] } },
{ "type": "Feature", "properties": { "DIDid": 721301, "行政コード": "07213", "市町村名称": "伊達市", "DID符号": 1, "人口": 10640, "面積": 2.12, "前回人口": 10643, "前回面積": 2.15, "人口割合": 17.1, "面積割合": 0.8, "調査年度": 2015 }, "geometry": { "type": "Polygon", "coordinates": [ [ [ 140.55911032, 37.82907494 ], [ 140.55986602, 37.82852488 ], [ 140.56022838000001, 37.82871974 ], [ 140.56052921, 37.82837324 ], [ 140.56128041, 37.82747054 ], [ 140.5615258, 37.82653801 ], [ 140.56169957, 37.82590229 ], [ 140.56188876, 37.82519269 ], [ 140.5621816, 37.82412345 ], [ 140.56222706, 37.82386005 ], [ 140.56213306000001, 37.82368127 ], [ 140.56195351, 37.82330494 ], [ 140.56187098000001, 37.82311102 ], [ 140.56178469, 37.82286842 ], [ 140.56174824, 37.82277137 ], [ 140.56170915000001, 37.82273064 ], [ 140.56162425, 37.82262882 ], [ 140.56156197000001, 37.82252685 ], [ 140.56151866, 37.82238634 ], [ 140.56151692, 37.8222098 ], [ 140.56258268, 37.82203764 ], [ 140.56249673, 37.82195173 ], [ 140.56229812000001, 37.82166689 ], [ 140.56245060000001, 37.82165525 ], [ 140.56212403000001, 37.8211993 ], [ 140.56169959, 37.82057164 ], [ 140.56135337000001, 37.82010595 ], [ 140.56122895, 37.81992947 ], [ 140.56108793000001, 37.81971002 ], [ 140.56100384000001, 37.81953329 ], [ 140.56098638, 37.81946808 ], [ 140.56098606, 37.81946681 ], [ 140.56094646, 37.81931951 ], [ 140.56090133000001, 37.81902569 ], [ 140.56088729000001, 37.81858991 ], [ 140.5608974, 37.81828195 ], [ 140.56091358, 37.81778883 ], [ 140.56093358000001, 37.81710984 ], [ 140.56093918, 37.81692073 ], [ 140.56079811000001, 37.8168415 ], [ 140.5608346, 37.81593068 ], [ 140.56084873, 37.81433916 ], [ 140.56089750000001, 37.81391031 ], [ 140.55972466, 37.81466639 ], [ 140.55948856000001, 37.81482186 ], [ 140.55836672000001, 37.81557705 ], [ 140.55835311000001, 37.81556981 ], [ 140.55796243, 37.81580578 ], [ 140.55795678000001, 37.81580905 ], [ 140.55791867, 37.8158321 ], [ 140.55721534, 37.81628173 ], [ 140.55720925, 37.81628556 ], [ 140.5563033, 37.81686469 ], [ 140.55595980000001, 37.81707699 ], [ 140.55464463000001, 37.81720994 ], [ 140.55500065000001, 37.81640571 ], [ 140.55548349, 37.81529449 ], [ 140.55409888, 37.8151812 ], [ 140.55351496, 37.81513338 ], [ 140.55294365, 37.81508662 ], [ 140.55276987, 37.81507755 ], [ 140.55273469, 37.81409142 ], [ 140.55285039, 37.8139543 ], [ 140.55282125, 37.8139549 ], [ 140.55347625, 37.81304522 ], [ 140.55335839, 37.81298386 ], [ 140.55247443, 37.81251777 ], [ 140.55174676, 37.81214224 ], [ 140.55145231, 37.81198101 ], [ 140.55109892, 37.81179015 ], [ 140.55089977, 37.81169844 ], [ 140.55067045000001, 37.81159327 ], [ 140.5502841, 37.81141612 ], [ 140.54983834000001, 37.81122399 ], [ 140.54946755, 37.81109039 ], [ 140.54894781, 37.8108728 ], [ 140.54894278, 37.810783 ], [ 140.54926185, 37.81085329 ], [ 140.54944859, 37.81085905 ], [ 140.54961121, 37.81085313 ], [ 140.54979148000001, 37.81084669 ], [ 140.55026673, 37.81082141 ], [ 140.55023653000001, 37.81017215 ], [ 140.55016216000001, 37.80878121 ], [ 140.55014904000001, 37.80878157 ], [ 140.54975402, 37.80879299 ], [ 140.54948917, 37.80880234 ], [ 140.54883390000001, 37.80882562 ], [ 140.54815365, 37.80884862 ], [ 140.54818801, 37.80964131 ], [ 140.54825909, 37.81045125 ], [ 140.54833053, 37.81088528 ], [ 140.54768135, 37.8109261 ], [ 140.54789302, 37.81184724 ], [ 140.54797267000001, 37.81216142 ], [ 140.54815681, 37.81291899 ], [ 140.54821438, 37.81315558 ], [ 140.54854815, 37.81441724 ], [ 140.548522, 37.81441072 ], [ 140.54791869, 37.81426043 ], [ 140.54783986000001, 37.81427512 ], [ 140.54783946000001, 37.8142752 ], [ 140.54715178000001, 37.81440192 ], [ 140.54714996000001, 37.81440226 ], [ 140.54705705000001, 37.81441939 ], [ 140.54627962000001, 37.81465288 ], [ 140.54603090000001, 37.81479574 ], [ 140.54589278, 37.81496101 ], [ 140.54573678, 37.81514413 ], [ 140.54564301, 37.81523424 ], [ 140.54529523, 37.81539177 ], [ 140.54525570000001, 37.81615774 ], [ 140.54523444, 37.81656854 ], [ 140.54521064, 37.81713886 ], [ 140.54518492, 37.81763824 ], [ 140.54518024000001, 37.81772893 ], [ 140.54513786000001, 37.81824066 ], [ 140.54512168, 37.81843547 ], [ 140.54509806, 37.81878954 ], [ 140.54511844000001, 37.81903607 ], [ 140.54517887, 37.8192252 ], [ 140.54518073, 37.81922914 ], [ 140.54525934, 37.81939464 ], [ 140.54535598000001, 37.81959778 ], [ 140.54541192, 37.81979059 ], [ 140.54538154, 37.81991227 ], [ 140.54533765, 37.81998575 ], [ 140.54531940000001, 37.82001627 ], [ 140.54513172, 37.82018198 ], [ 140.54483182000001, 37.82039835 ], [ 140.5445794, 37.820634 ], [ 140.54450823, 37.82073087 ], [ 140.54450868000001, 37.82077747 ], [ 140.54463538, 37.82082668 ], [ 140.54478934, 37.82090445 ], [ 140.54487565, 37.82097544 ], [ 140.5449394, 37.8210394 ], [ 140.54491102, 37.82106364 ], [ 140.54497148, 37.82123743 ], [ 140.54516707, 37.82158933 ], [ 140.54525756000001, 37.82181277 ], [ 140.54493782, 37.82211655 ], [ 140.54472630000001, 37.82227354 ], [ 140.54459876000001, 37.82235962 ], [ 140.54445332, 37.82241555 ], [ 140.54435458, 37.82244106 ], [ 140.54423797000001, 37.82331477 ], [ 140.54422746, 37.82339354 ], [ 140.54413451, 37.82441662 ], [ 140.54412929, 37.8246954 ], [ 140.54461447, 37.82444764 ], [ 140.54513854000001, 37.824166 ], [ 140.54547938, 37.82398388 ], [ 140.54604695, 37.82466324 ], [ 140.54633996000001, 37.82484491 ], [ 140.54726881, 37.82545422 ], [ 140.54862178, 37.82631478 ], [ 140.54873812, 37.82638841 ], [ 140.548745, 37.82639287 ], [ 140.54973065, 37.82701674 ], [ 140.55091124, 37.8277626 ], [ 140.55203433, 37.82848951 ], [ 140.55259, 37.82701055 ], [ 140.5528478, 37.82627493 ], [ 140.55292081, 37.82603881 ], [ 140.55298997, 37.82583608 ], [ 140.55299101, 37.82572823 ], [ 140.55291974, 37.82528069 ], [ 140.55287506, 37.82498898 ], [ 140.55379658000001, 37.82468811 ], [ 140.55387814, 37.82490315 ], [ 140.5539545, 37.82522635 ], [ 140.554103, 37.82587234 ], [ 140.55415048, 37.82607731 ], [ 140.55422307000001, 37.82639096 ], [ 140.5542375, 37.82658332 ], [ 140.55418062000001, 37.82675289 ], [ 140.55409952, 37.82701877 ], [ 140.55399785, 37.82731799 ], [ 140.55388472000001, 37.82772682 ], [ 140.55428288, 37.82780392 ], [ 140.55413774, 37.82799558 ], [ 140.554344, 37.8288034 ], [ 140.55559397, 37.82859793 ], [ 140.55538983, 37.8278633 ], [ 140.55516926000001, 37.82766868 ], [ 140.55469786, 37.82726147 ], [ 140.5547785, 37.82715398 ], [ 140.55500191, 37.82689709 ], [ 140.55520148, 37.8267731 ], [ 140.55552848, 37.8266334 ], [ 140.55561046, 37.82662206 ], [ 140.55567888, 37.82661249 ], [ 140.55579621000001, 37.82663176 ], [ 140.55625406, 37.82682802 ], [ 140.55649945, 37.82693758 ], [ 140.55679917000001, 37.82822546 ], [ 140.5575118, 37.82881449 ], [ 140.55840209, 37.82958219 ], [ 140.55911032, 37.82907494 ] ] ] } },
{ "type": "Feature", "properties": { "DIDid": 721302, "行政コード": "07213", "市町村名称": "伊達市", "DID符号": 2, "人口": 5264, "面積": 1.33, "前回人口": 5554, "前回面積": 1.38, "人口割合": 8.4, "面積割合": 0.5, "調査年度": 2015 }, "geometry": { "type": "Polygon", "coordinates": [ [ [ 140.60823985, 37.8643176 ], [ 140.60954194000001, 37.86416306 ], [ 140.60954717000001, 37.86419569 ], [ 140.61042538000001, 37.86408374 ], [ 140.61033044000001, 37.86360896 ], [ 140.6109969, 37.86351614 ], [ 140.61108544000001, 37.86352626 ], [ 140.61122256, 37.86353675 ], [ 140.61131322, 37.86352095 ], [ 140.61140035, 37.86347237 ], [ 140.61157086, 37.86318081 ], [ 140.61161517, 37.86314772 ], [ 140.61169152, 37.86313834 ], [ 140.61176867, 37.86312967 ], [ 140.61171362, 37.86274218 ], [ 140.61176009, 37.86254295 ], [ 140.61168038, 37.86238567 ], [ 140.61159587, 37.862227 ], [ 140.61145776000001, 37.86174363 ], [ 140.61136908, 37.86141649 ], [ 140.61136344, 37.86126054 ], [ 140.61132293, 37.8610385 ], [ 140.61105712, 37.8610663 ], [ 140.61079639, 37.86112843 ], [ 140.61061579, 37.86121311 ], [ 140.61055036, 37.86120481 ], [ 140.61043472, 37.86126034 ], [ 140.61032332, 37.8613647 ], [ 140.61024126000001, 37.8615063 ], [ 140.61014649000001, 37.86163785 ], [ 140.60999799000001, 37.86180214 ], [ 140.60988626, 37.86192606 ], [ 140.60969581000001, 37.86211145 ], [ 140.60961451, 37.86214803 ], [ 140.60947644000001, 37.86230858 ], [ 140.60931302, 37.86248085 ], [ 140.60920815, 37.86252195 ], [ 140.60913568000001, 37.86219145 ], [ 140.60911166, 37.86197566 ], [ 140.60908458, 37.86181464 ], [ 140.60906456000001, 37.86164218 ], [ 140.60905155, 37.86143503 ], [ 140.6090348, 37.8608796 ], [ 140.60901266, 37.86071516 ], [ 140.60899565, 37.86059152 ], [ 140.60899125, 37.86054481 ], [ 140.6089687, 37.86052003 ], [ 140.60890952, 37.86050691 ], [ 140.60881766, 37.86049287 ], [ 140.60881154, 37.860282 ], [ 140.60880741, 37.8599554 ], [ 140.60927997, 37.85990021 ], [ 140.60930613, 37.85989694 ], [ 140.60960449000001, 37.85988427 ], [ 140.60968428000001, 37.85988079 ], [ 140.60994072, 37.85990908 ], [ 140.61001077, 37.85990862 ], [ 140.61038802, 37.85983277 ], [ 140.61085335000001, 37.85972284 ], [ 140.61097582, 37.86035079 ], [ 140.61100686, 37.86037269 ], [ 140.61103771000001, 37.86037685 ], [ 140.61108111, 37.86037558 ], [ 140.61122366000001, 37.86035465 ], [ 140.61165981, 37.86028953 ], [ 140.61182484, 37.8602707 ], [ 140.61210991, 37.86021771 ], [ 140.61225373, 37.8601824 ], [ 140.61253564, 37.8600917 ], [ 140.61274773, 37.86003046 ], [ 140.61290388, 37.85996058 ], [ 140.61313002, 37.85986799 ], [ 140.61300664000001, 37.85972788 ], [ 140.61285139, 37.85952969 ], [ 140.61270193, 37.85930711 ], [ 140.61252826, 37.85901106 ], [ 140.61216774, 37.85843298 ], [ 140.61218246000001, 37.85843133 ], [ 140.61209884, 37.85827223 ], [ 140.61209118, 37.85822019 ], [ 140.61213542, 37.85818836 ], [ 140.61228499000001, 37.85815203 ], [ 140.61227543000001, 37.85813731 ], [ 140.61244121, 37.85808047 ], [ 140.61272339000001, 37.85796526 ], [ 140.6129664, 37.85789861 ], [ 140.61323861, 37.85783092 ], [ 140.61413144, 37.8576317 ], [ 140.61443158, 37.85754341 ], [ 140.61460662, 37.857481 ], [ 140.61470959, 37.85747103 ], [ 140.6148103, 37.85747402 ], [ 140.61497659, 37.85746545 ], [ 140.61513568000001, 37.85744778 ], [ 140.61537079, 37.85741553 ], [ 140.61540949, 37.85741429 ], [ 140.6151893, 37.85708617 ], [ 140.61494452, 37.85670725 ], [ 140.61447188, 37.85672826 ], [ 140.61392237000001, 37.85675838 ], [ 140.61268906000001, 37.85681385 ], [ 140.6126736, 37.85663571 ], [ 140.61267528, 37.85655911 ], [ 140.6122433, 37.85656197 ], [ 140.61181165, 37.85658834 ], [ 140.61177316000001, 37.85659155 ], [ 140.61178088, 37.85685336 ], [ 140.61110778, 37.85693384 ], [ 140.61092296000001, 37.8569611 ], [ 140.61054439, 37.85704526 ], [ 140.61051405000001, 37.85705672 ], [ 140.6102072, 37.85717293 ], [ 140.61013858000001, 37.85719886 ], [ 140.61022433, 37.85708792 ], [ 140.61030464000001, 37.85693196 ], [ 140.61033565, 37.8568156 ], [ 140.61034845, 37.85661475 ], [ 140.61036161000001, 37.85644741 ], [ 140.61038368000001, 37.85642755 ], [ 140.61055354000001, 37.85640377 ], [ 140.61073682, 37.85636525 ], [ 140.61083802, 37.85631333 ], [ 140.61098589, 37.85620803 ], [ 140.61112355, 37.85607718 ], [ 140.61116306, 37.85606115 ], [ 140.61122272, 37.85606075 ], [ 140.61143614, 37.85605934 ], [ 140.61190442, 37.85605555 ], [ 140.61191584, 37.85602759 ], [ 140.61191785, 37.85599055 ], [ 140.61193113, 37.85591979 ], [ 140.61193234000001, 37.85581574 ], [ 140.61161547, 37.85586528 ], [ 140.61073849, 37.85600848 ], [ 140.61051309000001, 37.85596731 ], [ 140.61049739000001, 37.85588463 ], [ 140.61048461, 37.85581784 ], [ 140.610432, 37.85549127 ], [ 140.61048277, 37.85542223 ], [ 140.61055217000001, 37.8552258 ], [ 140.61061971000001, 37.85496166 ], [ 140.61066835, 37.85469004 ], [ 140.61070736, 37.85449943 ], [ 140.61071544000001, 37.85404337 ], [ 140.61070831000001, 37.85358458 ], [ 140.61085727, 37.85349068 ], [ 140.61083757, 37.85339803 ], [ 140.61084407000001, 37.8533497 ], [ 140.61089767000001, 37.85333076 ], [ 140.61098535, 37.85331061 ], [ 140.61111393, 37.85328752 ], [ 140.61116521, 37.85325931 ], [ 140.611282, 37.85323066 ], [ 140.61146885, 37.85317748 ], [ 140.6116231, 37.85313929 ], [ 140.61229521000001, 37.85311993 ], [ 140.61207861, 37.85290131 ], [ 140.61153687000001, 37.85240142 ], [ 140.61148805, 37.85235965 ], [ 140.61093245000001, 37.85188322 ], [ 140.61047051, 37.85149008 ], [ 140.61006189, 37.85117783 ], [ 140.60931477, 37.85059467 ], [ 140.60918472, 37.85049303 ], [ 140.60906916, 37.85040255 ], [ 140.60811752000001, 37.85059169 ], [ 140.60798649, 37.85064365 ], [ 140.60782656000001, 37.85073284 ], [ 140.60775027, 37.8507125 ], [ 140.60765925000001, 37.85067593 ], [ 140.60753263000001, 37.85058862 ], [ 140.6074884, 37.85056104 ], [ 140.60708886, 37.849996 ], [ 140.60690941, 37.85007756 ], [ 140.60640682, 37.85018433 ], [ 140.60631039, 37.85021664 ], [ 140.6060756, 37.84946946 ], [ 140.60617721, 37.84933871 ], [ 140.60619185, 37.84927807 ], [ 140.60615973, 37.84912708 ], [ 140.60602215, 37.84873771 ], [ 140.60589175000001, 37.84848303 ], [ 140.60636262, 37.84828031 ], [ 140.60601845, 37.84800844 ], [ 140.60572613, 37.84777102 ], [ 140.6051228, 37.8472991 ], [ 140.60444654, 37.84677148 ], [ 140.6036004, 37.84693652 ], [ 140.60376156000001, 37.84744357 ], [ 140.60303583000001, 37.84760402 ], [ 140.60319632, 37.84804702 ], [ 140.60337346, 37.84842585 ], [ 140.60365864, 37.8489252 ], [ 140.60449324000001, 37.85034355 ], [ 140.60488444000001, 37.85021273 ], [ 140.60509581, 37.8506378 ], [ 140.60426701, 37.85090297 ], [ 140.60385575000001, 37.85013892 ], [ 140.60370822, 37.84986718 ], [ 140.60330128000001, 37.84920207 ], [ 140.60302245, 37.84872507 ], [ 140.60286554000001, 37.84845592 ], [ 140.60272538000001, 37.8481409 ], [ 140.60253413000001, 37.84771021 ], [ 140.60224168, 37.84701549 ], [ 140.60206602, 37.84647812 ], [ 140.60055516, 37.84680585 ], [ 140.60058403, 37.8481523 ], [ 140.60054925, 37.85166576 ], [ 140.60008869000001, 37.85153824 ], [ 140.59801366, 37.85101768 ], [ 140.59775431, 37.85166698 ], [ 140.59736479, 37.85264178 ], [ 140.59595976, 37.85251852 ], [ 140.59583987, 37.85353043 ], [ 140.59694193000001, 37.85362918 ], [ 140.59690494, 37.85374444 ], [ 140.59611194, 37.85566931 ], [ 140.59653721000001, 37.85579876 ], [ 140.59698672, 37.85591989 ], [ 140.59823985, 37.85613212 ], [ 140.59916413, 37.85627537 ], [ 140.59976006, 37.85633726 ], [ 140.60022102, 37.85634666 ], [ 140.60044042000001, 37.85633102 ], [ 140.60070887000001, 37.85631182 ], [ 140.60118091000001, 37.8562592 ], [ 140.6020905, 37.85613306 ], [ 140.6019143, 37.85550334 ], [ 140.60266198, 37.85526083 ], [ 140.60275467, 37.85545732 ], [ 140.60294418000001, 37.85540287 ], [ 140.6030597, 37.85567694 ], [ 140.60319382, 37.85592174 ], [ 140.60412003, 37.85568735 ], [ 140.60438682, 37.85561085 ], [ 140.60444764, 37.85555189 ], [ 140.60451969, 37.85571008 ], [ 140.60463658, 37.85588502 ], [ 140.60495163, 37.85623874 ], [ 140.60536653, 37.8565987 ], [ 140.60565437, 37.85687981 ], [ 140.60549824, 37.85696854 ], [ 140.60528875, 37.85712505 ], [ 140.60518326, 37.85725132 ], [ 140.6051277, 37.85735573 ], [ 140.60509288, 37.85747225 ], [ 140.60500141, 37.85783622 ], [ 140.60493384, 37.85814174 ], [ 140.60491601000001, 37.85840739 ], [ 140.60491603, 37.8586563 ], [ 140.60492763, 37.85878082 ], [ 140.60503411, 37.85924247 ], [ 140.60506855, 37.85933601 ], [ 140.60519027000001, 37.8596496 ], [ 140.60528604000001, 37.85982566 ], [ 140.60542509000001, 37.86007381 ], [ 140.60555053, 37.86025052 ], [ 140.60577142, 37.86057261 ], [ 140.60556637, 37.8606535 ], [ 140.60642548000001, 37.86156244 ], [ 140.60675758, 37.86193066 ], [ 140.60701496, 37.86216577 ], [ 140.60723035000001, 37.86233372 ], [ 140.6074754, 37.86249444 ], [ 140.60764647, 37.86260975 ], [ 140.60776559000001, 37.86267429 ], [ 140.60784832, 37.86270627 ], [ 140.60793846000001, 37.86270779 ], [ 140.60797569, 37.86288816 ], [ 140.60823507000001, 37.86430215 ], [ 140.60823985, 37.8643176 ] ] ] } },
{ "type": "Feature", "properties": { "DIDid": 730101, "行政コード": "07301", "市町村名称": "桑折町", "DID符号": 1, "人口": 5052, "面積": 1.18, "前回人口": 5120, "前回面積": 1.17, "人口割合": 41.2, "面積割合": 2.7, "調査年度": 2015 }, "geometry": { "type": "Polygon", "coordinates": [ [ [ 140.52269477, 37.85824091 ], [ 140.52282531, 37.85796225 ], [ 140.52268149, 37.85798252 ], [ 140.52267389, 37.85774774 ], [ 140.52265486, 37.8577501 ], [ 140.522621, 37.85761234 ], [ 140.5224456, 37.85759731 ], [ 140.52247885, 37.85737299 ], [ 140.52256018, 37.85735534 ], [ 140.52254024000001, 37.85725424 ], [ 140.52307846, 37.85729431 ], [ 140.52278931000001, 37.85657633 ], [ 140.52194321, 37.85674711 ], [ 140.52193871, 37.85673067 ], [ 140.5217027, 37.85586427 ], [ 140.521721, 37.85586135 ], [ 140.52194414, 37.85582626 ], [ 140.52185119000001, 37.85547358 ], [ 140.52193809, 37.8554666 ], [ 140.52196239, 37.85501089 ], [ 140.52215493, 37.85497528 ], [ 140.52211541, 37.85481614 ], [ 140.52240837, 37.85476699 ], [ 140.52243028000001, 37.85476531 ], [ 140.52241152, 37.85466674 ], [ 140.52237392000001, 37.85442369 ], [ 140.52223425, 37.85342496 ], [ 140.52176982, 37.85344062 ], [ 140.52157469, 37.85320257 ], [ 140.52117292, 37.85323518 ], [ 140.52039975, 37.85326914 ], [ 140.52029513, 37.85200976 ], [ 140.51910515, 37.85206822 ], [ 140.51910093000001, 37.852014 ], [ 140.51904482, 37.8512343 ], [ 140.51901207, 37.85077915 ], [ 140.51901497, 37.85065089 ], [ 140.51910221, 37.85039401 ], [ 140.51920149, 37.84996701 ], [ 140.51907633, 37.84994395 ], [ 140.51910219000001, 37.84977894 ], [ 140.5193679, 37.84980935 ], [ 140.52015713, 37.84988374 ], [ 140.52066007, 37.85000709 ], [ 140.5212171, 37.85016644 ], [ 140.52169596, 37.85026783 ], [ 140.52168173000001, 37.85002168 ], [ 140.52154047, 37.84982344 ], [ 140.52141799, 37.84968858 ], [ 140.52115273000001, 37.84927722 ], [ 140.52104322, 37.84919494 ], [ 140.52082892000001, 37.84909003 ], [ 140.5205225, 37.84897244 ], [ 140.52033802, 37.84892368 ], [ 140.52032932, 37.84889064 ], [ 140.52070828000001, 37.84803431 ], [ 140.52038651000001, 37.84795988 ], [ 140.52015133, 37.8477139 ], [ 140.51992651, 37.84764186 ], [ 140.52000833, 37.84742824 ], [ 140.51959867, 37.84738163 ], [ 140.51848418, 37.84725142 ], [ 140.51855326, 37.84657765 ], [ 140.51905949, 37.84665566 ], [ 140.51927231, 37.84604681 ], [ 140.51926877, 37.8458372 ], [ 140.51941756, 37.84583887 ], [ 140.51942587, 37.84570579 ], [ 140.51956820000001, 37.84569482 ], [ 140.51960587, 37.84529563 ], [ 140.51946287000001, 37.84515258 ], [ 140.51967377, 37.84495989 ], [ 140.51978555, 37.84472329 ], [ 140.51989573, 37.84434239 ], [ 140.51953795, 37.84432758 ], [ 140.519538, 37.8440936 ], [ 140.51944109, 37.84400984 ], [ 140.51945746000001, 37.8439226 ], [ 140.51952192, 37.84384338 ], [ 140.51952488000001, 37.84378888 ], [ 140.51880308, 37.84374719 ], [ 140.51826285000001, 37.84367064 ], [ 140.51824015, 37.84370231 ], [ 140.51771253000001, 37.84363569 ], [ 140.51742356, 37.84359428 ], [ 140.51720984, 37.84354907 ], [ 140.51685736, 37.84342511 ], [ 140.51688110000001, 37.84327574 ], [ 140.51687603, 37.84318286 ], [ 140.51687081, 37.84307012 ], [ 140.51692039, 37.84300352 ], [ 140.51695312000001, 37.84292365 ], [ 140.51699392, 37.84281403 ], [ 140.51707227, 37.84269095 ], [ 140.51711331000001, 37.84260765 ], [ 140.51712106, 37.84253806 ], [ 140.51708689, 37.84246195 ], [ 140.51746043, 37.84252117 ], [ 140.51790415, 37.84259152 ], [ 140.51866176, 37.84271157 ], [ 140.51871116000001, 37.84265849 ], [ 140.51875222000001, 37.84264473 ], [ 140.51907522, 37.84268087 ], [ 140.51909523, 37.84261824 ], [ 140.51910820000001, 37.8425337 ], [ 140.51915261, 37.84251176 ], [ 140.51925569, 37.84252467 ], [ 140.51931757, 37.84253516 ], [ 140.5193755, 37.84248864 ], [ 140.51935041, 37.84237166 ], [ 140.51938431, 37.84232796 ], [ 140.51951072, 37.8422619 ], [ 140.51960036, 37.84193476 ], [ 140.51994992, 37.84169185 ], [ 140.52025395000001, 37.84153493 ], [ 140.52041805, 37.84146584 ], [ 140.52059622, 37.84142932 ], [ 140.52089126000001, 37.84141409 ], [ 140.52099091, 37.84142435 ], [ 140.52106331, 37.8414594 ], [ 140.52076904, 37.83989463 ], [ 140.52069697, 37.83952747 ], [ 140.52049771, 37.83950413 ], [ 140.51972725, 37.8393318 ], [ 140.51934508, 37.83920605 ], [ 140.5192898, 37.83916555 ], [ 140.51922386000001, 37.83908976 ], [ 140.51915652, 37.83904511 ], [ 140.51908762, 37.83901834 ], [ 140.51885732, 37.8389842 ], [ 140.51863616, 37.83900604 ], [ 140.51853659, 37.83900394 ], [ 140.51835124, 37.8390022 ], [ 140.51817631, 37.83901406 ], [ 140.51800827, 37.83903151 ], [ 140.51784739, 37.83907862 ], [ 140.51773795, 37.8391229 ], [ 140.51759459, 37.83920806 ], [ 140.51747564, 37.83933672 ], [ 140.51736719, 37.839487 ], [ 140.51721381, 37.83960221 ], [ 140.5170092, 37.83975037 ], [ 140.51677652000001, 37.83982802 ], [ 140.51653032, 37.8399273 ], [ 140.51634236000001, 37.8400182 ], [ 140.5162224, 37.84003255 ], [ 140.51597867000001, 37.84003397 ], [ 140.51558766, 37.84006072 ], [ 140.51544347000001, 37.84006156 ], [ 140.51530977, 37.8400788 ], [ 140.51500150000001, 37.84015126 ], [ 140.51492709, 37.84028304 ], [ 140.51482812, 37.84038934 ], [ 140.51472018000001, 37.84043178 ], [ 140.51454558, 37.84047038 ], [ 140.51444847, 37.84047966 ], [ 140.51428189000001, 37.84048288 ], [ 140.51399273000001, 37.8404471 ], [ 140.5138089, 37.84038861 ], [ 140.51352757000001, 37.84029774 ], [ 140.51324876000001, 37.84017602 ], [ 140.51302822, 37.84004961 ], [ 140.51271472, 37.83980392 ], [ 140.51256351000001, 37.84047055 ], [ 140.51256462000001, 37.84059147 ], [ 140.51267932, 37.84154152 ], [ 140.51340925, 37.84186294 ], [ 140.51323051, 37.84244118 ], [ 140.51312163, 37.8428795 ], [ 140.5131007, 37.8431036 ], [ 140.51314411000001, 37.84327905 ], [ 140.512806, 37.84335068 ], [ 140.5128571, 37.84344992 ], [ 140.51155596000001, 37.84306675 ], [ 140.51140746, 37.84302311 ], [ 140.51132132000001, 37.84332953 ], [ 140.51128627, 37.84353457 ], [ 140.51127335000001, 37.8436743 ], [ 140.51128281000001, 37.84379644 ], [ 140.51130744, 37.8438498 ], [ 140.51134654000001, 37.84397008 ], [ 140.51132849000001, 37.84407324 ], [ 140.5112979, 37.84418872 ], [ 140.51119469, 37.84432742 ], [ 140.51108329, 37.84443477 ], [ 140.51106897, 37.84460055 ], [ 140.51102715, 37.84486659 ], [ 140.5109712, 37.84486367 ], [ 140.51067852, 37.84487197 ], [ 140.51049017, 37.84485982 ], [ 140.51032235, 37.84480109 ], [ 140.51013701, 37.84465616 ], [ 140.51000575, 37.84448446 ], [ 140.50994582000001, 37.8443322 ], [ 140.50994062000001, 37.8442196 ], [ 140.51000346000001, 37.84400525 ], [ 140.51040651, 37.84325341 ], [ 140.5104628, 37.84300771 ], [ 140.51054024000001, 37.8427882 ], [ 140.51010887000001, 37.84264638 ], [ 140.50982981000001, 37.8425759 ], [ 140.50888367, 37.84226583 ], [ 140.50829691000001, 37.84210687 ], [ 140.5075915, 37.84264827 ], [ 140.50812041, 37.84332452 ], [ 140.50887443, 37.8442771 ], [ 140.5090966, 37.84455781 ], [ 140.51025262, 37.84604276 ], [ 140.51092299000001, 37.84690359 ], [ 140.51094843000001, 37.84694329 ], [ 140.51120908, 37.8472791 ], [ 140.51150884, 37.84766509 ], [ 140.5122161, 37.8485761 ], [ 140.51255639, 37.84900916 ], [ 140.51256398000001, 37.84901883 ], [ 140.51257795000001, 37.84903677 ], [ 140.51350782, 37.85020229 ], [ 140.51441254, 37.85143468 ], [ 140.51552022000001, 37.85286199 ], [ 140.51639657000001, 37.85405751 ], [ 140.51674309000001, 37.85395878 ], [ 140.51717350000001, 37.85378608 ], [ 140.51733639, 37.85406741 ], [ 140.51758810000001, 37.85396472 ], [ 140.51767834, 37.85403093 ], [ 140.51784567000001, 37.85420228 ], [ 140.5180857, 37.85430436 ], [ 140.51804581, 37.85439708 ], [ 140.51782527, 37.85478931 ], [ 140.51809257, 37.85489771 ], [ 140.51813363, 37.85493196 ], [ 140.51813973, 37.85500513 ], [ 140.51813089000001, 37.8552248 ], [ 140.51777053000001, 37.85533037 ], [ 140.51757859, 37.85541778 ], [ 140.518051, 37.85603715 ], [ 140.51898201, 37.85719741 ], [ 140.51915948000001, 37.85741684 ], [ 140.51952463000001, 37.85790351 ], [ 140.51960352, 37.85800385 ], [ 140.5197495, 37.85808254 ], [ 140.51983653, 37.85809499 ], [ 140.52004221000001, 37.85802452 ], [ 140.52076142000001, 37.85777833 ], [ 140.52062079000001, 37.8576157 ], [ 140.52092208, 37.8575254 ], [ 140.5208492, 37.85699156 ], [ 140.52131194, 37.8570836 ], [ 140.52127705000001, 37.85727457 ], [ 140.52170708, 37.85735596 ], [ 140.52164042000001, 37.85778292 ], [ 140.52148005000001, 37.85777949 ], [ 140.52139437, 37.85820444 ], [ 140.52215090000001, 37.85819017 ], [ 140.52243856000001, 37.85815203 ], [ 140.52269477, 37.85824091 ] ] ] } }
]
}
